STA_AWAL,STA_AKHIR,Panjang,Nm_Ruas,Kondisi,Tipe_Perke,Lebar_STA,No
0+100,0+200,286.45102056000,Jl. Baru Mberan,baik,aspal,5,199
0+300,0+400,400.34698249800,Jl. Tani Jaya,baik,aspal,5,487
0+100,0+200,259.44289831100,Jl. Kontak Tani,baik,aspal,5,360
0+600,0+700,763.47946531900,Jl. Tani Unggul,baik,aspal,5,502
0+200,0+300,348.56307107900,Jl. Tani Maju,baik,aspal,5,492
0+400,0+500,578.92875549800,Jl. Tani Murni,baik,aspal,5,496
0+000,0+100,154.12005938600,Jl. Cempaka Gg 4,baik,aspal,5,222
0+000,0+100,119.96597349300,Jl. Gang Anggrek V,baik,aspal,5,248
0+000,0+100,106.00000000000,GG. Anggrek III,baik,aspal,5,1
0+000,0+100,128.72291513100,"Jl.Gg pisang (RT.3,4 RW.1)",baik,makadam,5,549
0+000,0+100,170.07529703700,Jl. Pisang,baik,makadam,5,437
0+000,0+100,171.99455906400,Jl. Pepaya,baik,makadam,5,433
0+200,0+300,343.94479559300,Jl. Bali,baik,makadam,5,193
0+000,0+100,127.55305972100,Jl.Gg. Kertorejan,baik,makadam,5,551
0+000,0+096,96.77506517730,Jl.Gg. Timur Kecamatan,baik,makadam,5,553
0+100,0+200,230.62570930300,Jl. Patimura,baik,makadam,5,412
0+200,0+300,392.04071632200,Jl. Sawung Galing,baik,lapen,5,465
0+100,0+200,224.73984898300,Jl. Gang Buntu,baik,lapen,5,258
0+400,0+500,560.27146413100,Jl. Diponegoro 2,baik,lapen,5,224
0+000,0+100,140.91921476300,Jl. Mawar 1,baik,lapen,5,392
0+200,0+300,301.03466681600,Jl. Mawar 2,baik,lapen,5,394
0+200,0+300,322.08050603000,Jl. Sultan Agung,baik,lapen,5,483
0+600,0+700,706.55355581300,Jalan Mojopurno - Pilangrejo,baik,lapen,5,96
2+600,2+700,2755.36335330000,Jalan Pacing,sedang,lapen,5,113
0+400,0+500,587.05764979500,Jalan Nusa Indah,sedang,tanah,5,107
0+300,0+400,417.67073239800,Jalan Teratai,sedang,tanah,5,162
0+600,0+700,744.54767511700,Jalan Seroja,sedang,tanah,5,143
1+000,1+100,1158.61756835000,Jalan Kenongo,sedang,tanah,5,41
0+300,0+400,428.00000000000,Jalan Kantil,sedang,tanah,5,17
0+200,0+300,368.41040178600,Jalan Mawar,sedang,tanah,5,62
0+200,0+300,343.93457693900,Jalan Melati,sedang,tanah,5,80
0+300,0+400,450.00000000000,Jalan Anthorium,sedang,beton,5,5
0+000,0+100,190.67689615600,Jalan Sruni,sedang,beton,5,156
0+000,0+100,117.52556401100,Jalan Sruni 1,sedang,beton,5,158
0+000,0+100,104.65387142400,Jalan Sedap Malam,sedang,beton,5,141
0+000,0+100,102.49287957200,Jalan Telasih,sedang,beton,5,160
0+000,0+100,240.00000000000,Jalan Anggrek-Mayang Kembar IV,sedang,beton,5,3
0+000,0+100,140.51946476500,Jalan Mayang Kembar,sedang,beton,5,66
0+100,0+200,205.28154719200,Jalan Mayang Kembar I,sedang,beton,5,68
0+100,0+200,208.39409233900,Jalan Mayang Kembar II,sedang,beton,5,71
0+100,0+200,210.84968965700,Jalan Mayang Kembar III,sedang,aspal,5,74
0+100,0+200,202.25105169600,Jalan Mayang Kembar IV,sedang,aspal,5,77
0+100,0+200,261.75094781100,Jalan Wijaya Kusuma,sedang,aspal,5,167
0+100,0+200,267.32192815600,Jalan Wijaya Kusuma I,sedang,aspal,5,170
0+000,0+100,180.06427326300,Jalan Wijaya Kusuma II,sedang,aspal,5,173
0+300,0+400,453.97758610300,Jalan Menur,RR,aspal,5,84
0+100,0+200,262.48882759800,Jalan Menur Gg. 1,RR,aspal,5,89
0+000,0+100,136.06885037100,Jalan Menur Gg. 2,RR,aspal,5,92
0+000,0+089,89.91745507840,Jalan Menur Gg. 3,RR,aspal,5,94
0+000,0+092,92.32386229840,Jalan Menur Gg. 4,RR,makadam,5,95
0+100,0+200,249.70623891300,Jalan Munggut Asri,RR,makadam,5,104
0+100,0+200,215.08135450300,Jalan M Sholeh,RR,makadam,5,59
0+300,0+400,416.00000000000,Jalan Cempaka,RR,makadam,5,10
0+000,0+100,143.90603246200,Jalan Kantil I,RR,makadam,5,32
0+000,0+094,94.87636954640,Jalan Kantil  II,RR,makadam,5,22
0+100,0+200,206.00000000000,Jalan Kantil  III,RR,makadam,5,23
0+200,0+300,303.67359400400,Jalan Kantil  IV,RR,lapen,5,26
0+000,0+065,65.69045217980,Jalan Kantil V,RR,lapen,5,34
0+000,0+100,153.49717392500,Jalan Kantil  VI,RR,lapen,5,30
0+000,0+100,194.00000000000,Jalan Joharmanik,RR,lapen,5,15
0+200,0+300,350.85962043300,Jalan Kenongo 2,RR,lapen,5,53
0+000,0+100,118.11785882400,Jalan Kenongo 3,RR,lapen,5,57
0+200,0+300,364.51156824900,Jalan Sri Rejeki,RR,lapen,5,151
0+000,0+082,82.99055031100,Jalan Sri Rejeki I,RR,lapen,5,155
0+000,0+100,117.02696500500,Jl. Kresno,RR,tanah,5,363
0+000,0+100,106.43465180600,Jl. Sri Dewi,RR,tanah,5,473
0+200,0+300,341.84641018800,Jl. Wijaya,RR,tanah,5,514
0+200,0+300,347.25600437600,Jl. Gatot Kaca,RR,tanah,5,289
0+100,0+200,238.54428715500,Jl. Abiyoso,RR,tanah,5,184
0+700,0+800,801.09230616000,Jl. Baudayang,RR,tanah,5,202
0+100,0+200,220.46953534900,Jl. Remaja,RR,tanah,5,455
0+200,0+300,398.53131854900,Jl. Pemuda,RR,beton,5,415
0+100,0+200,231.27761602000,Jl. Lapangan,RR,beton,5,371
0+000,0+100,173.30814607000,Jl. H.Seto,RR,beton,5,323
0+000,0+100,146.98523460100,Jl. Pemuda Gang VII,RR,beton,5,430
0+000,0+100,102.59598028500,Jl. Pemuda Gang VI,RR,beton,5,428
0+000,0+100,100.83266073900,Jl. Pemuda Gang V,RR,beton,5,427
0+000,0+100,102.56190011100,Jl. Pemuda Gang IV,RR,beton,5,425
0+000,0+100,103.05491504300,Jl. Pemuda Gang III,RR,beton,5,423
0+000,0+100,102.23715400500,Jl. Pemuda Gang II,RR,beton,5,421
0+000,0+100,102.48531581500,Jl. Pemuda Gang I,RR,aspal,5,419
0+000,0+052,52.44597340190,Jl. Pemuda Gang VIII,RR,aspal,5,432
0+000,0+100,188.60183790000,Jl. Baru,RR,aspal,5,197
0+400,0+500,509.88596253200,JALAN KASATRIAN,RR,aspal,5,35
0+500,0+600,607.41213701200,Jl. Ki. Ageng Basyariyah,RR,aspal,5,347
0+500,0+600,687.89343412500,Jl. Masjid,RR,aspal,5,376
0+000,0+037,37.95300377980,Jl. Ki. Ageng Basyariyah Gang 1,RR,aspal,5,354
0+000,0+044,44.42001982480,Jl. Ki. Ageng Basyariyah Gang 2,RR,aspal,5,355
0+000,0+040,40.17851593580,Jl. Ki. Ageng Basyariyah Gang 3,RR,aspal,5,356
0+000,0+053,53.20546031260,Jl. Ki. Ageng Basyariyah Gang 4,RR,makadam,5,357
0+000,0+024,24.11765947120,Jl. Ki. Ageng Basyariyah Gang 5,RR,makadam,5,358
0+000,0+100,191.59929040600,Jl. Kebon Pisang,RR,makadam,5,341
0+000,0+095,95.87961700280,Jl. Wiroto II,RR,makadam,5,519
0+000,0+054,54.63744040560,Jl. Wiroto,RR,makadam,5,518
0+000,0+051,51.57763578450,Jl. Gang Buntu,RR,makadam,5,261
0+000,0+074,74.34236721250,Jl. Puntuk I,RR,makadam,5,446
0+000,0+077,77.89626966720,Jl. Puntuk II,RR,lapen,5,447
0+000,0+100,109.13151624800,Jl. K.A.Moch Basari,RR,lapen,5,328
0+200,0+300,311.56354139100,Jl. Rajawali,RR,lapen,5,448
0+100,0+200,260.32911066300,Jl. Gang Tangah,RR,lapen,5,285
0+000,0+100,197.00801466500,Jl. Iromito,RR,lapen,5,325
0+000,0+100,112.03293487600,Jl. Gang Rukun,RR,lapen,5,273
0+000,0+100,125.11623571900,Jl. Panji 1,RR,lapen,5,406
0+000,0+100,115.64590177500,Jl. Panji 2,RR,lapen,5,408
0+000,0+100,170.99832613800,Jl. Panji 3,RR,tanah,5,410
0+000,0+100,142.13503935400,Jl. Rukun,RR,tanah,5,461
0+000,0+100,118.93223057700,Jl. Arjuno,RR,tanah,5,190
0+000,0+100,136.21529604600,Jl. Rajawali Gg.1,RR,tanah,5,452
0+000,0+051,51.80976690010,Jl. Remaja Gang 1,RR,tanah,5,458
0+000,0+073,73.11720601270,Jl. Arjuno Gg.1,RR,tanah,5,192
0+000,0+052,52.28227242470,Jl. Remaja Gang 2,RR,tanah,5,459
0+000,0+062,62.43509561260,Jl. Remaja Gang 3,RR,beton,5,460
0+000,0+100,131.77265048400,Jl. Gg. Kelurahan,RR,beton,5,318
0+000,0+079,79.57557884910,Jl. Gg. Nanas,RR,beton,5,321
0+000,0+075,75.81176708700,Jl. Gg. Mlinjo,RR,beton,5,320
0+000,0+100,128.68915564200,Jl. Gg. Kelapa,RR,beton,5,316
0+000,0+031,31.98306335400,Jl. Gg Borobudur,RR,beton,5,305
0+000,0+100,110.11086061300,Jl. Gg. Jeruk,RR,beton,5,314
0+000,0+100,106.75507100000,Jl. Gg Trobanyu,RR,beton,5,306
0+000,0+100,103.71499825800,Jl. Gg. Jambe,RR,beton,5,311
0+000,0+100,124.53164984400,Jl. GG. Duren,RR,aspal,5,309
0+000,0+096,96.64691923470,Jl. GG. Jambu,RR,aspal,5,313
0+000,0+024,24.09779999730,Jl. Gg. Apel,RR,aspal,5,308
0+000,0+086,86.76780498570,Jl. Gg. Salak,RR,aspal,5,322
0+300,0+400,439.15696261400,Jl. Bekas Rel,RR,aspal,5,211
0+200,0+300,333.29069857300,Jl. Kanal Kembar (RT.11 RW.5),RR,aspal,5,332
0+100,0+200,213.46466528600,Jl. Sukodono (RT.11 RW.5),RR,aspal,5,480
1+400,1+500,1500.52775078000,Jl.Antarejo,RR,aspal,5,520
1+000,1+100,1138.85027180000,Jl. Gatot Kaca,RR,aspal,5,293
0+700,0+800,806.84988536900,Jl. Abimanyu,RR,makadam,5,175
0+900,1+000,1085.94315009000,Jl.Sentiaki,RR,makadam,5,554
0+000,0+100,138.72230442400,Jl. Werkudoro,RR,makadam,5,512
0+400,0+500,506.54240706400,Jl. Krisna,RR,makadam,5,365
0+000,0+098,98.95963803950,Jl. Gang Bayusuto 1,RR,makadam,5,251
0+000,0+100,130.87169661800,Jl. Gang Bayusuto 2,RR,makadam,5,252
0+000,0+100,135.52926666300,Jl. Gang Bayusuto 3,RR,makadam,5,254
0+000,0+100,143.90000708900,Jl. Gang Bayusuto 4,RR,lapen,5,256
0+100,0+200,206.79818336300,Jl.Gang Asem 1,RR,lapen,5,540
0+000,0+098,98.81405512740,Jl. Gang Asem 2,RR,lapen,5,250
0+000,0+100,148.35298987000,Jl. Selo Barong,RR,lapen,5,469
0+400,0+500,567.71375178000,Jl. Puntodewo,RR,lapen,5,440
0+300,0+400,432.01950779800,Jl. Srikandi,RR,lapen,5,475
0+200,0+300,328.17731869900,Jl. Bendungan Segaran,RR,lapen,5,216
0+000,0+100,123.46328740300,Jl. Bendungan Segaran Barat,RR,lapen,5,220
0+700,0+800,831.38163716300,Jl. Mawar,RR,tanah,5,383
0+000,0+100,118.53146244200,Jl. Kamboja,RR,tanah,5,330
0+200,0+300,389.54491273700,Jl. Ki Ageng Bandar Alim,RR,tanah,5,343
0+400,0+500,502.42341231700,Jl. Melati,RR,tanah,5,398
0+000,0+100,108.40731715800,Jl. Gang Kantil 2,RR,tanah,5,265
0+000,0+051,51.34249030920,Jl. Gang Kantil 3,RR,tanah,5,267
0+300,0+400,425.14209296500,Jl. Kantil,RR,tanah,5,336
0+000,0+064,64.33732617110,Jl. Gang Kasepuhan,RR,beton,5,268
0+000,0+100,198.01287640800,Jl.Gang Gatot Kaca 1,RR,beton,5,543
0+000,0+100,117.68787286100,Jl.Gang Gatot Kaca 2,RR,beton,5,545
0+000,0+100,102.35326719900,Jl.Gang Gatot Kaca 3,RR,beton,5,547
0+000,0+100,126.59416612100,Jl. Gang Cemer 1,RR,beton,5,262
0+000,0+061,61.21934649020,Jl. Gang Cemer 2,RR,beton,5,264
0+000,0+100,198.57722979100,Jl. Gang Abimanyu,RR,beton,5,246
0+000,0+100,133.65194156400,Jl. Petruk,RR,beton,5,435
0+000,0+100,107.69046695100,Jl. Semar,RR,beton,5,471
0+000,0+034,34.27336270670,Jl. Gareng,RR,aspal,5,288
0+000,0+100,195.13213763500,Jl. Gang Sentiaki 2,RB,aspal,5,283
0+200,0+300,399.89229234000,Jl. Gang Sentiaki 1,RB,aspal,5,279
1+200,1+300,1350.30544222000,Jl. Dungus Termulus,RB,aspal,5,230
0+000,0+100,159.93522934400,Jl. Tomat,RB,aspal,5,510
0+200,0+300,329.91722255700,Jl.Chery,RB,aspal,5,536
0+000,0+100,165.95358359100,Jl. Manggis,RB,aspal,5,374
0+000,0+100,103.35599802900,Jl. Gang Mangga,RB,aspal,5,269
0+000,0+097,97.02924411100,Jl. Rambutan,RB,aspal,5,454
0+000,0+098,98.67663945790,Jl. Jambu,RB,makadam,5,327
0+000,0+100,194.23642249000,Jl. Nangka,RB,makadam,5,404
0+000,0+100,106.36471350200,Jl. Durian,RB,makadam,5,244
0+000,0+050,50.59782491660,Jl. Kiwi,RB,makadam,5,359
0+000,0+100,186.74829802700,Jl. Gang Masjid,RB,makadam,5,271
0+000,0+100,165.91978938100,Jl. Arimbi 1,RB,makadam,5,187
0+000,0+056,56.95132012110,Jl. Arimbi 2,RB,makadam,5,189
0+000,0+100,174.83712768300,Jl. Sadewo,RB,lapen,5,463
0+100,0+200,204.27965605500,Jl. Gang Sadewo 1,RB,lapen,5,275
0+000,0+076,76.73030413160,Jl. Gang Sadewo 2,RB,lapen,5,278
0+000,0+091,91.30306689380,Jl. Pisang,RB,lapen,5,439
0+100,0+106,106.00000000000,GG. Anggrek III,RB,lapen,5,2
0+100,0+140,240.00000000000,Jalan Anggrek-Mayang Kembar IV,RB,lapen,5,4
0+000,0+100,450.00000000000,Jalan Anthorium,RB,lapen,5,6
0+100,0+200,450.00000000000,Jalan Anthorium,RB,lapen,5,7
0+200,0+300,450.00000000000,Jalan Anthorium,RB,tanah,5,8
0+400,0+450,450.00000000000,Jalan Anthorium,RB,tanah,5,9
0+000,0+100,416.00000000000,Jalan Cempaka,RB,tanah,5,11
0+100,0+200,416.00000000000,Jalan Cempaka,RB,tanah,5,12
0+200,0+300,416.00000000000,Jalan Cempaka,RB,tanah,5,13
0+400,0+416,416.00000000000,Jalan Cempaka,RB,tanah,5,14
0+100,0+194,194.00000000000,Jalan Joharmanik,RB,tanah,5,16
0+000,0+100,428.00000000000,Jalan Kantil,RB,beton,5,18
0+100,0+200,428.00000000000,Jalan Kantil,RB,beton,5,19
0+200,0+300,428.00000000000,Jalan Kantil,RB,beton,5,20
0+400,0+428,428.00000000000,Jalan Kantil,RB,beton,5,21
0+000,0+100,206.00000000000,Jalan Kantil  III,RB,beton,5,24
0+200,0+206,206.00000000000,Jalan Kantil  III,RB,beton,5,25
0+000,0+100,303.67359400400,Jalan Kantil  IV,RB,beton,5,27
0+100,0+200,303.67359400400,Jalan Kantil  IV,RB,beton,5,28
0+300,0+303,303.67359400400,Jalan Kantil  IV,RB,beton,5,29
0+100,0+153,153.49717392500,Jalan Kantil  VI,RB,aspal,5,31
0+100,0+143,143.90603246200,Jalan Kantil I,RB,aspal,5,33
0+000,0+100,509.88596253200,JALAN KASATRIAN,RB,aspal,5,36
0+100,0+200,509.88596253200,JALAN KASATRIAN,RB,aspal,5,37
0+200,0+300,509.88596253200,JALAN KASATRIAN,RB,aspal,5,38
0+300,0+400,509.88596253200,JALAN KASATRIAN,RB,aspal,5,39
0+500,0+509,509.88596253200,JALAN KASATRIAN,RB,aspal,5,40
0+000,0+100,1158.61756835000,Jalan Kenongo,RB,aspal,5,42
0+100,0+200,1158.61756835000,Jalan Kenongo,RB,aspal,5,43
0+200,0+300,1158.61756835000,Jalan Kenongo,RB,makadam,5,44
0+300,0+400,1158.61756835000,Jalan Kenongo,RB,makadam,5,45
0+400,0+500,1158.61756835000,Jalan Kenongo,RB,makadam,5,46
0+500,0+600,1158.61756835000,Jalan Kenongo,RB,makadam,5,47
0+600,0+700,1158.61756835000,Jalan Kenongo,RB,makadam,5,48
0+700,0+800,1158.61756835000,Jalan Kenongo,RB,makadam,5,49
0+800,0+900,1158.61756835000,Jalan Kenongo,RB,makadam,5,50
0+900,1+000,1158.61756835000,Jalan Kenongo,RB,lapen,5,51
1+100,1+156,1158.61756835000,Jalan Kenongo,RB,lapen,5,52
0+000,0+100,350.85962043300,Jalan Kenongo 2,RB,lapen,5,54
0+100,0+200,350.85962043300,Jalan Kenongo 2,RB,lapen,5,55
0+300,0+350,350.85962043300,Jalan Kenongo 2,RB,lapen,5,56
0+100,0+118,118.11785882400,Jalan Kenongo 3,RB,lapen,5,58
0+000,0+100,215.08135450300,Jalan M Sholeh,RB,lapen,5,60
0+200,0+215,215.08135450300,Jalan M Sholeh,RB,lapen,5,61
0+000,0+100,368.41040178600,Jalan Mawar,RB,tanah,5,63
0+100,0+200,368.41040178600,Jalan Mawar,RB,tanah,5,64
0+300,0+368,368.41040178600,Jalan Mawar,RB,tanah,5,65
0+100,0+140,140.51946476500,Jalan Mayang Kembar,RB,tanah,5,67
0+000,0+100,205.28154719200,Jalan Mayang Kembar I,RB,tanah,5,69
0+200,0+205,205.28154719200,Jalan Mayang Kembar I,RB,tanah,5,70
0+000,0+100,208.39409233900,Jalan Mayang Kembar II,RB,tanah,5,72
0+200,0+208,208.39409233900,Jalan Mayang Kembar II,RB,beton,5,73
0+000,0+100,210.84968965700,Jalan Mayang Kembar III,RB,beton,5,75
0+200,0+210,210.84968965700,Jalan Mayang Kembar III,RB,beton,5,76
0+000,0+100,202.25105169600,Jalan Mayang Kembar IV,RB,beton,5,78
0+200,0+202,202.25105169600,Jalan Mayang Kembar IV,RB,beton,5,79
0+000,0+100,343.93457693900,Jalan Melati,RB,beton,5,81
0+100,0+200,343.93457693900,Jalan Melati,RB,beton,5,82
0+300,0+343,343.93457693900,Jalan Melati,RB,beton,5,83
0+000,0+100,453.97758610300,Jalan Menur,RB,beton,5,85
0+100,0+200,453.97758610300,Jalan Menur,RB,aspal,5,86
0+200,0+300,453.97758610300,Jalan Menur,RB,aspal,5,87
0+400,0+453,453.97758610300,Jalan Menur,RB,aspal,5,88
0+000,0+100,262.48882759800,Jalan Menur Gg. 1,RB,aspal,5,90
0+200,0+262,262.48882759800,Jalan Menur Gg. 1,RB,aspal,5,91
0+100,0+136,136.06885037100,Jalan Menur Gg. 2,RB,aspal,5,93
0+000,0+100,706.55355581300,Jalan Mojopurno - Pilangrejo,RB,aspal,5,97
0+100,0+200,706.55355581300,Jalan Mojopurno - Pilangrejo,RB,aspal,5,98
0+200,0+300,706.55355581300,Jalan Mojopurno - Pilangrejo,RB,aspal,5,99
0+300,0+400,706.55355581300,Jalan Mojopurno - Pilangrejo,RB,makadam,5,100
0+400,0+500,706.55355581300,Jalan Mojopurno - Pilangrejo,RB,makadam,5,101
0+500,0+600,706.55355581300,Jalan Mojopurno - Pilangrejo,RB,makadam,5,102
0+700,0+706,706.55355581300,Jalan Mojopurno - Pilangrejo,RB,makadam,5,103
0+000,0+100,249.70623891300,Jalan Munggut Asri,RB,makadam,5,105
0+200,0+249,249.70623891300,Jalan Munggut Asri,RB,makadam,5,106
0+000,0+100,587.05764979500,Jalan Nusa Indah,RB,makadam,5,108
0+100,0+200,587.05764979500,Jalan Nusa Indah,RB,lapen,5,109
0+200,0+300,587.05764979500,Jalan Nusa Indah,RB,lapen,5,110
0+300,0+400,587.05764979500,Jalan Nusa Indah,RB,lapen,5,111
0+500,0+587,587.05764979500,Jalan Nusa Indah,RB,lapen,5,112
0+000,0+100,2755.36335330000,Jalan Pacing,RB,lapen,5,114
0+100,0+200,2755.36335330000,Jalan Pacing,RB,lapen,5,115
0+200,0+300,2755.36335330000,Jalan Pacing,RB,lapen,5,116
0+300,0+400,2755.36335330000,Jalan Pacing,RB,lapen,5,117
0+400,0+500,2755.36335330000,Jalan Pacing,RB,tanah,5,118
0+500,0+600,2755.36335330000,Jalan Pacing,RB,tanah,5,119
0+600,0+700,2755.36335330000,Jalan Pacing,RB,tanah,5,120
0+700,0+800,2755.36335330000,Jalan Pacing,RB,tanah,5,121
0+800,0+900,2755.36335330000,Jalan Pacing,RB,tanah,5,122
0+900,1+000,2755.36335330000,Jalan Pacing,RB,tanah,5,123
1+000,1+100,2755.36335330000,Jalan Pacing,RB,tanah,5,124
1+100,1+200,2755.36335330000,Jalan Pacing,RB,beton,5,125
1+200,1+300,2755.36335330000,Jalan Pacing,RB,beton,5,126
1+300,1+400,2755.36335330000,Jalan Pacing,RB,beton,5,127
1+400,1+500,2755.36335330000,Jalan Pacing,RB,beton,5,128
1+500,1+600,2755.36335330000,Jalan Pacing,RB,beton,5,129
1+600,1+700,2755.36335330000,Jalan Pacing,RB,beton,5,130
1+700,1+800,2755.36335330000,Jalan Pacing,baik,beton,5,131
1+800,1+900,2755.36335330000,Jalan Pacing,baik,beton,5,132
1+900,2+000,2755.36335330000,Jalan Pacing,baik,beton,5,133
2+000,2+100,2755.36335330000,Jalan Pacing,baik,aspal,5,134
2+100,2+200,2755.36335330000,Jalan Pacing,baik,aspal,5,135
2+200,2+300,2755.36335330000,Jalan Pacing,baik,aspal,5,136
2+300,2+400,2755.36335330000,Jalan Pacing,baik,aspal,5,137
2+400,2+500,2755.36335330000,Jalan Pacing,baik,aspal,5,138
2+500,2+600,2755.36335330000,Jalan Pacing,baik,aspal,5,139
2+700,2+755,2755.36335330000,Jalan Pacing,baik,aspal,5,140
0+100,0+104,104.65387142400,Jalan Sedap Malam,baik,aspal,5,142
0+000,0+100,744.54767511700,Jalan Seroja,baik,aspal,5,144
0+100,0+200,744.54767511700,Jalan Seroja,baik,makadam,5,145
0+200,0+300,744.54767511700,Jalan Seroja,baik,makadam,5,146
0+300,0+400,744.54767511700,Jalan Seroja,baik,makadam,5,147
0+400,0+500,744.54767511700,Jalan Seroja,baik,makadam,5,148
0+500,0+600,744.54767511700,Jalan Seroja,baik,makadam,5,149
0+700,0+744,744.54767511700,Jalan Seroja,baik,makadam,5,150
0+000,0+100,364.51156824900,Jalan Sri Rejeki,baik,makadam,5,152
0+100,0+200,364.51156824900,Jalan Sri Rejeki,baik,lapen,5,153
0+300,0+364,364.51156824900,Jalan Sri Rejeki,baik,lapen,5,154
0+100,0+190,190.67689615600,Jalan Sruni,baik,lapen,5,157
0+100,0+117,117.52556401100,Jalan Sruni 1,baik,lapen,5,159
0+100,0+102,102.49287957200,Jalan Telasih,sedang,lapen,5,161
0+000,0+100,417.67073239800,Jalan Teratai,sedang,lapen,5,163
0+100,0+200,417.67073239800,Jalan Teratai,sedang,lapen,5,164
0+200,0+300,417.67073239800,Jalan Teratai,sedang,lapen,5,165
0+400,0+417,417.67073239800,Jalan Teratai,sedang,tanah,5,166
0+000,0+100,261.75094781100,Jalan Wijaya Kusuma,sedang,tanah,5,168
0+200,0+261,261.75094781100,Jalan Wijaya Kusuma,sedang,tanah,5,169
0+000,0+100,267.32192815600,Jalan Wijaya Kusuma I,sedang,tanah,5,171
0+200,0+267,267.32192815600,Jalan Wijaya Kusuma I,sedang,tanah,5,172
0+100,0+180,180.06427326300,Jalan Wijaya Kusuma II,sedang,tanah,5,174
0+000,0+100,806.84988536900,Jl. Abimanyu,sedang,tanah,5,176
0+100,0+200,806.84988536900,Jl. Abimanyu,sedang,beton,5,177
0+200,0+300,806.84988536900,Jl. Abimanyu,sedang,beton,5,178
0+300,0+400,806.84988536900,Jl. Abimanyu,sedang,beton,5,179
0+400,0+500,806.84988536900,Jl. Abimanyu,sedang,beton,5,180
0+500,0+600,806.84988536900,Jl. Abimanyu,sedang,beton,5,181
0+600,0+700,806.84988536900,Jl. Abimanyu,sedang,beton,5,182
0+800,0+806,806.84988536900,Jl. Abimanyu,sedang,beton,5,183
0+000,0+100,238.54428715500,Jl. Abiyoso,sedang,beton,5,185
0+200,0+238,238.54428715500,Jl. Abiyoso,sedang,beton,5,186
0+100,0+165,165.91978938100,Jl. Arimbi 1,sedang,aspal,5,188
0+100,0+118,118.93223057700,Jl. Arjuno,sedang,aspal,5,191
0+000,0+100,343.94479559300,Jl. Bali,RR,aspal,5,194
0+100,0+200,343.94479559300,Jl. Bali,RR,aspal,5,195
0+300,0+343,343.94479559300,Jl. Bali,RR,aspal,5,196
0+100,0+188,188.60183790000,Jl. Baru,RR,aspal,5,198
0+000,0+100,286.45102056000,Jl. Baru Mberan,RR,aspal,5,200
0+200,0+286,286.45102056000,Jl. Baru Mberan,RR,aspal,5,201
0+000,0+100,801.09230616000,Jl. Baudayang,RR,aspal,5,203
0+100,0+200,801.09230616000,Jl. Baudayang,RR,makadam,5,204
0+200,0+300,801.09230616000,Jl. Baudayang,RR,makadam,5,205
0+300,0+400,801.09230616000,Jl. Baudayang,RR,makadam,5,206
0+400,0+500,801.09230616000,Jl. Baudayang,RR,makadam,5,207
0+500,0+600,801.09230616000,Jl. Baudayang,RR,makadam,5,208
0+600,0+700,801.09230616000,Jl. Baudayang,RR,makadam,5,209
0+800,0+801,801.09230616000,Jl. Baudayang,RR,makadam,5,210
0+000,0+100,439.15696261400,Jl. Bekas Rel,RR,lapen,5,212
0+100,0+200,439.15696261400,Jl. Bekas Rel,RR,lapen,5,213
0+200,0+300,439.15696261400,Jl. Bekas Rel,RR,lapen,5,214
0+400,0+439,439.15696261400,Jl. Bekas Rel,RR,lapen,5,215
0+000,0+100,328.17731869900,Jl. Bendungan Segaran,RR,lapen,5,217
0+100,0+200,328.17731869900,Jl. Bendungan Segaran,RR,lapen,5,218
0+300,0+328,328.17731869900,Jl. Bendungan Segaran,RR,lapen,5,219
0+100,0+123,123.46328740300,Jl. Bendungan Segaran Barat,RR,lapen,5,221
0+100,0+154,154.12005938600,Jl. Cempaka Gg 4,RR,tanah,5,223
0+000,0+100,560.27146413100,Jl. Diponegoro 2,RR,tanah,5,225
0+100,0+200,560.27146413100,Jl. Diponegoro 2,RR,tanah,5,226
0+200,0+300,560.27146413100,Jl. Diponegoro 2,RR,tanah,5,227
0+300,0+400,560.27146413100,Jl. Diponegoro 2,RR,tanah,5,228
0+500,0+560,560.27146413100,Jl. Diponegoro 2,RR,tanah,5,229
0+000,0+100,1350.30544222000,Jl. Dungus Termulus,RR,tanah,5,231
0+100,0+200,1350.30544222000,Jl. Dungus Termulus,RR,beton,5,232
0+200,0+300,1350.30544222000,Jl. Dungus Termulus,RR,beton,5,233
0+300,0+400,1350.30544222000,Jl. Dungus Termulus,RR,beton,5,234
0+400,0+500,1350.30544222000,Jl. Dungus Termulus,RR,beton,5,235
0+500,0+600,1350.30544222000,Jl. Dungus Termulus,RR,beton,5,236
0+600,0+700,1350.30544222000,Jl. Dungus Termulus,RR,beton,5,237
0+700,0+800,1350.30544222000,Jl. Dungus Termulus,RR,beton,5,238
0+800,0+900,1350.30544222000,Jl. Dungus Termulus,RR,beton,5,239
0+900,1+000,1350.30544222000,Jl. Dungus Termulus,RR,beton,5,240
1+000,1+100,1350.30544222000,Jl. Dungus Termulus,RR,aspal,5,241
1+100,1+200,1350.30544222000,Jl. Dungus Termulus,RR,aspal,5,242
1+300,1+350,1350.30544222000,Jl. Dungus Termulus,RR,aspal,5,243
0+100,0+106,106.36471350200,Jl. Durian,RR,aspal,5,245
0+100,0+198,198.57722979100,Jl. Gang Abimanyu,RR,aspal,5,247
0+100,0+119,119.96597349300,Jl. Gang Anggrek V,RR,aspal,5,249
0+100,0+130,130.87169661800,Jl. Gang Bayusuto 2,RR,aspal,5,253
0+100,0+135,135.52926666300,Jl. Gang Bayusuto 3,RR,aspal,5,255
0+100,0+143,143.90000708900,Jl. Gang Bayusuto 4,RR,aspal,5,257
0+000,0+100,224.73984898300,Jl. Gang Buntu,RR,makadam,5,259
0+200,0+224,224.73984898300,Jl. Gang Buntu,RR,makadam,5,260
0+100,0+126,126.59416612100,Jl. Gang Cemer 1,RR,makadam,5,263
0+100,0+108,108.40731715800,Jl. Gang Kantil 2,RR,makadam,5,266
0+100,0+103,103.35599802900,Jl. Gang Mangga,RR,makadam,5,270
0+100,0+186,186.74829802700,Jl. Gang Masjid,RR,makadam,5,272
0+100,0+112,112.03293487600,Jl. Gang Rukun,RR,makadam,5,274
0+000,0+100,204.27965605500,Jl. Gang Sadewo 1,RR,lapen,5,276
0+200,0+204,204.27965605500,Jl. Gang Sadewo 1,RR,lapen,5,277
0+000,0+100,399.89229234000,Jl. Gang Sentiaki 1,RR,lapen,5,280
0+100,0+200,399.89229234000,Jl. Gang Sentiaki 1,RR,lapen,5,281
0+300,0+399,399.89229234000,Jl. Gang Sentiaki 1,RR,lapen,5,282
0+100,0+195,195.13213763500,Jl. Gang Sentiaki 2,RR,lapen,5,284
0+000,0+100,260.32911066300,Jl. Gang Tangah,RR,lapen,5,286
0+200,0+260,260.32911066300,Jl. Gang Tangah,RR,lapen,5,287
0+000,0+100,347.25600437600,Jl. Gatot Kaca,RR,tanah,5,290
0+100,0+200,347.25600437600,Jl. Gatot Kaca,RR,tanah,5,291
0+300,0+347,347.25600437600,Jl. Gatot Kaca,RR,tanah,5,292
0+000,0+100,1138.85027180000,Jl. Gatot Kaca,RR,tanah,5,294
0+100,0+200,1138.85027180000,Jl. Gatot Kaca,RR,tanah,5,295
0+200,0+300,1138.85027180000,Jl. Gatot Kaca,RR,tanah,5,296
0+300,0+400,1138.85027180000,Jl. Gatot Kaca,RR,tanah,5,297
0+400,0+500,1138.85027180000,Jl. Gatot Kaca,RR,beton,5,298
0+500,0+600,1138.85027180000,Jl. Gatot Kaca,RR,beton,5,299
0+600,0+700,1138.85027180000,Jl. Gatot Kaca,RR,beton,5,300
0+700,0+800,1138.85027180000,Jl. Gatot Kaca,RR,beton,5,301
0+800,0+900,1138.85027180000,Jl. Gatot Kaca,RR,beton,5,302
0+900,1+000,1138.85027180000,Jl. Gatot Kaca,RR,beton,5,303
1+100,1+138,1138.85027180000,Jl. Gatot Kaca,RR,beton,5,304
0+100,0+106,106.75507100000,Jl. Gg Trobanyu,RR,beton,5,307
0+100,0+124,124.53164984400,Jl. GG. Duren,RR,beton,5,310
0+100,0+103,103.71499825800,Jl. Gg. Jambe,RR,aspal,5,312
0+100,0+110,110.11086061300,Jl. Gg. Jeruk,RR,aspal,5,315
0+100,0+128,128.68915564200,Jl. Gg. Kelapa,RR,aspal,5,317
0+100,0+131,131.77265048400,Jl. Gg. Kelurahan,RR,aspal,5,319
0+100,0+173,173.30814607000,Jl. H.Seto,RR,aspal,5,324
0+100,0+197,197.00801466500,Jl. Iromito,RR,aspal,5,326
0+100,0+109,109.13151624800,Jl. K.A.Moch Basari,RR,aspal,5,329
0+100,0+118,118.53146244200,Jl. Kamboja,RR,aspal,5,331
0+000,0+100,333.29069857300,Jl. Kanal Kembar (RT.11 RW.5),RR,aspal,5,333
0+100,0+200,333.29069857300,Jl. Kanal Kembar (RT.11 RW.5),RR,makadam,5,334
0+300,0+333,333.29069857300,Jl. Kanal Kembar (RT.11 RW.5),RR,makadam,5,335
0+000,0+100,425.14209296500,Jl. Kantil,RR,makadam,5,337
0+100,0+200,425.14209296500,Jl. Kantil,RR,makadam,5,338
0+200,0+300,425.14209296500,Jl. Kantil,RR,makadam,5,339
0+400,0+425,425.14209296500,Jl. Kantil,RR,makadam,5,340
0+100,0+191,191.59929040600,Jl. Kebon Pisang,RR,makadam,5,342
0+000,0+100,389.54491273700,Jl. Ki Ageng Bandar Alim,RR,lapen,5,344
0+100,0+200,389.54491273700,Jl. Ki Ageng Bandar Alim,RR,lapen,5,345
0+300,0+389,389.54491273700,Jl. Ki Ageng Bandar Alim,RR,lapen,5,346
0+000,0+100,607.41213701200,Jl. Ki. Ageng Basyariyah,RR,lapen,5,348
0+100,0+200,607.41213701200,Jl. Ki. Ageng Basyariyah,RR,lapen,5,349
0+200,0+300,607.41213701200,Jl. Ki. Ageng Basyariyah,RR,lapen,5,350
0+300,0+400,607.41213701200,Jl. Ki. Ageng Basyariyah,RR,lapen,5,351
0+400,0+500,607.41213701200,Jl. Ki. Ageng Basyariyah,RR,lapen,5,352
0+600,0+607,607.41213701200,Jl. Ki. Ageng Basyariyah,RR,tanah,5,353
0+000,0+100,259.44289831100,Jl. Kontak Tani,RR,tanah,5,361
0+200,0+259,259.44289831100,Jl. Kontak Tani,RR,tanah,5,362
0+100,0+117,117.02696500500,Jl. Kresno,RR,tanah,5,364
0+000,0+100,506.54240706400,Jl. Krisna,RR,tanah,5,366
0+100,0+200,506.54240706400,Jl. Krisna,RR,tanah,5,367
0+200,0+300,506.54240706400,Jl. Krisna,RR,tanah,5,368
0+300,0+400,506.54240706400,Jl. Krisna,RR,beton,5,369
0+500,0+506,506.54240706400,Jl. Krisna,RR,beton,5,370
0+000,0+100,231.27761602000,Jl. Lapangan,RR,beton,5,372
0+200,0+231,231.27761602000,Jl. Lapangan,RR,beton,5,373
0+100,0+165,165.95358359100,Jl. Manggis,RR,beton,5,375
0+000,0+100,687.89343412500,Jl. Masjid,RR,beton,5,377
0+100,0+200,687.89343412500,Jl. Masjid,RR,beton,5,378
0+200,0+300,687.89343412500,Jl. Masjid,RB,beton,5,379
0+300,0+400,687.89343412500,Jl. Masjid,RB,beton,5,380
0+400,0+500,687.89343412500,Jl. Masjid,RB,aspal,5,381
0+600,0+687,687.89343412500,Jl. Masjid,RB,aspal,5,382
0+000,0+100,831.38163716300,Jl. Mawar,RB,aspal,5,384
0+100,0+200,831.38163716300,Jl. Mawar,RB,aspal,5,385
0+200,0+300,831.38163716300,Jl. Mawar,RB,aspal,5,386
0+300,0+400,831.38163716300,Jl. Mawar,RB,aspal,5,387
0+400,0+500,831.38163716300,Jl. Mawar,RB,aspal,5,388
0+500,0+600,831.38163716300,Jl. Mawar,RB,aspal,5,389
0+600,0+700,831.38163716300,Jl. Mawar,RB,aspal,5,390
0+800,0+831,831.38163716300,Jl. Mawar,RB,makadam,5,391
0+100,0+140,140.91921476300,Jl. Mawar 1,RB,makadam,5,393
0+000,0+100,301.03466681600,Jl. Mawar 2,RB,makadam,5,395
0+100,0+200,301.03466681600,Jl. Mawar 2,RB,makadam,5,396
0+300,0+301,301.03466681600,Jl. Mawar 2,RB,makadam,5,397
0+000,0+100,502.42341231700,Jl. Melati,RB,makadam,5,399
0+100,0+200,502.42341231700,Jl. Melati,RB,makadam,5,400
0+200,0+300,502.42341231700,Jl. Melati,RB,lapen,5,401
0+300,0+400,502.42341231700,Jl. Melati,RB,lapen,5,402
0+500,0+502,502.42341231700,Jl. Melati,RB,lapen,5,403
0+100,0+194,194.23642249000,Jl. Nangka,RB,lapen,5,405
0+100,0+125,125.11623571900,Jl. Panji 1,RB,lapen,5,407
0+100,0+115,115.64590177500,Jl. Panji 2,RB,lapen,5,409
0+100,0+170,170.99832613800,Jl. Panji 3,RB,lapen,5,411
0+000,0+100,230.62570930300,Jl. Patimura,RB,lapen,5,413
0+200,0+230,230.62570930300,Jl. Patimura,RB,tanah,5,414
0+000,0+100,398.53131854900,Jl. Pemuda,RB,tanah,5,416
0+100,0+200,398.53131854900,Jl. Pemuda,RB,tanah,5,417
0+300,0+398,398.53131854900,Jl. Pemuda,RB,tanah,5,418
0+100,0+102,102.48531581500,Jl. Pemuda Gang I,RB,tanah,5,420
0+100,0+102,102.23715400500,Jl. Pemuda Gang II,RB,tanah,5,422
0+100,0+103,103.05491504300,Jl. Pemuda Gang III,RB,tanah,5,424
0+100,0+102,102.56190011100,Jl. Pemuda Gang IV,RB,beton,5,426
0+100,0+102,102.59598028500,Jl. Pemuda Gang VI,RB,beton,5,429
0+100,0+146,146.98523460100,Jl. Pemuda Gang VII,RB,beton,5,431
0+100,0+171,171.99455906400,Jl. Pepaya,RB,beton,5,434
0+100,0+133,133.65194156400,Jl. Petruk,RB,beton,5,436
0+100,0+170,170.07529703700,Jl. Pisang,RB,beton,5,438
0+000,0+100,567.71375178000,Jl. Puntodewo,RB,beton,5,441
0+100,0+200,567.71375178000,Jl. Puntodewo,RB,beton,5,442
0+200,0+300,567.71375178000,Jl. Puntodewo,RB,beton,5,443
0+300,0+400,567.71375178000,Jl. Puntodewo,RB,aspal,5,444
0+500,0+567,567.71375178000,Jl. Puntodewo,RB,aspal,5,445
0+000,0+100,311.56354139100,Jl. Rajawali,RB,aspal,5,449
0+100,0+200,311.56354139100,Jl. Rajawali,RB,aspal,5,450
0+300,0+311,311.56354139100,Jl. Rajawali,RB,aspal,5,451
0+100,0+136,136.21529604600,Jl. Rajawali Gg.1,RB,aspal,5,453
0+000,0+100,220.46953534900,Jl. Remaja,RB,aspal,5,456
0+200,0+220,220.46953534900,Jl. Remaja,RB,aspal,5,457
0+100,0+142,142.13503935400,Jl. Rukun,RB,aspal,5,462
0+100,0+174,174.83712768300,Jl. Sadewo,RB,makadam,5,464
0+000,0+100,392.04071632200,Jl. Sawung Galing,RB,makadam,5,466
0+100,0+200,392.04071632200,Jl. Sawung Galing,RB,makadam,5,467
0+300,0+392,392.04071632200,Jl. Sawung Galing,RB,makadam,5,468
0+100,0+148,148.35298987000,Jl. Selo Barong,RB,makadam,5,470
0+100,0+107,107.69046695100,Jl. Semar,RB,makadam,5,472
0+100,0+106,106.43465180600,Jl. Sri Dewi,RB,makadam,5,474
0+000,0+100,432.01950779800,Jl. Srikandi,RB,lapen,5,476
0+100,0+200,432.01950779800,Jl. Srikandi,RB,lapen,5,477
0+200,0+300,432.01950779800,Jl. Srikandi,RB,lapen,5,478
0+400,0+432,432.01950779800,Jl. Srikandi,RB,lapen,5,479
0+000,0+100,213.46466528600,Jl. Sukodono (RT.11 RW.5),RB,lapen,5,481
0+200,0+213,213.46466528600,Jl. Sukodono (RT.11 RW.5),RB,lapen,5,482
0+000,0+100,322.08050603000,Jl. Sultan Agung,RB,lapen,5,484
0+100,0+200,322.08050603000,Jl. Sultan Agung,RB,lapen,5,485
0+300,0+322,322.08050603000,Jl. Sultan Agung,RB,tanah,5,486
0+000,0+100,400.34698249800,Jl. Tani Jaya,RB,tanah,5,488
0+100,0+200,400.34698249800,Jl. Tani Jaya,RB,tanah,5,489
0+200,0+300,400.34698249800,Jl. Tani Jaya,RB,tanah,5,490
0+400,0+400,400.34698249800,Jl. Tani Jaya,RB,tanah,5,491
0+000,0+100,348.56307107900,Jl. Tani Maju,RB,tanah,5,493
0+100,0+200,348.56307107900,Jl. Tani Maju,RB,tanah,5,494
0+300,0+348,348.56307107900,Jl. Tani Maju,RB,beton,5,495
0+000,0+100,578.92875549800,Jl. Tani Murni,RB,beton,5,497
0+100,0+200,578.92875549800,Jl. Tani Murni,RB,beton,5,498
0+200,0+300,578.92875549800,Jl. Tani Murni,RB,beton,5,499
0+300,0+400,578.92875549800,Jl. Tani Murni,RB,beton,5,500
0+500,0+578,578.92875549800,Jl. Tani Murni,RB,beton,5,501
0+000,0+100,763.47946531900,Jl. Tani Unggul,RB,beton,5,503
0+100,0+200,763.47946531900,Jl. Tani Unggul,RB,beton,5,504
0+200,0+300,763.47946531900,Jl. Tani Unggul,RB,beton,5,505
0+300,0+400,763.47946531900,Jl. Tani Unggul,RB,aspal,5,506
0+400,0+500,763.47946531900,Jl. Tani Unggul,RB,aspal,5,507
0+500,0+600,763.47946531900,Jl. Tani Unggul,RB,aspal,5,508
0+700,0+763,763.47946531900,Jl. Tani Unggul,RB,aspal,5,509
0+100,0+159,159.93522934400,Jl. Tomat,RB,aspal,5,511
0+100,0+138,138.72230442400,Jl. Werkudoro,RB,aspal,5,513
0+000,0+100,341.84641018800,Jl. Wijaya,RB,aspal,5,515
0+100,0+200,341.84641018800,Jl. Wijaya,RB,aspal,5,516
0+300,0+341,341.84641018800,Jl. Wijaya,RB,aspal,5,517
0+000,0+100,1500.52775078000,Jl.Antarejo,RB,makadam,5,521
0+100,0+200,1500.52775078000,Jl.Antarejo,RB,makadam,5,522
0+200,0+300,1500.52775078000,Jl.Antarejo,RB,makadam,5,523
0+300,0+400,1500.52775078000,Jl.Antarejo,RB,makadam,5,524
0+400,0+500,1500.52775078000,Jl.Antarejo,RB,makadam,5,525
0+500,0+600,1500.52775078000,Jl.Antarejo,RB,makadam,5,526
0+600,0+700,1500.52775078000,Jl.Antarejo,RB,makadam,5,527
0+700,0+800,1500.52775078000,Jl.Antarejo,RB,lapen,5,528
0+800,0+900,1500.52775078000,Jl.Antarejo,RB,lapen,5,529
0+900,1+000,1500.52775078000,Jl.Antarejo,RB,lapen,5,530
1+000,1+100,1500.52775078000,Jl.Antarejo,RB,lapen,5,531
1+100,1+200,1500.52775078000,Jl.Antarejo,RB,lapen,5,532
1+200,1+300,1500.52775078000,Jl.Antarejo,RB,lapen,5,533
1+300,1+400,1500.52775078000,Jl.Antarejo,RB,lapen,5,534
1+500,1+500,1500.52775078000,Jl.Antarejo,RB,lapen,5,535
0+000,0+100,329.91722255700,Jl.Chery,RB,tanah,5,537
0+100,0+200,329.91722255700,Jl.Chery,RB,tanah,5,538
0+300,0+329,329.91722255700,Jl.Chery,RB,tanah,5,539
0+000,0+100,206.79818336300,Jl.Gang Asem 1,RB,tanah,5,541
0+200,0+206,206.79818336300,Jl.Gang Asem 1,RB,tanah,5,542
0+100,0+198,198.01287640800,Jl.Gang Gatot Kaca 1,RB,tanah,5,544
0+100,0+117,117.68787286100,Jl.Gang Gatot Kaca 2,RB,tanah,5,546
0+100,0+102,102.35326719900,Jl.Gang Gatot Kaca 3,RB,beton,5,548
0+100,0+128,128.72291513100,"Jl.Gg pisang (RT.3,4 RW.1)",RB,beton,5,550
0+100,0+127,127.55305972100,Jl.Gg. Kertorejan,RB,beton,5,552
0+000,0+100,1085.94315009000,Jl.Sentiaki,baik,beton,5,555
0+100,0+200,1085.94315009000,Jl.Sentiaki,baik,beton,5,556
0+200,0+300,1085.94315009000,Jl.Sentiaki,baik,beton,5,557
0+300,0+400,1085.94315009000,Jl.Sentiaki,baik,beton,5,558
0+400,0+500,1085.94315009000,Jl.Sentiaki,baik,beton,5,559
0+500,0+600,1085.94315009000,Jl.Sentiaki,baik,beton,5,560
0+600,0+700,1085.94315009000,Jl.Sentiaki,baik,aspal,5,561
0+700,0+800,1085.94315009000,Jl.Sentiaki,baik,aspal,5,562
0+800,0+900,1085.94315009000,Jl.Sentiaki,baik,aspal,5,563
1+000,1+085,1085.94315009000,Jl.Sentiaki,baik,aspal,5,564