STA_AWAL;STA_AKHIR;Kondisi;Lebar_STA;Nm_Ruas;Panjang;Tipe_Perke;No
0+000;0+100;RB;3;BABADAN LOR I;1240;tanah;1195
0+100;0+200;RB;3;BABADAN LOR I;1240;tanah;1196
0+200;0+300;RB;3;BABADAN LOR I;1240;tanah;1197
0+300;0+400;RB;3;BABADAN LOR I;1240;tanah;1198
0+400;0+500;RB;3;BABADAN LOR I;1240;tanah;1199
0+500;0+600;RB;3;BABADAN LOR I;1240;tanah;1200
0+600;0+700;RB;3;BABADAN LOR I;1240;tanah;1201
0+700;0+800;RB;3;BABADAN LOR I;1240;beton;1202
0+800;0+900;RB;3;BABADAN LOR I;1240;beton;1203
0+900;1+000;RB;3;BABADAN LOR I;1240;beton;1204
1+000;1+100;RB;3;BABADAN LOR I;1240;beton;1205
1+100;1+100;RB;3;BABADAN LOR I;1240;beton;1194
1+200;1+240;RB;3;BABADAN LOR I;1240;beton;1206
0+000;0+100;RR;3;BABADAN LOR II;652;aspal;1207
0+100;0+200;RR;3;BABADAN LOR II;652;aspal;1208
0+200;0+300;RR;3;BABADAN LOR II;652;aspal;1209
0+300;0+400;RR;3;BABADAN LOR II;652;aspal;1210
0+400;0+500;RR;3;BABADAN LOR II;652;aspal;1211
0+500;0+600;RR;3;BABADAN LOR II;652;aspal;1212
0+600;0+652;RR;3;BABADAN LOR II;652;aspal;1213
0+000;0+100;sedang;3;BADER;800;beton;168
0+100;0+200;sedang;3;BADER;800;beton;169
0+200;0+300;sedang;3;BADER;800;beton;170
0+300;0+400;sedang;3;BADER;800;beton;171
0+400;0+500;sedang;3;BADER;800;beton;172
0+500;0+600;sedang;3;BADER;800;beton;173
0+600;0+630;sedang;3;BADER;800;beton;174
0+000;0+100;RB;3.5;BAJULAN;1466;aspal;533
0+100;0+200;RB;3.5;BAJULAN;1466;aspal;534
0+200;0+300;RB;3.5;BAJULAN;1466;aspal;535
0+300;0+400;RB;3.5;BAJULAN;1466;aspal;536
0+400;0+500;RB;3.5;BAJULAN;1466;makadam;537
0+500;0+600;RB;3.5;BAJULAN;1466;aspal;538
0+600;0+700;RB;3.5;BAJULAN;1466;aspal;539
0+700;0+800;RB;3.5;BAJULAN;1466;aspal;540
0+800;0+900;RB;3.5;BAJULAN;1466;aspal;541
0+900;1+000;RB;3.5;BAJULAN;1466;aspal;542
1+000;1+100;RB;3.5;BAJULAN;1466;aspal;543
1+100;1+200;RB;3.5;BAJULAN;1466;aspal;544
1+200;1+300;RB;3.5;BAJULAN;1466;aspal;545
1+300;1+400;RB;3.5;BAJULAN;1466;aspal;546
1+400;1+466;RB;3.5;BAJULAN;1466;aspal;547
0+000;0+100;RR;3.5;BALEREJO I;444;beton;1214
0+100;0+200;RR;3.5;BALEREJO I;444;beton;1215
0+200;0+300;RR;3.5;BALEREJO I;444;beton;1216
0+300;0+400;RB;3.5;BALEREJO I;444;beton;1217
0+400;0+444;RB;3.5;BALEREJO I;444;beton;1218
0+000;0+100;sedang;3.5;BALEREJO II;444;beton;1219
0+100;0+200;sedang;3.5;BALEREJO II;444;beton;1220
0+200;0+300;sedang;3.5;BALEREJO II;444;beton;1221
0+300;0+400;sedang;3.5;BALEREJO II;444;beton;1222
0+400;0+444;sedang;3.5;BALEREJO II;444;beton;1223
0+000;0+100;sedang;3;BANARAN;1313;beton;1143
0+100;0+200;sedang;3;BANARAN;1313;beton;1144
0+200;0+300;sedang;3;BANARAN;1313;beton;1145
0+300;0+400;sedang;3;BANARAN;1313;beton;1146
0+400;0+500;sedang;3;BANARAN;1313;beton;1147
0+500;0+600;sedang;3;BANARAN;1313;beton;1148
0+600;0+700;sedang;3;BANARAN;1313;beton;1149
0+700;0+800;sedang;3;BANARAN;1313;beton;1150
0+800;0+900;RB;3;BANARAN;1313;makadam;1151
0+900;1+000;RB;3;BANARAN;1313;makadam;1152
1+000;1+100;RB;3;BANARAN;1313;makadam;1153
1+100;1+200;RB;3;BANARAN;1313;makadam;1154
1+200;1+300;RB;3;BANARAN;1313;makadam;1155
1+300;1+312;RB;3;BANARAN;1313;makadam;1156
0+000;0+100;RB;3;BANCONG;1137;aspal;956
0+100;0+200;RB;3;BANCONG;1137;aspal;957
0+200;0+300;RB;3;BANCONG;1137;aspal;958
0+300;0+400;RB;3;BANCONG;1137;makadam;959
0+400;0+500;RB;3;BANCONG;1137;aspal;960
0+500;0+600;RB;3;BANCONG;1137;makadam;961
0+600;0+700;RB;3;BANCONG;1137;makadam;962
0+700;0+800;RB;3;BANCONG;1137;aspal;963
0+800;0+900;RR;3;BANCONG;1137;aspal;964
0+900;1+000;RR;3;BANCONG;1137;aspal;965
1+000;1+100;RR;3;BANCONG;1137;aspal;966
1+100;1+137;RR;3;BANCONG;1137;aspal;967
0+000;0+100;RR;3;BANDUNGAN;727;aspal;548
0+100;0+200;RR;3;BANDUNGAN;727;aspal;549
0+200;0+300;RR;3;BANDUNGAN;727;aspal;550
0+300;0+400;RR;2.5;BANDUNGAN;727;aspal;551
0+400;0+500;RR;2.5;BANDUNGAN;727;aspal;552
0+500;0+600;RR;2.5;BANDUNGAN;727;aspal;553
0+600;0+700;RR;3;BANDUNGAN;727;aspal;554
0+700;0+726;RR;3;BANDUNGAN;727;aspal;555
0+000;0+100;RR;3;BANJARSARI KULON;3026;aspal;214
0+100;0+200;RR;3;BANJARSARI KULON;3026;aspal;215
0+200;0+300;RR;3;BANJARSARI KULON;3026;aspal;216
0+300;0+400;RR;3;BANJARSARI KULON;3026;aspal;217
0+400;0+500;RR;3;BANJARSARI KULON;3026;aspal;218
0+500;0+600;RR;3;BANJARSARI KULON;3026;aspal;219
0+600;0+700;RR;3;BANJARSARI KULON;3026;aspal;220
0+700;0+800;RR;3;BANJARSARI KULON;3026;aspal;221
0+800;0+900;RR;3;BANJARSARI KULON;3026;aspal;222
0+900;1+000;RR;3;BANJARSARI KULON;3026;aspal;223
1+000;1+100;RR;3;BANJARSARI KULON;3026;aspal;224
1+100;1+200;RR;3;BANJARSARI KULON;3026;aspal;225
1+200;1+300;RR;3;BANJARSARI KULON;3026;aspal;226
1+300;1+400;RR;3;BANJARSARI KULON;3026;aspal;227
1+400;1+500;RR;3;BANJARSARI KULON;3026;aspal;228
1+500;1+600;RR;3;BANJARSARI KULON;3026;aspal;229
1+600;1+700;RR;3;BANJARSARI KULON;3026;aspal;230
1+700;1+800;RR;3;BANJARSARI KULON;3026;aspal;231
1+800;1+900;RR;3;BANJARSARI KULON;3026;aspal;232
1+900;2+000;RR;3;BANJARSARI KULON;3026;aspal;233
2+000;2+100;RR;3;BANJARSARI KULON;3026;aspal;234
2+100;2+200;RR;3;BANJARSARI KULON;3026;aspal;235
2+200;2+300;RR;3;BANJARSARI KULON;3026;aspal;236
2+300;2+400;RR;3;BANJARSARI KULON;3026;aspal;237
2+400;2+500;RR;3;BANJARSARI KULON;3026;aspal;238
2+500;2+600;RR;3;BANJARSARI KULON;3026;aspal;239
2+600;2+700;RR;3;BANJARSARI KULON;3026;aspal;240
2+700;2+800;RR;3;BANJARSARI KULON;3026;aspal;241
2+800;2+900;RR;3;BANJARSARI KULON;3026;aspal;242
2+900;3+000;RR;3;BANJARSARI KULON;3026;aspal;243
3+000;3+026;RR;3;BANJARSARI KULON;3026;aspal;244
0+000;0+100;baik;3;BANJARSARI WETAN;1055;aspal;245
0+100;0+200;baik;3;BANJARSARI WETAN;1055;aspal;246
0+200;0+300;baik;3;BANJARSARI WETAN;1055;aspal;247
0+300;0+400;baik;3;BANJARSARI WETAN;1055;aspal;248
0+400;0+500;baik;3;BANJARSARI WETAN;1055;aspal;249
0+500;0+600;baik;3;BANJARSARI WETAN;1055;aspal;250
0+600;0+700;RR;3;BANJARSARI WETAN;1055;aspal;251
0+700;0+800;baik;3;BANJARSARI WETAN;1055;aspal;252
0+800;0+900;baik;3;BANJARSARI WETAN;1055;aspal;253
0+900;1+000;RR;3;BANJARSARI WETAN;1055;aspal;254
1+000;1+055;baik;3;BANJARSARI WETAN;1055;aspal;255
0+000;0+100;baik;4;BANYUKAMBANG;726;beton;939
0+100;0+200;RB;4;BANYUKAMBANG;726;aspal;940
0+200;0+300;baik;3;BANYUKAMBANG;726;aspal;941
0+300;0+400;RB;3;BANYUKAMBANG;726;beton;942
0+400;0+500;baik;3;BANYUKAMBANG;726;beton;943
0+500;0+600;baik;3;BANYUKAMBANG;726;beton;944
0+600;0+700;baik;3;BANYUKAMBANG;726;beton;945
0+700;0+725;baik;3;BANYUKAMBANG;726;beton;946
0+000;0+100;RR;3.8;BENER;1418;beton;556
0+100;0+200;RR;3.8;BENER;1418;beton;557
0+200;0+300;RB;4;BENER;1418;tanah;558
0+300;0+400;RB;4;BENER;1418;tanah;559
0+400;0+500;RB;4;BENER;1418;tanah;560
0+500;0+600;RB;4;BENER;1418;tanah;561
0+600;0+700;RB;4;BENER;1418;tanah;562
0+700;0+800;RR;3.5;BENER;1418;aspal;563
0+800;0+900;baik;3.5;BENER;1418;beton;564
0+900;1+000;baik;3.5;BENER;1418;beton;565
1+000;1+100;baik;3.5;BENER;1418;beton;566
1+100;1+200;baik;3.5;BENER;1418;beton;567
1+200;1+300;baik;3.5;BENER;1418;beton;568
1+300;1+400;baik;3.5;BENER;1418;beton;569
1+400;1+418;baik;3.5;BENER;1418;beton;570
0+000;0+100;RR;3.5;BETEK;1773;aspal;1362
0+100;0+200;baik;3.5;BETEK;1773;aspal;1363
0+200;0+300;baik;3.5;BETEK;1773;aspal;1364
0+300;0+400;baik;3.5;BETEK;1773;aspal;1365
0+400;0+500;RR;3.5;BETEK;1773;beton;1366
0+500;0+600;sedang;3.5;BETEK;1773;beton;1367
0+600;0+700;sedang;3.5;BETEK;1773;beton;1368
0+700;0+800;sedang;3.5;BETEK;1773;beton;1369
0+800;0+900;baik;3.5;BETEK;1773;beton;1370
0+900;1+000;RR;3.5;BETEK;1773;beton;1371
1+000;1+100;RR;3.5;BETEK;1773;beton;1372
1+100;1+200;RR;3.5;BETEK;1773;beton;1373
1+200;1+300;RR;3.5;BETEK;1773;beton;1374
1+300;1+400;RR;3.5;BETEK;1773;beton;1375
1+400;1+500;sedang;3.5;BETEK;1773;beton;1376
1+500;1+600;sedang;3.5;BETEK;1773;beton;1377
1+600;1+700;baik;3.5;BETEK;1773;beton;1378
1+700;1+772;sedang;3.5;BETEK;1773;beton;1379
0+000;0+100;RR;3.1;BLIMBING;516;beton;208
0+100;0+200;RR;3;BLIMBING;516;beton;209
0+200;0+300;RR;3;BLIMBING;516;beton;210
0+300;0+400;RB;3.3;BLIMBING;516;beton;211
0+400;0+500;RB;3;BLIMBING;516;beton;212
0+500;0+515;RB;3;BLIMBING;516;beton;213
0+000;0+100;RR;3.5;BONGSOPOTRO;2089;aspal;571
0+100;0+200;RR;3;BONGSOPOTRO;2089;beton;572
0+200;0+300;RR;3;BONGSOPOTRO;2089;beton;573
0+300;0+400;RR;3;BONGSOPOTRO;2089;beton;574
0+400;0+500;RR;3;BONGSOPOTRO;2089;beton;575
0+500;0+600;RR;3.5;BONGSOPOTRO;2089;beton;576
0+600;0+700;RR;3.5;BONGSOPOTRO;2089;beton;577
0+700;0+800;RB;3;BONGSOPOTRO;2089;tanah;578
0+800;0+900;RB;3;BONGSOPOTRO;2089;tanah;579
0+900;1+000;RB;3;BONGSOPOTRO;2089;tanah;580
1+000;1+100;RB;3;BONGSOPOTRO;2089;tanah;581
1+100;1+200;RB;3;BONGSOPOTRO;2089;tanah;582
1+200;1+300;RB;3;BONGSOPOTRO;2089;tanah;583
1+300;1+400;RB;3;BONGSOPOTRO;2089;tanah;584
1+400;1+500;RB;3;BONGSOPOTRO;2089;tanah;585
1+500;1+600;RB;3;BONGSOPOTRO;2089;tanah;586
1+600;1+700;RB;3;BONGSOPOTRO;2089;tanah;587
1+700;1+800;RB;3;BONGSOPOTRO;2089;tanah;588
1+800;1+900;RB;3;BONGSOPOTRO;2089;tanah;589
1+900;2+000;RB;3;BONGSOPOTRO;2089;tanah;590
2+000;2+088;RB;3;BONGSOPOTRO;2089;tanah;591
0+000;0+100;sedang;2.9;BULAKREJO;469;aspal;1119
0+100;0+200;sedang;2.9;BULAKREJO;469;aspal;1120
0+200;0+300;sedang;2.9;BULAKREJO;469;aspal;1121
0+300;0+400;sedang;2.9;BULAKREJO;469;aspal;1122
0+400;0+469;sedang;2.9;BULAKREJO;469;aspal;1123
0+000;0+100;sedang;2.9;CANDIMULYO;806;aspal;143
0+100;0+200;sedang;2.9;CANDIMULYO;806;aspal;144
0+200;0+300;sedang;2.9;CANDIMULYO;806;aspal;145
0+300;0+400;sedang;2.6;CANDIMULYO;806;aspal;146
0+400;0+500;sedang;2.5;CANDIMULYO;806;aspal;147
0+500;0+600;sedang;3;CANDIMULYO;806;beton;148
0+600;0+700;baik;3;CANDIMULYO;806;beton;149
0+700;0+800;baik;3;CANDIMULYO;806;beton;150
0+800;0+805;baik;3;CANDIMULYO;806;beton;151
0+000;0+100;baik;3.5;DARMOREJO;496;aspal;839
0+100;0+200;baik;3.5;DARMOREJO;496;aspal;840
0+200;0+300;baik;3.5;DARMOREJO;496;aspal;841
0+300;0+400;baik;3.5;DARMOREJO;496;aspal;838
0+400;0+495;baik;3.5;DARMOREJO;496;aspal;842
0+000;0+100;sedang;3.5;DAWUHAN;1770;aspal;820
0+100;0+200;sedang;3.5;DAWUHAN;1770;aspal;821
0+200;0+300;sedang;3.5;DAWUHAN;1770;aspal;822
0+300;0+400;RB;3.5;DAWUHAN;1770;aspal;823
0+400;0+500;RR;3.5;DAWUHAN;1770;aspal;824
0+500;0+600;RR;3.5;DAWUHAN;1770;beton;825
0+600;0+700;RR;3.5;DAWUHAN;1770;beton;826
0+700;0+800;RR;3.5;DAWUHAN;1770;beton;827
0+800;0+900;baik;3.5;DAWUHAN;1770;beton;828
0+900;1+000;baik;3.5;DAWUHAN;1770;beton;829
1+000;1+100;baik;3.5;DAWUHAN;1770;beton;830
1+100;1+200;RR;3.5;DAWUHAN;1770;beton;831
1+200;1+300;RR;3.5;DAWUHAN;1770;beton;832
1+300;1+400;RR;3.5;DAWUHAN;1770;beton;833
1+400;1+500;baik;3.5;DAWUHAN;1770;beton;834
1+500;1+600;RR;3.5;DAWUHAN;1770;beton;835
1+600;1+700;RR;3.5;DAWUHAN;1770;beton;836
1+700;1+769;RR;3.5;DAWUHAN;1770;beton;837
0+000;0+100;sedang;3.5;DEMPELAN;628;aspal;1380
0+100;0+200;sedang;3.5;DEMPELAN;628;aspal;1381
0+200;0+300;sedang;3.5;DEMPELAN;628;aspal;1382
0+300;0+400;baik;3.5;DEMPELAN;628;beton;1383
0+400;0+500;baik;3.5;DEMPELAN;628;beton;1384
0+500;0+600;baik;3.5;DEMPELAN;628;beton;1385
0+600;0+628;baik;3.5;DEMPELAN;628;beton;1386
0+000;0+100;baik;3.3;DOHO;1524;aspal;152
0+100;0+200;baik;3.3;DOHO;1524;aspal;153
0+200;0+300;baik;3.3;DOHO;1524;aspal;154
0+300;0+400;baik;3.3;DOHO;1524;aspal;155
0+400;0+500;baik;3.3;DOHO;1524;aspal;156
0+500;0+600;baik;3.3;DOHO;1524;aspal;157
0+600;0+700;baik;3.3;DOHO;1524;aspal;158
0+700;0+800;baik;3.3;DOHO;1524;aspal;159
0+800;0+900;sedang;3.3;DOHO;1524;aspal;160
0+900;1+000;sedang;3.3;DOHO;1524;aspal;161
1+000;1+100;sedang;3;DOHO;1524;aspal;162
1+100;1+200;sedang;3;DOHO;1524;aspal;163
1+200;1+300;sedang;3;DOHO;1524;aspal;164
1+300;1+400;sedang;2;DOHO;1524;aspal;165
1+400;1+500;sedang;2.2;DOHO;1524;aspal;166
1+500;1+524;sedang;2.3;DOHO;1524;aspal;167
0+000;0+100;baik;3.1;DOLOPO I;570;aspal;175
0+100;0+200;baik;3.1;DOLOPO I;570;aspal;176
0+200;0+300;baik;3.1;DOLOPO I;570;aspal;177
0+300;0+400;baik;3.1;DOLOPO I;570;aspal;178
0+400;0+500;baik;3.1;DOLOPO I;570;aspal;179
0+500;0+500;baik;3.1;DOLOPO I;570;aspal;180
0+000;0+100;sedang;2.6;DOLOPO II;635;aspal;192
0+100;0+200;RR;2.6;DOLOPO II;635;aspal;193
0+200;0+300;RR;2.6;DOLOPO II;635;aspal;194
0+300;0+400;RR;2.6;DOLOPO II;635;aspal;195
0+400;0+500;RR;2.8;DOLOPO II;635;aspal;196
0+500;0+600;sedang;3;DOLOPO II;635;aspal;197
0+600;0+634;sedang;3;DOLOPO II;635;aspal;198
0+000;0+100;RB;3.2;DUREN I;921;aspal;794
0+100;0+200;RB;3.2;DUREN I;921;aspal;795
0+200;0+300;RB;3.2;DUREN I;921;tanah;796
0+300;0+400;RB;3.2;DUREN I;921;aspal;797
0+400;0+500;RB;3.2;DUREN I;921;aspal;798
0+500;0+600;RB;3.2;DUREN I;921;aspal;799
0+600;0+700;RB;3.2;DUREN I;921;aspal;800
0+700;0+800;RB;3.2;DUREN I;921;aspal;801
0+800;0+900;RB;3.2;DUREN I;921;makadam;802
0+900;0+912;RB;3.2;DUREN I;921;makadam;803
0+000;0+100;RR;2.8;DUREN II;1599;beton;804
0+100;0+200;RB;2.8;DUREN II;1599;beton;805
0+200;0+300;RB;2.8;DUREN II;1599;beton;806
0+300;0+400;RR;2.8;DUREN II;1599;beton;807
0+400;0+500;RB;2.8;DUREN II;1599;beton;808
0+500;0+600;RB;2.8;DUREN II;1599;makadam;809
0+600;0+700;RB;2.8;DUREN II;1599;makadam;810
0+700;0+800;RB;2.8;DUREN II;1599;makadam;811
0+800;0+900;RR;3;DUREN II;1599;beton;812
0+900;1+000;RR;3;DUREN II;1599;beton;813
1+000;1+100;RR;3;DUREN II;1599;beton;814
1+100;1+200;RB;3;DUREN II;1599;makadam;815
1+200;1+300;RB;3;DUREN II;1599;makadam;816
1+300;1+400;RR;3;DUREN II;1599;beton;817
1+400;1+500;RR;3;DUREN II;1599;beton;818
1+500;1+599;RR;3;DUREN II;1599;beton;819
0+000;0+100;RB;2.8;DURENAN I;1725;aspal;478
0+100;0+200;RB;2.8;DURENAN I;1725;aspal;479
0+200;0+300;RB;2.8;DURENAN I;1725;tanah;480
0+300;0+400;RB;2.8;DURENAN I;1725;aspal;481
0+400;0+500;RB;2.8;DURENAN I;1725;aspal;482
0+500;0+600;RB;2.8;DURENAN I;1725;aspal;483
0+600;0+700;RB;2.8;DURENAN I;1725;aspal;484
0+700;0+800;RB;2.8;DURENAN I;1725;aspal;485
0+800;0+900;RB;2.8;DURENAN I;1725;makadam;486
0+900;1+000;RB;2.8;DURENAN I;1725;makadam;487
1+000;1+100;RB;2.8;DURENAN I;1725;makadam;488
1+100;1+200;RB;2.8;DURENAN I;1725;makadam;489
1+200;1+300;RB;2.8;DURENAN I;1725;makadam;490
1+300;1+400;RB;2.8;DURENAN I;1725;makadam;491
1+400;1+500;RB;2.8;DURENAN I;1725;makadam;492
1+500;1+600;RB;2.8;DURENAN I;1725;makadam;493
1+600;1+700;RB;2.8;DURENAN I;1725;makadam;494
1+700;1+724;RB;2.8;DURENAN I;1725;makadam;495
0+000;0+100;RB;3;DURENAN II;1439;makadam;496
0+100;0+200;RB;3;DURENAN II;1439;makadam;497
0+200;0+300;RB;3;DURENAN II;1439;makadam;498
0+300;0+400;RB;3;DURENAN II;1439;makadam;499
0+400;0+500;RB;3;DURENAN II;1439;makadam;500
0+500;0+600;RB;3;DURENAN II;1439;makadam;501
0+600;0+700;RB;3;DURENAN II;1439;makadam;502
0+700;0+800;RB;3;DURENAN II;1439;makadam;503
0+800;0+900;RB;3;DURENAN II;1439;makadam;504
0+900;1+000;RB;3;DURENAN II;1439;makadam;505
1+000;1+100;RB;3;DURENAN II;1439;beton;506
1+100;1+200;RB;3;DURENAN II;1439;beton;507
1+200;1+300;RB;3;DURENAN II;1439;beton;508
1+300;1+400;RB;3;DURENAN II;1439;beton;509
1+400;1+438;RB;3;DURENAN II;1439;beton;510
0+000;0+100;sedang;3.5;GADING;1832;aspal;1124
0+100;0+200;RR;3.5;GADING;1832;aspal;1125
0+200;0+300;RR;3.5;GADING;1832;aspal;1126
0+300;0+400;sedang;3.5;GADING;1832;aspal;1127
0+400;0+500;sedang;3.5;GADING;1832;aspal;1128
0+500;0+600;sedang;3.5;GADING;1832;aspal;1129
0+600;0+700;sedang;3.5;GADING;1832;aspal;1130
0+700;0+800;sedang;3.5;GADING;1832;aspal;1131
0+800;0+900;sedang;3.5;GADING;1832;aspal;1132
0+900;1+000;RR;3.5;GADING;1832;aspal;1133
1+000;1+100;RR;3.5;GADING;1832;aspal;1134
1+100;1+200;sedang;3.5;GADING;1832;aspal;1135
1+200;1+300;sedang;3.5;GADING;1832;aspal;1136
1+300;1+400;sedang;3.5;GADING;1832;aspal;1137
1+400;1+500;sedang;3.5;GADING;1832;aspal;1138
1+500;1+600;sedang;3.5;GADING;1832;aspal;1139
1+600;1+700;sedang;3.5;GADING;1832;aspal;1140
1+700;1+800;sedang;3.5;GADING;1832;aspal;1141
1+800;1+831;sedang;3.5;GADING;1832;aspal;1142
0+000;0+100;RR;4;GANDUL;1990;lapen;774
0+100;0+200;RB;4;GANDUL;1990;lapen;775
0+200;0+300;RB;4;GANDUL;1990;lapen;776
0+300;0+400;RB;4;GANDUL;1990;lapen;777
0+400;0+500;RR;4;GANDUL;1990;lapen;778
0+500;0+600;RR;4;GANDUL;1990;lapen;779
0+600;0+700;RR;3.6;GANDUL;1990;lapen;780
0+700;0+800;RB;3.8;GANDUL;1990;lapen;781
0+800;0+900;sedang;4;GANDUL;1990;aspal;782
0+900;1+000;sedang;4;GANDUL;1990;aspal;783
1+000;1+100;sedang;4;GANDUL;1990;aspal;784
1+100;1+200;sedang;4;GANDUL;1990;aspal;785
1+200;1+300;RR;4;GANDUL;1990;lapen;786
1+300;1+400;RB;4;GANDUL;1990;lapen;787
1+400;1+500;RB;4;GANDUL;1990;lapen;788
1+500;1+600;RR;4;GANDUL;1990;lapen;789
1+600;1+700;sedang;4;GANDUL;1990;lapen;790
1+700;1+800;sedang;4;GANDUL;1990;lapen;791
1+800;1+900;sedang;4;GANDUL;1990;lapen;792
1+900;1+989;RB;4;GANDUL;1990;tanah;793
0+000;0+100;RR;4;GARON;1530;aspal;1165
0+100;0+200;RR;4;GARON;1530;aspal;1166
0+200;0+300;RR;4;GARON;1530;aspal;1167
0+300;0+400;RR;4;GARON;1530;aspal;1168
0+400;0+500;RR;4;GARON;1530;aspal;1169
0+500;0+600;RR;4;GARON;1530;beton;1170
0+600;0+700;RR;4;GARON;1530;beton;1171
0+700;0+800;RR;4;GARON;1530;beton;1172
0+800;0+900;RR;4;GARON;1530;beton;1173
0+900;1+000;RR;4;GARON;1530;aspal;1174
1+000;1+100;RR;4;GARON;1530;aspal;1175
1+100;1+200;RR;4;GARON;1530;aspal;1176
1+200;1+300;RR;3;GARON;1530;aspal;1177
1+300;1+400;RB;3.5;GARON;1530;aspal;1178
1+400;1+500;RB;3.5;GARON;1530;aspal;1179
1+500;1+530;RB;3.5;GARON;1530;aspal;1180
0+000;0+100;RR;3.3;GEGER;785;aspal;1157
0+100;0+200;RR;3.3;GEGER;785;aspal;1158
0+200;0+300;RR;3.3;GEGER;785;aspal;1159
0+300;0+400;RR;3.3;GEGER;785;aspal;1160
0+400;0+500;RR;3.3;GEGER;785;aspal;1161
0+500;0+600;RR;3.3;GEGER;785;aspal;1162
0+600;0+700;RR;3.3;GEGER;785;aspal;1163
0+700;0+784;RR;3.3;GEGER;785;aspal;1164
0+000;0+100;RR;3.5;GROBOGAN;752;aspal;22
0+100;0+200;RR;3.5;GROBOGAN;752;aspal;23
0+200;0+300;RR;3.5;GROBOGAN;752;beton;24
0+300;0+400;RR;3.5;GROBOGAN;752;beton;25
0+400;0+500;baik;3.5;GROBOGAN;752;beton;26
0+500;0+600;baik;3.5;GROBOGAN;752;beton;27
0+600;0+700;baik;3.5;GROBOGAN;752;beton;28
0+700;0+751;baik;3.5;GROBOGAN;752;beton;29
0+000;0+100;RB;3;JERUK GULUNG;1207;tanah;1181
0+100;0+200;RB;3;JERUK GULUNG;1207;tanah;1182
0+200;0+300;RB;3;JERUK GULUNG;1207;tanah;1183
0+300;0+400;RB;3;JERUK GULUNG;1207;tanah;1184
0+400;0+500;RB;3;JERUK GULUNG;1207;tanah;1185
0+500;0+600;RB;3;JERUK GULUNG;1207;tanah;1186
0+600;0+700;RB;3;JERUK GULUNG;1207;tanah;1187
0+700;0+800;RB;3;JERUK GULUNG;1207;tanah;1188
0+800;0+900;RB;3;JERUK GULUNG;1207;tanah;1189
0+900;1+000;RB;3;JERUK GULUNG;1207;tanah;1190
1+000;1+100;RB;3;JERUK GULUNG;1207;tanah;1191
1+100;1+200;RB;3;JERUK GULUNG;1207;tanah;1192
1+200;1+200;RB;3;JERUK GULUNG;1207;tanah;1193
0+000;0+100;baik;4;JOGODAYUH;1744;aspal;89
0+100;0+200;baik;4;JOGODAYUH;1744;aspal;90
0+200;0+300;baik;4;JOGODAYUH;1744;aspal;91
0+300;0+400;baik;4;JOGODAYUH;1744;aspal;92
0+400;0+500;baik;4;JOGODAYUH;1744;aspal;93
0+500;0+600;baik;4;JOGODAYUH;1744;aspal;94
0+600;0+700;baik;4;JOGODAYUH;1744;aspal;95
0+700;0+800;baik;4;JOGODAYUH;1744;aspal;96
0+800;0+900;baik;4;JOGODAYUH;1744;aspal;97
0+900;1+000;baik;4;JOGODAYUH;1744;aspal;98
1+000;1+100;baik;4;JOGODAYUH;1744;aspal;99
1+100;1+200;baik;4;JOGODAYUH;1744;aspal;100
1+200;1+300;baik;4;JOGODAYUH;1744;aspal;101
1+300;1+400;baik;4;JOGODAYUH;1744;aspal;102
1+400;1+500;baik;4;JOGODAYUH;1744;aspal;103
1+500;1+600;baik;4;JOGODAYUH;1744;aspal;104
1+600;1+700;baik;4;JOGODAYUH;1744;aspal;105
1+700;1+743;baik;4;JOGODAYUH;1744;aspal;106
0+000;0+100;baik;3;JOHO;1571;aspal;288
0+100;0+200;baik;3;JOHO;1571;aspal;289
0+200;0+300;baik;3;JOHO;1571;aspal;290
0+300;0+400;baik;3;JOHO;1571;aspal;291
0+400;0+500;baik;3;JOHO;1571;aspal;292
0+500;0+600;baik;3;JOHO;1571;aspal;293
0+600;0+700;RR;3;JOHO;1571;aspal;294
0+700;0+800;baik;3;JOHO;1571;aspal;295
0+800;0+900;baik;3;JOHO;1571;aspal;296
0+900;1+000;baik;3;JOHO;1571;aspal;297
1+000;1+100;baik;3;JOHO;1571;aspal;298
1+100;1+200;baik;3;JOHO;1571;aspal;299
1+200;1+300;baik;3;JOHO;1571;aspal;300
1+300;1+400;baik;3;JOHO;1571;aspal;301
1+400;1+500;baik;3;JOHO;1571;aspal;302
1+500;1+570;baik;3;JOHO;1571;aspal;303
0+000;0+100;sedang;4;KAJANG;493;aspal;18
0+100;0+200;sedang;4;KAJANG;493;aspal;19
0+200;0+300;sedang;4;KAJANG;493;aspal;20
0+300;0+400;sedang;4;KAJANG;493;aspal;17
0+400;0+400;sedang;4;KAJANG;493;aspal;21
0+000;0+100;RR;4;KALIABU;1165;aspal;859
0+100;0+200;RB;4;KALIABU;1165;aspal;860
0+200;0+300;RB;4;KALIABU;1165;aspal;861
0+300;0+400;RB;4;KALIABU;1165;aspal;862
0+400;0+500;RR;4;KALIABU;1165;beton;863
0+500;0+600;RR;4;KALIABU;1165;beton;864
0+600;0+700;RR;4;KALIABU;1165;beton;865
0+700;0+800;RR;4;KALIABU;1165;beton;866
0+800;0+900;RR;4;KALIABU;1165;beton;867
0+900;1+000;RB;4;KALIABU;1165;tanah;868
1+000;1+100;RB;4;KALIABU;1165;tanah;869
1+100;1+165;RB;4;KALIABU;1165;tanah;870
0+000;0+100;baik;3.5;KALIGUNTING;2057;aspal;871
0+100;0+200;sedang;3.5;KALIGUNTING;2057;aspal;872
0+200;0+300;RR;3.5;KALIGUNTING;2057;aspal;873
0+300;0+400;RR;3.5;KALIGUNTING;2057;aspal;874
0+400;0+500;RR;3.5;KALIGUNTING;2057;aspal;875
0+500;0+600;RR;3.5;KALIGUNTING;2057;aspal;876
0+600;0+700;RR;3.5;KALIGUNTING;2057;aspal;877
0+700;0+800;RR;3;KALIGUNTING;2057;aspal;878
0+800;0+900;RR;3;KALIGUNTING;2057;aspal;879
0+900;1+000;RR;3;KALIGUNTING;2057;aspal;880
1+000;1+100;RR;3;KALIGUNTING;2057;aspal;881
1+100;1+200;RR;3;KALIGUNTING;2057;aspal;882
1+200;1+300;RR;3;KALIGUNTING;2057;aspal;883
1+300;1+400;RR;3;KALIGUNTING;2057;aspal;884
1+400;1+500;RR;3;KALIGUNTING;2057;aspal;885
1+500;1+600;RR;3;KALIGUNTING;2057;aspal;886
1+600;1+700;RR;3;KALIGUNTING;2057;aspal;887
1+700;1+800;RR;3;KALIGUNTING;2057;aspal;888
1+800;1+900;RR;3;KALIGUNTING;2057;aspal;889
1+900;2+000;RR;3;KALIGUNTING;2057;aspal;891
2+000;2+056;RR;3;KALIGUNTING;2057;aspal;890
0+000;0+100;RR;2.8;KARANGREJO;672;beton;410
0+100;0+200;RR;2.8;KARANGREJO;672;beton;411
0+200;0+300;RR;2.8;KARANGREJO;672;beton;412
0+300;0+400;RR;2.8;KARANGREJO;672;beton;413
0+400;0+500;RR;2.8;KARANGREJO;672;beton;414
0+500;0+600;RR;2.8;KARANGREJO;672;beton;415
0+600;0+671;RR;2.8;KARANGREJO;672;beton;416
0+000;0+100;sedang;2.6;KEBONAGUNG;844;beton;892
0+000;0+100;sedang;2.6;KEBONAGUNG;1174;beton;1224
0+100;0+200;sedang;2.6;KEBONAGUNG;844;beton;893
0+100;0+200;sedang;2.6;KEBONAGUNG;1174;beton;1225
0+200;0+300;sedang;2.6;KEBONAGUNG;844;beton;894
0+200;0+300;RR;2.5;KEBONAGUNG;1174;aspal;1226
0+300;0+400;sedang;2.5;KEBONAGUNG;844;aspal;895
0+300;0+400;sedang;2.5;KEBONAGUNG;1174;aspal;1227
0+400;0+500;sedang;2.5;KEBONAGUNG;844;aspal;896
0+400;0+500;sedang;2.6;KEBONAGUNG;1174;beton;1228
0+500;0+600;RR;2.5;KEBONAGUNG;844;aspal;897
0+500;0+600;sedang;2.5;KEBONAGUNG;1174;aspal;1229
0+600;0+700;sedang;2.5;KEBONAGUNG;844;aspal;898
0+600;0+700;sedang;2.5;KEBONAGUNG;1174;aspal;1230
0+700;0+800;sedang;2.5;KEBONAGUNG;844;aspal;899
0+700;0+800;sedang;2.5;KEBONAGUNG;1174;aspal;1231
0+800;0+844;sedang;2.5;KEBONAGUNG;844;aspal;900
0+800;0+900;sedang;2.5;KEBONAGUNG;1174;aspal;1232
0+900;1+000;sedang;2.5;KEBONAGUNG;1174;aspal;1233
1+000;1+100;sedang;2.5;KEBONAGUNG;1174;aspal;1234
1+100;1+173;sedang;2.5;KEBONAGUNG;1174;aspal;1235
0+000;0+100;baik;4;KEDONDONG;1514;aspal;843
0+100;0+200;baik;4;KEDONDONG;1514;aspal;844
0+200;0+300;baik;4;KEDONDONG;1514;aspal;845
0+300;0+400;RR;4;KEDONDONG;1514;aspal;846
0+400;0+500;RR;4;KEDONDONG;1514;aspal;847
0+500;0+600;RR;4;KEDONDONG;1514;aspal;848
0+600;0+700;RR;4;KEDONDONG;1514;aspal;849
0+700;0+800;RR;4;KEDONDONG;1514;aspal;850
0+800;0+900;RR;4;KEDONDONG;1514;aspal;851
0+900;1+000;RR;4;KEDONDONG;1514;aspal;852
1+000;1+100;RR;4;KEDONDONG;1514;beton;853
1+100;1+200;baik;4;KEDONDONG;1514;beton;854
1+200;1+300;baik;3;KEDONDONG;1514;beton;855
1+300;1+400;RR;3;KEDONDONG;1514;beton;856
1+400;1+500;baik;3;KEDONDONG;1514;aspal;857
1+500;1+513;baik;3;KEDONDONG;1514;aspal;858
0+000;0+100;RB;2.8;KEDUNGJATI;2194;beton;1097
0+100;0+200;RB;2.8;KEDUNGJATI;2194;beton;1098
0+200;0+300;RB;2.8;KEDUNGJATI;2194;beton;1099
0+300;0+400;RB;2.8;KEDUNGJATI;2194;makadam;1100
0+400;0+500;RB;2.8;KEDUNGJATI;2194;makadam;1101
0+500;0+600;sedang;2.8;KEDUNGJATI;2194;beton;1102
0+600;0+700;sedang;3;KEDUNGJATI;2194;beton;1103
0+700;0+800;sedang;3;KEDUNGJATI;2194;beton;1104
0+800;0+900;sedang;3;KEDUNGJATI;2194;beton;1105
0+900;1+000;RB;3;KEDUNGJATI;2194;makadam;1106
1+000;1+100;RB;3;KEDUNGJATI;2194;makadam;1107
1+100;1+200;RB;3;KEDUNGJATI;2194;makadam;1108
1+200;1+300;RB;3;KEDUNGJATI;2194;makadam;1109
1+300;1+400;RB;3;KEDUNGJATI;2194;makadam;1110
1+400;1+500;RB;3;KEDUNGJATI;2194;makadam;1111
1+500;1+600;RB;3;KEDUNGJATI;2194;makadam;1112
1+600;1+700;RB;3;KEDUNGJATI;2194;makadam;1113
1+700;1+800;RB;3;KEDUNGJATI;2194;makadam;1114
1+800;1+900;RB;3;KEDUNGJATI;2194;makadam;1115
1+900;2+000;RB;3;KEDUNGJATI;2194;makadam;1116
2+000;2+100;RB;3;KEDUNGJATI;2194;makadam;1117
2+100;2+193;RB;3;KEDUNGJATI;2194;makadam;1118
0+000;0+100;RR;3;KEPET;1355;aspal;322
0+100;0+200;RR;3;KEPET;1355;aspal;323
0+200;0+300;RR;3;KEPET;1355;aspal;324
0+300;0+400;RR;3;KEPET;1355;aspal;325
0+400;0+500;RR;3;KEPET;1355;aspal;326
0+500;0+600;RR;3;KEPET;1355;aspal;327
0+600;0+700;RR;3;KEPET;1355;aspal;328
0+700;0+800;RR;3;KEPET;1355;aspal;329
0+800;0+900;RR;3;KEPET;1355;aspal;330
0+900;1+000;RR;3;KEPET;1355;aspal;331
1+000;1+100;RR;3;KEPET;1355;aspal;332
1+100;1+200;RB;3;KEPET;1355;beton;333
1+200;1+300;RB;3;KEPET;1355;beton;334
1+300;1+355;RB;3;KEPET;1355;beton;335
0+000;0+100;RB;2.5;KERTOSARI;600;beton;107
0+100;0+200;RB;2.5;KERTOSARI;600;beton;108
0+200;0+300;RB;2.5;KERTOSARI;600;beton;109
0+300;0+400;RB;2.5;KERTOSARI;600;beton;110
0+400;0+500;RB;2.5;KERTOSARI;600;beton;111
0+500;0+599;RB;2.5;KERTOSARI;600;beton;112
0+000;0+100;sedang;3.3;KETANDAN;3123;aspal;256
0+100;0+200;sedang;3.3;KETANDAN;3123;aspal;257
0+200;0+300;sedang;3.3;KETANDAN;3123;aspal;258
0+300;0+400;sedang;3.3;KETANDAN;3123;aspal;259
0+400;0+500;sedang;3.3;KETANDAN;3123;aspal;260
0+500;0+600;sedang;3.3;KETANDAN;3123;aspal;261
0+600;0+700;sedang;3.3;KETANDAN;3123;aspal;262
0+700;0+800;sedang;3.3;KETANDAN;3123;aspal;263
0+800;0+900;sedang;3.3;KETANDAN;3123;aspal;264
0+900;1+000;sedang;3.3;KETANDAN;3123;aspal;265
1+000;1+100;sedang;3.3;KETANDAN;3123;aspal;266
1+100;1+200;sedang;3.3;KETANDAN;3123;aspal;267
1+200;1+300;sedang;3.3;KETANDAN;3123;aspal;268
1+300;1+400;sedang;3.3;KETANDAN;3123;aspal;269
1+400;1+500;sedang;3.3;KETANDAN;3123;aspal;270
1+500;1+600;sedang;3.3;KETANDAN;3123;aspal;271
1+600;1+700;sedang;3.3;KETANDAN;3123;aspal;272
1+700;1+800;sedang;3.3;KETANDAN;3123;aspal;273
1+800;1+900;sedang;3.3;KETANDAN;3123;aspal;274
1+900;2+000;sedang;3.3;KETANDAN;3123;aspal;275
2+000;2+100;sedang;3.3;KETANDAN;3123;aspal;276
2+100;2+200;sedang;3.3;KETANDAN;3123;aspal;277
2+200;2+300;sedang;3.3;KETANDAN;3123;aspal;278
2+300;2+400;sedang;3.3;KETANDAN;3123;aspal;279
2+400;2+500;sedang;3.3;KETANDAN;3123;aspal;280
2+500;2+600;sedang;3.3;KETANDAN;3123;aspal;281
2+600;2+700;RR;3.3;KETANDAN;3123;aspal;282
2+700;2+800;RR;3.3;KETANDAN;3123;aspal;283
2+800;2+900;RR;3.3;KETANDAN;3123;beton;284
2+900;3+000;RR;3.3;KETANDAN;3123;beton;285
3+000;3+100;RR;3.3;KETANDAN;3123;beton;286
3+100;3+122;RR;3.3;KETANDAN;3123;beton;287
0+000;0+100;baik;4;KINCANG WETAN;1500;aspal;30
0+100;0+200;sedang;4;KINCANG WETAN;1500;aspal;31
0+200;0+300;sedang;4;KINCANG WETAN;1500;aspal;32
0+300;0+400;baik;4;KINCANG WETAN;1500;aspal;33
0+400;0+500;baik;4;KINCANG WETAN;1500;aspal;34
0+500;0+600;baik;4;KINCANG WETAN;1500;aspal;35
0+600;0+700;baik;4;KINCANG WETAN;1500;aspal;36
0+700;0+800;baik;4;KINCANG WETAN;1500;aspal;37
0+800;0+900;sedang;4;KINCANG WETAN;1500;aspal;38
0+900;1+000;sedang;4;KINCANG WETAN;1500;aspal;39
1+000;1+100;baik;3.8;KINCANG WETAN;1500;aspal;40
1+100;1+200;baik;3.8;KINCANG WETAN;1500;aspal;41
1+200;1+300;baik;3.8;KINCANG WETAN;1500;aspal;42
1+300;1+400;baik;3.8;KINCANG WETAN;1500;aspal;43
1+400;1+499;baik;3.8;KINCANG WETAN;1500;aspal;44
0+000;0+100;RB;2;KLANGON;1705;tanah;592
0+100;0+200;RB;2;KLANGON;1705;tanah;593
0+200;0+300;RB;2;KLANGON;1705;tanah;594
0+300;0+400;RB;2;KLANGON;1705;tanah;595
0+400;0+500;RB;2;KLANGON;1705;tanah;596
0+500;0+600;RB;2;KLANGON;1705;tanah;597
0+600;0+700;RB;2;KLANGON;1705;tanah;598
0+700;0+800;RB;2;KLANGON;1705;tanah;599
0+800;0+900;RB;3;KLANGON;1705;beton;600
0+900;1+000;RR;4;KLANGON;1705;beton;601
1+000;1+100;RR;4;KLANGON;1705;beton;602
1+100;1+200;RR;4;KLANGON;1705;beton;603
1+200;1+300;RR;4;KLANGON;1705;beton;604
1+300;1+400;RR;4;KLANGON;1705;beton;605
1+400;1+500;RR;4;KLANGON;1705;beton;606
1+500;1+600;RR;4;KLANGON;1705;beton;607
1+600;1+700;RR;4;KLANGON;1705;beton;608
1+700;1+705;RR;4;KLANGON;1705;beton;609
0+000;0+100;baik;2.5;KLOROGAN;440;aspal;13
0+100;0+200;baik;2.5;KLOROGAN;440;aspal;14
0+200;0+300;baik;3;KLOROGAN;440;aspal;15
0+300;0+400;baik;3;KLOROGAN;440;aspal;12
0+400;0+440;baik;3;KLOROGAN;440;aspal;16
0+000;0+100;baik;3.5;KLUMPIT;506;aspal;1444
0+100;0+200;RR;3.5;KLUMPIT;506;aspal;1445
0+200;0+300;sedang;3.5;KLUMPIT;506;aspal;1446
0+300;0+400;baik;3.5;KLUMPIT;506;aspal;1447
0+400;0+500;sedang;3.5;KLUMPIT;506;aspal;1448
0+500;0+505;baik;3.5;KLUMPIT;506;beton;1449
0+000;0+100;baik;3;KLUMUTAN;5340;aspal;610
0+100;0+200;baik;3;KLUMUTAN;5340;aspal;611
0+200;0+300;baik;3;KLUMUTAN;5340;aspal;612
0+300;0+400;RB;3;KLUMUTAN;5340;tanah;613
0+400;0+500;RB;3;KLUMUTAN;5340;tanah;614
0+500;0+600;RB;3;KLUMUTAN;5340;tanah;615
0+600;0+700;RB;3;KLUMUTAN;5340;tanah;616
0+700;0+800;RB;3;KLUMUTAN;5340;tanah;617
0+800;0+900;RB;3;KLUMUTAN;5340;tanah;618
0+900;1+000;RB;3;KLUMUTAN;5340;tanah;619
1+000;1+100;RB;3;KLUMUTAN;5340;tanah;620
1+100;1+200;RB;3;KLUMUTAN;5340;aspal;621
1+200;1+300;RR;3;KLUMUTAN;5340;aspal;622
1+300;1+400;RR;3;KLUMUTAN;5340;aspal;623
1+400;1+500;RR;3;KLUMUTAN;5340;aspal;624
1+500;1+600;RR;3;KLUMUTAN;5340;aspal;625
1+600;1+700;RR;3;KLUMUTAN;5340;aspal;626
1+700;1+800;RR;3;KLUMUTAN;5340;aspal;627
1+800;1+900;RR;3;KLUMUTAN;5340;aspal;628
1+900;2+000;RR;3;KLUMUTAN;5340;aspal;629
2+000;2+100;RR;3;KLUMUTAN;5340;aspal;630
2+100;2+200;RR;3;KLUMUTAN;5340;aspal;631
2+200;2+300;RR;3;KLUMUTAN;5340;aspal;632
2+300;2+400;RR;3;KLUMUTAN;5340;aspal;633
2+400;2+500;RR;3;KLUMUTAN;5340;beton;634
2+500;2+600;RR;3;KLUMUTAN;5340;beton;635
2+600;2+700;RR;3;KLUMUTAN;5340;aspal;636
2+700;2+800;RR;3;KLUMUTAN;5340;aspal;637
2+800;2+900;RB;3;KLUMUTAN;5340;aspal;638
2+900;3+000;RB;3;KLUMUTAN;5340;makadam;639
3+000;3+100;RB;3;KLUMUTAN;5340;makadam;640
3+100;3+200;RB;3;KLUMUTAN;5340;makadam;641
3+200;3+300;RB;3;KLUMUTAN;5340;makadam;642
3+300;3+400;RB;3;KLUMUTAN;5340;makadam;643
3+400;3+500;RB;3;KLUMUTAN;5340;makadam;644
3+500;3+600;RR;3;KLUMUTAN;5340;beton;645
3+600;3+700;RR;3;KLUMUTAN;5340;beton;646
3+700;3+800;RR;3;KLUMUTAN;5340;beton;647
3+800;3+900;RR;3;KLUMUTAN;5340;beton;648
3+900;4+000;RB;3;KLUMUTAN;5340;makadam;649
4+000;4+100;RB;3;KLUMUTAN;5340;makadam;650
4+100;4+200;RB;3;KLUMUTAN;5340;makadam;651
4+200;4+300;RB;3;KLUMUTAN;5340;makadam;652
4+300;4+400;RB;3;KLUMUTAN;5340;makadam;653
4+400;4+500;RB;3;KLUMUTAN;5340;makadam;654
4+500;4+600;RB;3;KLUMUTAN;5340;makadam;655
4+600;4+700;RB;3;KLUMUTAN;5340;makadam;656
4+700;4+800;RB;3;KLUMUTAN;5340;makadam;657
4+800;4+900;RB;3;KLUMUTAN;5340;makadam;658
4+900;5+000;RB;3;KLUMUTAN;5340;makadam;659
5+000;5+100;RB;3;KLUMUTAN;5340;makadam;660
5+100;5+200;RB;3;KLUMUTAN;5340;makadam;661
5+200;5+300;RB;3;KLUMUTAN;5340;makadam;662
5+300;5+340;RB;3;KLUMUTAN;5340;makadam;663
0+000;0+100;sedang;3;KRADINAN;536;aspal;137
0+100;0+200;sedang;3;KRADINAN;536;aspal;138
0+200;0+300;sedang;2.9;KRADINAN;536;aspal;139
0+300;0+400;sedang;2.9;KRADINAN;536;aspal;140
0+400;0+500;sedang;2.9;KRADINAN;536;aspal;141
0+500;0+535;sedang;2.9;KRADINAN;536;aspal;142
0+000;0+100;sedang;4;KRANGGAN;1375;aspal;113
0+100;0+200;sedang;4;KRANGGAN;1375;aspal;114
0+200;0+300;sedang;4;KRANGGAN;1375;aspal;115
0+300;0+400;sedang;4;KRANGGAN;1375;aspal;116
0+400;0+500;sedang;4;KRANGGAN;1375;aspal;117
0+500;0+600;sedang;4;KRANGGAN;1375;aspal;118
0+600;0+700;sedang;4;KRANGGAN;1375;aspal;119
0+700;0+800;sedang;4;KRANGGAN;1375;aspal;120
0+800;0+900;RR;4;KRANGGAN;1375;beton;121
0+900;1+000;RR;4;KRANGGAN;1375;beton;122
1+000;1+100;RR;4;KRANGGAN;1375;beton;123
1+100;1+200;RR;4;KRANGGAN;1375;beton;124
1+200;1+300;RR;4;KRANGGAN;1375;aspal;125
1+300;1+375;RR;4;KRANGGAN;1375;aspal;126
0+000;0+100;RB;3.5;KUWU I;1486;makadam;1236
0+100;0+200;RB;3.5;KUWU I;1486;makadam;1237
0+200;0+300;RB;3.5;KUWU I;1486;makadam;1238
0+300;0+400;RB;3.5;KUWU I;1486;makadam;1239
0+400;0+500;RB;3.5;KUWU I;1486;makadam;1240
0+500;0+600;RB;3.5;KUWU I;1486;makadam;1241
0+600;0+700;RB;3.5;KUWU I;1486;makadam;1242
0+700;0+800;RB;3.5;KUWU I;1486;makadam;1243
0+800;0+900;RB;3.5;KUWU I;1486;makadam;1244
0+900;1+000;RB;3.5;KUWU I;1486;makadam;1245
1+000;1+100;RB;3.5;KUWU I;1486;makadam;1246
1+100;1+200;RB;3.5;KUWU I;1486;makadam;1247
1+200;1+300;RB;3.5;KUWU I;1486;makadam;1248
1+300;1+400;RB;3.5;KUWU I;1486;makadam;1249
1+400;1+486;RB;3.5;KUWU I;1486;makadam;1250
0+000;0+100;RB;3;KUWU II;1195;beton;1251
0+100;0+200;RB;3;KUWU II;1195;beton;1252
0+200;0+300;RB;3;KUWU II;1195;beton;1253
0+300;0+400;RB;3;KUWU II;1195;beton;1254
0+400;0+500;RB;3;KUWU II;1195;beton;1255
0+500;0+600;RB;3;KUWU II;1195;beton;1256
0+600;0+700;RB;3;KUWU II;1195;beton;1257
0+700;0+800;RB;3;KUWU II;1195;beton;1258
0+800;0+900;RB;3;KUWU II;1195;makadam;1259
0+900;1+000;RB;3;KUWU II;1195;makadam;1260
1+000;1+100;RB;3;KUWU II;1195;makadam;1261
1+100;1+195;RB;3;KUWU II;1195;makadam;1262
0+000;0+100;baik;3;KWANGSEN;1178;aspal;45
0+100;0+200;sedang;3;KWANGSEN;1178;aspal;46
0+200;0+300;sedang;3;KWANGSEN;1178;aspal;47
0+300;0+400;sedang;3;KWANGSEN;1178;aspal;48
0+400;0+500;baik;3;KWANGSEN;1178;aspal;49
0+500;0+600;baik;3;KWANGSEN;1178;aspal;50
0+600;0+700;sedang;3;KWANGSEN;1178;aspal;51
0+700;0+800;sedang;3;KWANGSEN;1178;aspal;52
0+800;0+900;baik;3;KWANGSEN;1178;aspal;53
0+900;1+000;baik;3;KWANGSEN;1178;aspal;54
1+000;1+100;baik;3;KWANGSEN;1178;aspal;55
1+100;1+178;baik;3;KWANGSEN;1178;aspal;56
0+000;0+100;sedang;3.3;LEMBAH;951;aspal;127
0+100;0+200;sedang;3.3;LEMBAH;951;aspal;128
0+200;0+300;sedang;3;LEMBAH;951;aspal;129
0+300;0+400;sedang;3;LEMBAH;951;aspal;130
0+400;0+500;baik;3;LEMBAH;951;aspal;131
0+500;0+600;baik;3;LEMBAH;951;aspal;132
0+600;0+700;baik;3.1;LEMBAH;951;aspal;133
0+700;0+800;baik;3;LEMBAH;951;aspal;134
0+800;0+900;baik;3;LEMBAH;951;aspal;135
0+900;0+951;baik;3.1;LEMBAH;951;aspal;136
0+000;0+100;RB;4;LUWORO;1755;tanah;756
0+100;0+200;RB;4;LUWORO;1755;tanah;757
0+200;0+300;baik;4;LUWORO;1755;beton;758
0+300;0+400;baik;4;LUWORO;1755;beton;759
0+400;0+500;RB;4;LUWORO;1755;beton;760
0+500;0+600;RB;4;LUWORO;1755;aspal;761
0+600;0+700;RR;4;LUWORO;1755;aspal;762
0+700;0+800;RR;3.7;LUWORO;1755;aspal;763
0+800;0+900;RR;3.7;LUWORO;1755;aspal;764
0+900;1+000;RR;3.7;LUWORO;1755;aspal;765
1+000;1+100;RB;3.7;LUWORO;1755;aspal;766
1+100;1+200;RR;3.7;LUWORO;1755;aspal;767
1+200;1+300;RB;3.7;LUWORO;1755;aspal;768
1+300;1+400;RB;3.7;LUWORO;1755;aspal;769
1+400;1+500;RB;3.7;LUWORO;1755;aspal;770
1+500;1+600;RB;3.7;LUWORO;1755;aspal;771
1+600;1+700;RB;3.7;LUWORO;1755;aspal;772
1+700;1+755;RB;3.7;LUWORO;1755;aspal;773
0+000;0+100;RB;2.8;MEJAYAN;1666;makadam;901
0+100;0+200;RB;2.8;MEJAYAN;1666;makadam;902
0+200;0+300;RB;2.8;MEJAYAN;1666;makadam;903
0+300;0+400;RB;2.8;MEJAYAN;1666;makadam;904
0+400;0+500;RB;2.8;MEJAYAN;1666;makadam;905
0+500;0+600;RB;2.8;MEJAYAN;1666;tanah;906
0+600;0+700;RB;2.8;MEJAYAN;1666;tanah;907
0+700;0+800;RB;2.8;MEJAYAN;1666;tanah;908
0+800;0+900;RB;2.8;MEJAYAN;1666;tanah;909
0+900;1+000;RB;2.8;MEJAYAN;1666;tanah;910
1+000;1+100;RB;2.8;MEJAYAN;1666;tanah;911
1+100;1+200;RB;2.8;MEJAYAN;1666;tanah;912
1+200;1+300;RB;2.8;MEJAYAN;1666;tanah;913
1+300;1+400;RB;2.8;MEJAYAN;1666;tanah;914
1+400;1+500;RB;2.8;MEJAYAN;1666;tanah;915
1+500;1+600;RB;2.8;MEJAYAN;1666;tanah;916
1+600;1+666;RB;2.8;MEJAYAN;1666;tanah;917
0+000;0+100;baik;2.9;MENDAK;1652;aspal;363
0+100;0+200;baik;2.9;MENDAK;1652;aspal;364
0+200;0+300;sedang;2.9;MENDAK;1652;aspal;365
0+300;0+400;baik;2.9;MENDAK;1652;aspal;366
0+400;0+500;baik;2.9;MENDAK;1652;aspal;367
0+500;0+600;baik;2.9;MENDAK;1652;aspal;368
0+600;0+700;baik;2.9;MENDAK;1652;aspal;369
0+700;0+800;baik;2.9;MENDAK;1652;aspal;370
0+800;0+900;baik;2.9;MENDAK;1652;aspal;371
0+900;1+000;baik;2.9;MENDAK;1652;aspal;372
1+000;1+100;baik;2.9;MENDAK;1652;aspal;373
1+100;1+200;baik;2.9;MENDAK;1652;aspal;374
1+200;1+300;baik;2.9;MENDAK;1652;aspal;375
1+300;1+400;baik;2.9;MENDAK;1652;aspal;376
1+400;1+500;baik;2.9;MENDAK;1652;aspal;377
1+500;1+600;baik;2.9;MENDAK;1652;aspal;378
1+600;1+652;baik;2.9;MENDAK;1652;aspal;379
0+000;0+100;baik;3;MOJOPURNO;967;aspal;450
0+100;0+200;baik;3;MOJOPURNO;967;aspal;451
0+200;0+300;baik;3;MOJOPURNO;967;aspal;452
0+300;0+400;baik;3;MOJOPURNO;967;aspal;453
0+400;0+500;baik;3;MOJOPURNO;967;aspal;454
0+500;0+600;baik;3;MOJOPURNO;967;aspal;455
0+600;0+700;baik;3;MOJOPURNO;967;aspal;456
0+700;0+800;baik;3;MOJOPURNO;967;aspal;457
0+800;0+900;baik;3;MOJOPURNO;967;aspal;458
0+900;0+967;baik;3;MOJOPURNO;967;aspal;459
0+000;0+100;baik;2;MOJOREJO;823;aspal;466
0+100;0+200;RR;2;MOJOREJO;823;aspal;467
0+200;0+300;baik;2;MOJOREJO;823;aspal;468
0+300;0+400;baik;2;MOJOREJO;823;aspal;469
0+400;0+500;baik;2;MOJOREJO;823;aspal;470
0+500;0+600;baik;2;MOJOREJO;823;aspal;471
0+600;0+700;baik;2;MOJOREJO;823;aspal;472
0+700;0+800;baik;2;MOJOREJO;823;aspal;473
0+800;0+822;baik;2;MOJOREJO;823;aspal;474
0+000;0+100;baik;3;NGADIREJO;1352;aspal;1037
0+000;0+100;baik;3;NGADIREJO;1244;aspal;1051
0+100;0+200;baik;3;NGADIREJO;1352;aspal;1038
0+100;0+200;baik;3;NGADIREJO;1244;aspal;1052
0+200;0+300;baik;3;NGADIREJO;1352;aspal;1039
0+200;0+300;baik;3;NGADIREJO;1244;aspal;1053
0+300;0+400;baik;3;NGADIREJO;1352;aspal;1040
0+300;0+400;RB;3;NGADIREJO;1244;aspal;1054
0+400;0+500;RB;3;NGADIREJO;1352;beton;1041
0+400;0+500;RB;3;NGADIREJO;1244;beton;1055
0+500;0+600;RB;3;NGADIREJO;1352;beton;1042
0+500;0+600;RB;3;NGADIREJO;1244;beton;1056
0+600;0+700;RB;3;NGADIREJO;1352;beton;1043
0+600;0+700;RB;3;NGADIREJO;1244;beton;1057
0+700;0+800;sedang;3;NGADIREJO;1352;beton;1044
0+700;0+800;sedang;3;NGADIREJO;1244;beton;1058
0+800;0+900;RR;3;NGADIREJO;1352;beton;1045
0+800;0+900;RR;3;NGADIREJO;1244;beton;1059
0+900;1+000;sedang;3;NGADIREJO;1352;beton;1046
0+900;1+000;sedang;3;NGADIREJO;1244;beton;1060
1+000;1+100;sedang;3;NGADIREJO;1352;beton;1047
1+000;1+100;sedang;3;NGADIREJO;1244;beton;1061
1+100;1+200;sedang;3;NGADIREJO;1352;beton;1048
1+100;1+200;sedang;3;NGADIREJO;1244;beton;1062
1+200;1+300;sedang;3;NGADIREJO;1352;beton;1049
1+200;1+243;sedang;3;NGADIREJO;1244;beton;1063
1+300;1+351;sedang;3;NGADIREJO;1352;beton;1050
0+000;0+100;RR;3;NGLAMBANGAN I;609;aspal;417
0+100;0+200;RR;3;NGLAMBANGAN I;609;aspal;418
0+200;0+300;RR;3;NGLAMBANGAN I;609;aspal;419
0+300;0+400;RR;3;NGLAMBANGAN I;609;aspal;420
0+400;0+500;RR;3;NGLAMBANGAN I;609;aspal;421
0+500;0+600;RR;3;NGLAMBANGAN I;609;aspal;422
0+600;0+608;RR;3;NGLAMBANGAN I;609;aspal;423
0+000;0+100;sedang;3;NGLAMBANGAN II;986;aspal;424
0+100;0+200;sedang;3;NGLAMBANGAN II;986;aspal;425
0+200;0+300;RR;3;NGLAMBANGAN II;986;aspal;426
0+300;0+400;RR;3;NGLAMBANGAN II;986;aspal;427
0+400;0+500;RR;3;NGLAMBANGAN II;986;beton;428
0+500;0+600;RR;3;NGLAMBANGAN II;986;beton;429
0+600;0+700;RR;3;NGLAMBANGAN II;986;aspal;430
0+700;0+800;RR;3;NGLAMBANGAN II;986;aspal;431
0+800;0+900;RR;3;NGLAMBANGAN II;986;aspal;432
0+900;0+985;RR;3;NGLAMBANGAN II;986;aspal;433
0+000;0+100;RR;2.9;NGLAMBANGAN III;1543;beton;434
0+100;0+200;RR;2.9;NGLAMBANGAN III;1543;beton;435
0+200;0+300;RR;2.9;NGLAMBANGAN III;1543;beton;436
0+300;0+400;RR;2.9;NGLAMBANGAN III;1543;beton;437
0+400;0+500;RR;2.9;NGLAMBANGAN III;1543;aspal;438
0+500;0+600;RR;2.9;NGLAMBANGAN III;1543;aspal;439
0+600;0+700;RR;2.9;NGLAMBANGAN III;1543;aspal;440
0+700;0+800;RR;2.9;NGLAMBANGAN III;1543;aspal;441
0+800;0+900;RR;3;NGLAMBANGAN III;1543;aspal;442
0+900;1+000;RR;3;NGLAMBANGAN III;1543;aspal;443
1+000;1+100;RR;3;NGLAMBANGAN III;1543;aspal;444
1+100;1+200;RR;3;NGLAMBANGAN III;1543;aspal;445
1+200;1+300;RR;3;NGLAMBANGAN III;1543;beton;446
1+300;1+400;RR;3;NGLAMBANGAN III;1543;beton;447
1+400;1+500;RR;3;NGLAMBANGAN III;1543;beton;448
1+500;1+542;RB;3;NGLAMBANGAN III;1543;beton;449
0+000;0+100;RR;3;NGLANDUK;578;aspal;460
0+100;0+200;RR;3;NGLANDUK;578;aspal;461
0+200;0+300;sedang;3;NGLANDUK;578;beton;462
0+300;0+400;sedang;3;NGLANDUK;578;aspal;463
0+400;0+500;sedang;3;NGLANDUK;578;aspal;464
0+500;0+500;sedang;3;NGLANDUK;578;aspal;465
0+000;0+100;RB;3.5;PACINAN;1558;makadam;1263
0+100;0+200;RB;3.5;PACINAN;1558;makadam;1264
0+200;0+300;RB;3.5;PACINAN;1558;beton;1265
0+300;0+400;RB;3.5;PACINAN;1558;beton;1266
0+400;0+500;sedang;3.5;PACINAN;1558;beton;1267
0+500;0+600;RB;4;PACINAN;1558;makadam;1268
0+600;0+700;RB;4;PACINAN;1558;beton;1269
0+700;0+800;RB;4;PACINAN;1558;makadam;1270
0+800;0+900;RB;4;PACINAN;1558;makadam;1271
0+900;1+000;RB;4;PACINAN;1558;beton;1272
1+000;1+100;sedang;4;PACINAN;1558;beton;1273
1+100;1+200;sedang;4;PACINAN;1558;beton;1274
1+200;1+300;baik;4;PACINAN;1558;beton;1275
1+300;1+400;baik;4;PACINAN;1558;beton;1276
1+400;1+500;baik;4;PACINAN;1558;beton;1277
1+500;1+558;sedang;4;PACINAN;1558;beton;1278
0+000;0+100;RR;2.5;PALUR I;1041;aspal;1
0+100;0+200;RR;2.5;PALUR I;1041;aspal;2
0+200;0+300;RR;2.5;PALUR I;1041;aspal;3
0+300;0+400;RR;2.5;PALUR I;1041;aspal;4
0+400;0+500;RR;3;PALUR I;1041;aspal;5
0+500;0+600;RR;3;PALUR I;1041;aspal;6
0+600;0+700;RR;3;PALUR I;1041;aspal;7
0+700;0+800;RR;3;PALUR I;1041;aspal;8
0+800;0+900;RR;3;PALUR I;1041;aspal;9
0+900;1+000;RR;3;PALUR I;1041;aspal;10
1+000;1+100;RR;3;PALUR I;1041;aspal;11
0+000;0+100;RR;3;PALUR II;1082;aspal;181
0+100;0+200;RR;3;PALUR II;1082;aspal;182
0+200;0+300;RR;3;PALUR II;1082;aspal;183
0+300;0+400;RR;3;PALUR II;1082;aspal;184
0+400;0+500;RR;3;PALUR II;1082;aspal;185
0+500;0+600;RR;3;PALUR II;1082;aspal;186
0+600;0+700;baik;3;PALUR II;1082;aspal;187
0+700;0+800;baik;3;PALUR II;1082;aspal;188
0+800;0+900;baik;3;PALUR II;1082;aspal;189
0+900;1+000;RR;3;PALUR II;1082;aspal;190
1+000;1+081;RR;3;PALUR II;1082;aspal;191
0+000;0+100;RR;2;PALUR III;1139;aspal;351
0+100;0+200;RR;2;PALUR III;1139;aspal;352
0+200;0+300;RR;2;PALUR III;1139;aspal;353
0+300;0+400;RB;2;PALUR III;1139;aspal;354
0+400;0+500;RR;2;PALUR III;1139;aspal;355
0+500;0+600;RR;2;PALUR III;1139;aspal;356
0+600;0+700;RR;3;PALUR III;1139;aspal;357
0+700;0+800;RR;3;PALUR III;1139;aspal;358
0+800;0+900;RR;3;PALUR III;1139;aspal;359
0+900;1+000;RR;3;PALUR III;1139;aspal;360
1+000;1+100;RR;3;PALUR III;1139;aspal;361
1+100;1+138;sedang;3;PALUR III;1139;aspal;362
0+000;0+100;sedang;2.8;PILANGREJO I;1375;aspal;390
0+100;0+200;sedang;2.7;PILANGREJO I;1375;aspal;391
0+200;0+300;sedang;3;PILANGREJO I;1375;aspal;392
0+300;0+400;sedang;3;PILANGREJO I;1375;aspal;393
0+400;0+500;sedang;3;PILANGREJO I;1375;aspal;394
0+500;0+600;sedang;3;PILANGREJO I;1375;aspal;395
0+600;0+700;sedang;3;PILANGREJO I;1375;aspal;396
0+700;0+800;sedang;3;PILANGREJO I;1375;aspal;397
0+800;0+900;sedang;3;PILANGREJO I;1375;aspal;398
0+900;1+000;sedang;3;PILANGREJO I;1375;aspal;399
1+000;1+100;sedang;3;PILANGREJO I;1375;aspal;400
1+100;1+200;sedang;3;PILANGREJO I;1375;aspal;401
1+200;1+300;sedang;3;PILANGREJO I;1375;aspal;402
1+300;1+300;sedang;3;PILANGREJO I;1375;aspal;403
0+000;0+100;sedang;2.5;PILANGREJO II;506;aspal;404
0+100;0+200;sedang;2.5;PILANGREJO II;506;aspal;405
0+200;0+300;sedang;2.5;PILANGREJO II;506;aspal;406
0+300;0+400;sedang;2.5;PILANGREJO II;506;aspal;407
0+400;0+500;sedang;2.5;PILANGREJO II;506;makadam;408
0+500;0+505;sedang;2.5;PILANGREJO II;506;makadam;409
0+000;0+100;sedang;3;PLUMPUNGREJO;625;aspal;968
0+100;0+200;sedang;3;PLUMPUNGREJO;625;aspal;969
0+200;0+300;sedang;3;PLUMPUNGREJO;625;aspal;970
0+300;0+400;sedang;3;PLUMPUNGREJO;625;aspal;971
0+400;0+500;sedang;3;PLUMPUNGREJO;625;aspal;972
0+500;0+600;sedang;3;PLUMPUNGREJO;625;aspal;973
0+600;0+624;sedang;3;PLUMPUNGREJO;625;aspal;974
0+000;0+100;sedang;3;PURWOREJO;1732;aspal;1279
0+100;0+200;sedang;3;PURWOREJO;1732;aspal;1280
0+200;0+300;RR;3;PURWOREJO;1732;aspal;1281
0+300;0+400;RR;3;PURWOREJO;1732;aspal;1282
0+400;0+500;sedang;3;PURWOREJO;1732;aspal;1283
0+500;0+600;sedang;3;PURWOREJO;1732;aspal;1284
0+600;0+700;sedang;3;PURWOREJO;1732;aspal;1285
0+700;0+800;sedang;3;PURWOREJO;1732;aspal;1286
0+800;0+900;sedang;3;PURWOREJO;1732;beton;1287
0+900;1+000;RR;3;PURWOREJO;1732;beton;1288
1+000;1+100;RR;3;PURWOREJO;1732;beton;1289
1+100;1+200;RR;3;PURWOREJO;1732;beton;1290
1+200;1+300;RR;3;PURWOREJO;1732;beton;1291
1+300;1+400;RR;3;PURWOREJO;1732;beton;1292
1+400;1+500;RR;3;PURWOREJO;1732;beton;1293
1+500;1+600;RR;3;PURWOREJO;1732;beton;1294
1+600;1+700;RR;3;PURWOREJO;1732;beton;1295
1+700;1+731;RR;3;PURWOREJO;1732;beton;1296
0+000;0+100;baik;3;REJOSARI;666;aspal;664
0+000;0+100;baik;3;REJOSARI;809;aspal;1435
0+100;0+200;baik;3;REJOSARI;666;aspal;665
0+100;0+200;baik;3;REJOSARI;809;aspal;1436
0+200;0+300;baik;3;REJOSARI;666;aspal;666
0+200;0+300;baik;3;REJOSARI;809;aspal;1437
0+300;0+400;baik;3;REJOSARI;666;aspal;667
0+300;0+400;baik;3;REJOSARI;809;aspal;1438
0+400;0+500;baik;3;REJOSARI;666;aspal;668
0+400;0+500;baik;3;REJOSARI;809;aspal;1439
0+500;0+600;baik;3;REJOSARI;666;aspal;669
0+500;0+600;baik;3;REJOSARI;809;aspal;1440
0+600;0+666;baik;3;REJOSARI;666;aspal;670
0+600;0+700;baik;3;REJOSARI;809;aspal;1441
0+700;0+800;baik;3;REJOSARI;809;aspal;1442
0+800;0+809;baik;3;REJOSARI;809;aspal;1443
0+000;0+100;RR;4.3;SAMBIREJO;708;aspal;57
0+100;0+200;RR;4.3;SAMBIREJO;708;aspal;58
0+200;0+300;RR;4.3;SAMBIREJO;708;aspal;59
0+300;0+400;RR;3.2;SAMBIREJO;708;aspal;60
0+400;0+500;RR;3.2;SAMBIREJO;708;aspal;61
0+500;0+600;RR;3.2;SAMBIREJO;708;aspal;62
0+600;0+700;RR;3.2;SAMBIREJO;708;aspal;63
0+700;0+707;RR;3.2;SAMBIREJO;708;aspal;64
0+000;0+100;RR;3;SEGULUNG;1711;beton;304
0+100;0+200;RR;3;SEGULUNG;1711;beton;305
0+200;0+300;RR;3;SEGULUNG;1711;beton;306
0+300;0+400;RR;3;SEGULUNG;1711;beton;307
0+400;0+500;RR;3;SEGULUNG;1711;beton;308
0+500;0+600;RR;3;SEGULUNG;1711;beton;309
0+600;0+700;RR;3;SEGULUNG;1711;beton;310
0+700;0+800;RB;3;SEGULUNG;1711;beton;311
0+800;0+900;RB;3;SEGULUNG;1711;beton;312
0+900;1+000;RB;3;SEGULUNG;1711;beton;313
1+000;1+100;RB;3;SEGULUNG;1711;beton;314
1+100;1+200;RB;3;SEGULUNG;1711;beton;315
1+200;1+300;RB;3;SEGULUNG;1711;beton;316
1+300;1+400;RB;3;SEGULUNG;1711;beton;317
1+400;1+500;RB;3;SEGULUNG;1711;beton;318
1+500;1+600;RB;3;SEGULUNG;1711;beton;319
1+600;1+700;RB;3;SEGULUNG;1711;beton;320
1+700;1+710;RB;3;SEGULUNG;1711;beton;321
0+000;0+100;RB;3;SENDANGREJO;711;beton;1387
0+100;0+200;RB;3;SENDANGREJO;711;aspal;1388
0+200;0+300;RB;3;SENDANGREJO;711;aspal;1389
0+300;0+400;RR;3;SENDANGREJO;711;aspal;1390
0+400;0+500;baik;3;SENDANGREJO;711;beton;1391
0+500;0+600;RR;3;SENDANGREJO;711;aspal;1392
0+600;0+700;RR;3;SENDANGREJO;711;aspal;1393
0+700;0+711;RR;3;SENDANGREJO;711;aspal;1394
0+000;0+100;baik;3;SIDOMULYO I;427;aspal;1008
0+100;0+200;RR;3;SIDOMULYO I;427;aspal;1009
0+200;0+300;RR;3;SIDOMULYO I;427;aspal;1010
0+300;0+400;RR;3;SIDOMULYO I;427;aspal;1007
0+400;0+426;RR;3;SIDOMULYO I;427;aspal;1011
0+000;0+100;baik;3;SIDOMULYO II;2455;aspal;1012
0+100;0+200;RR;3;SIDOMULYO II;2455;aspal;1013
0+200;0+300;RR;3;SIDOMULYO II;2455;aspal;1014
0+300;0+400;RR;3;SIDOMULYO II;2455;aspal;1015
0+400;0+500;baik;3;SIDOMULYO II;2455;aspal;1016
0+500;0+600;baik;3;SIDOMULYO II;2455;aspal;1017
0+600;0+700;sedang;3;SIDOMULYO II;2455;aspal;1018
0+700;0+800;baik;3;SIDOMULYO II;2455;aspal;1019
0+800;0+900;baik;3;SIDOMULYO II;2455;aspal;1020
0+900;1+000;baik;3;SIDOMULYO II;2455;aspal;1021
1+000;1+100;baik;3;SIDOMULYO II;2455;aspal;1022
1+100;1+200;baik;3;SIDOMULYO II;2455;aspal;1023
1+200;1+300;baik;3;SIDOMULYO II;2455;aspal;1024
1+300;1+400;baik;3;SIDOMULYO II;2455;aspal;1025
1+400;1+500;baik;3;SIDOMULYO II;2455;aspal;1026
1+500;1+600;sedang;3;SIDOMULYO II;2455;aspal;1027
1+600;1+700;baik;3;SIDOMULYO II;2455;aspal;1028
1+700;1+800;RR;3;SIDOMULYO II;2455;aspal;1029
1+800;1+900;sedang;3;SIDOMULYO II;2455;aspal;1030
1+900;2+000;baik;3;SIDOMULYO II;2455;aspal;1031
2+000;2+100;baik;3;SIDOMULYO II;2455;aspal;1032
2+100;2+200;baik;3;SIDOMULYO II;2455;aspal;1033
2+200;2+300;baik;3;SIDOMULYO II;2455;aspal;1034
2+300;2+400;baik;3;SIDOMULYO II;2455;aspal;1035
2+400;2+454;baik;3;SIDOMULYO II;2455;aspal;1036
0+000;0+100;baik;3;SIDOREJO;267;aspal;476
0+100;0+200;baik;3;SIDOREJO;267;aspal;475
0+200;0+200;baik;3;SIDOREJO;267;aspal;477
0+000;0+100;baik;3;SIMO;2512;beton;1297
0+100;0+200;baik;3;SIMO;2512;beton;1298
0+200;0+300;baik;3;SIMO;2512;beton;1299
0+300;0+400;baik;3;SIMO;2512;beton;1300
0+400;0+500;RB;3;SIMO;2512;tanah;1301
0+500;0+600;RB;4.5;SIMO;2512;tanah;1302
0+600;0+700;RB;4.5;SIMO;2512;tanah;1303
0+700;0+800;RB;4.5;SIMO;2512;tanah;1304
0+800;0+900;RB;4.5;SIMO;2512;tanah;1305
0+900;1+000;RB;4.5;SIMO;2512;tanah;1306
1+000;1+100;RB;4.5;SIMO;2512;tanah;1307
1+100;1+200;RB;4.5;SIMO;2512;tanah;1308
1+200;1+300;RB;4.5;SIMO;2512;tanah;1309
1+300;1+400;RB;4;SIMO;2512;tanah;1310
1+400;1+500;RB;4;SIMO;2512;tanah;1311
1+500;1+600;RB;4;SIMO;2512;tanah;1312
1+600;1+700;RB;4;SIMO;2512;tanah;1313
1+700;1+800;RB;4;SIMO;2512;tanah;1314
1+800;1+900;baik;3;SIMO;2512;beton;1315
1+900;2+000;baik;3;SIMO;2512;beton;1316
2+000;2+100;baik;3;SIMO;2512;beton;1317
2+100;2+200;baik;3;SIMO;2512;beton;1318
2+200;2+300;baik;3;SIMO;2512;beton;1319
2+300;2+400;baik;3;SIMO;2512;beton;1320
2+400;2+500;sedang;3;SIMO;2512;beton;1321
2+500;2+512;sedang;3;SIMO;2512;beton;1322
0+000;0+100;RR;4;SIRAPAN;2484;aspal;1395
0+100;0+200;RB;4;SIRAPAN;2484;aspal;1396
0+200;0+300;RR;4;SIRAPAN;2484;aspal;1397
0+300;0+400;RR;4;SIRAPAN;2484;aspal;1398
0+400;0+500;RR;4;SIRAPAN;2484;aspal;1399
0+500;0+600;RR;4;SIRAPAN;2484;aspal;1400
0+600;0+700;RR;4;SIRAPAN;2484;aspal;1401
0+700;0+800;RB;4;SIRAPAN;2484;aspal;1402
0+800;0+900;RR;4;SIRAPAN;2484;aspal;1403
0+900;1+000;RR;4;SIRAPAN;2484;aspal;1404
1+000;1+100;RR;4;SIRAPAN;2484;aspal;1405
1+100;1+200;RR;4;SIRAPAN;2484;aspal;1406
1+200;1+300;RR;4;SIRAPAN;2484;aspal;1407
1+300;1+400;sedang;4;SIRAPAN;2484;aspal;1408
1+400;1+500;sedang;4;SIRAPAN;2484;aspal;1409
1+500;1+600;baik;4;SIRAPAN;2484;aspal;1410
1+600;1+700;baik;4;SIRAPAN;2484;aspal;1411
1+700;1+800;RR;4;SIRAPAN;2484;aspal;1412
1+800;1+900;RR;4;SIRAPAN;2484;aspal;1413
1+900;2+000;RR;4;SIRAPAN;2484;aspal;1414
2+000;2+100;RR;4;SIRAPAN;2484;aspal;1415
2+100;2+200;RR;4;SIRAPAN;2484;aspal;1416
2+200;2+300;RR;4;SIRAPAN;2484;aspal;1417
2+300;2+400;RR;4;SIRAPAN;2484;aspal;1418
2+400;2+483;RR;4;SIRAPAN;2484;aspal;1419
0+000;0+100;sedang;3.5;SOGO;2661;beton;1323
0+100;0+200;sedang;4;SOGO;2661;beton;1324
0+200;0+300;sedang;3;SOGO;2661;beton;1325
0+300;0+400;sedang;3;SOGO;2661;beton;1326
0+400;0+500;sedang;3;SOGO;2661;beton;1327
0+500;0+600;sedang;3;SOGO;2661;beton;1328
0+600;0+700;sedang;3;SOGO;2661;beton;1329
0+700;0+800;sedang;3;SOGO;2661;beton;1330
0+800;0+900;sedang;3;SOGO;2661;beton;1331
0+900;1+000;sedang;3;SOGO;2661;beton;1332
1+000;1+100;sedang;3;SOGO;2661;beton;1333
1+100;1+200;sedang;3;SOGO;2661;beton;1334
1+200;1+300;sedang;3;SOGO;2661;beton;1335
1+300;1+400;RB;3;SOGO;2661;tanah;1336
1+400;1+500;RB;3;SOGO;2661;tanah;1337
1+500;1+600;RB;4;SOGO;2661;tanah;1338
1+600;1+700;RB;4;SOGO;2661;tanah;1339
1+700;1+800;RB;4;SOGO;2661;tanah;1340
1+800;1+900;RB;4;SOGO;2661;tanah;1341
1+900;2+000;RB;4;SOGO;2661;tanah;1342
2+000;2+100;RB;4;SOGO;2661;tanah;1343
2+100;2+200;RB;4;SOGO;2661;tanah;1344
2+200;2+300;RB;4;SOGO;2661;tanah;1345
2+300;2+400;RB;4;SOGO;2661;tanah;1346
2+400;2+500;RB;4;SOGO;2661;tanah;1347
2+500;2+600;RB;4;SOGO;2661;tanah;1348
2+600;2+660;RB;4;SOGO;2661;tanah;1349
0+000;0+100;RR;3;SUGIHWARAS;4346;beton;712
0+100;0+200;RR;3;SUGIHWARAS;4346;beton;713
0+200;0+300;RR;3;SUGIHWARAS;4346;beton;714
0+300;0+400;RR;3;SUGIHWARAS;4346;beton;715
0+400;0+500;RR;3;SUGIHWARAS;4346;beton;716
0+500;0+600;RR;3;SUGIHWARAS;4346;beton;717
0+600;0+700;RR;3;SUGIHWARAS;4346;beton;718
0+700;0+800;RR;3;SUGIHWARAS;4346;beton;719
0+800;0+900;RR;3;SUGIHWARAS;4346;beton;720
0+900;1+000;RR;3;SUGIHWARAS;4346;beton;721
1+000;1+100;RB;5;SUGIHWARAS;4346;makadam;722
1+100;1+200;RB;5;SUGIHWARAS;4346;makadam;723
1+200;1+300;RB;5;SUGIHWARAS;4346;makadam;724
1+300;1+400;RB;5;SUGIHWARAS;4346;makadam;725
1+400;1+500;RB;5;SUGIHWARAS;4346;makadam;726
1+500;1+600;RB;5;SUGIHWARAS;4346;makadam;727
1+600;1+700;RB;5;SUGIHWARAS;4346;makadam;728
1+700;1+800;RB;5;SUGIHWARAS;4346;makadam;729
1+800;1+900;RB;5;SUGIHWARAS;4346;makadam;730
1+900;2+000;RB;5;SUGIHWARAS;4346;makadam;731
2+000;2+100;RB;5;SUGIHWARAS;4346;makadam;732
2+100;2+200;RB;5;SUGIHWARAS;4346;makadam;733
2+200;2+300;RR;3;SUGIHWARAS;4346;beton;734
2+300;2+400;RR;3;SUGIHWARAS;4346;beton;735
2+400;2+500;RR;3;SUGIHWARAS;4346;beton;736
2+500;2+600;RR;3;SUGIHWARAS;4346;beton;737
2+600;2+700;RR;3;SUGIHWARAS;4346;beton;738
2+700;2+800;RR;3;SUGIHWARAS;4346;beton;739
2+800;2+900;RR;2.5;SUGIHWARAS;4346;beton;740
2+900;3+000;RR;2.5;SUGIHWARAS;4346;beton;741
3+000;3+100;RR;2.5;SUGIHWARAS;4346;beton;742
3+100;3+200;RR;2.5;SUGIHWARAS;4346;beton;743
3+200;3+300;RB;2.5;SUGIHWARAS;4346;makadam;744
3+300;3+400;RB;2.5;SUGIHWARAS;4346;makadam;745
3+400;3+500;RR;3;SUGIHWARAS;4346;aspal;746
3+500;3+600;RR;3;SUGIHWARAS;4346;aspal;747
3+600;3+700;RR;3;SUGIHWARAS;4346;aspal;748
3+700;3+800;RR;3;SUGIHWARAS;4346;aspal;749
3+800;3+900;RR;3;SUGIHWARAS;4346;aspal;750
3+900;4+000;RR;3;SUGIHWARAS;4346;aspal;751
4+000;4+100;RR;5;SUGIHWARAS;4346;aspal;752
4+100;4+200;RR;5;SUGIHWARAS;4346;aspal;753
4+200;4+300;RR;5;SUGIHWARAS;4346;aspal;754
4+300;4+345;RR;5;SUGIHWARAS;4346;aspal;755
0+000;0+100;sedang;3;SULUK;824;beton;199
0+100;0+200;sedang;3;SULUK;824;beton;200
0+200;0+300;sedang;3;SULUK;824;beton;201
0+300;0+400;sedang;3;SULUK;824;beton;202
0+400;0+500;sedang;3;SULUK;824;beton;203
0+500;0+600;sedang;3;SULUK;824;beton;204
0+600;0+700;sedang;3;SULUK;824;beton;205
0+700;0+800;sedang;3;SULUK;824;beton;206
0+800;0+824;sedang;3;SULUK;824;beton;207
0+000;0+100;RR;3.7;SUMBERBENDO;1667;aspal;695
0+100;0+200;RR;3.7;SUMBERBENDO;1667;aspal;696
0+200;0+300;RR;3.7;SUMBERBENDO;1667;aspal;697
0+300;0+400;RR;4;SUMBERBENDO;1667;aspal;698
0+400;0+500;RR;3;SUMBERBENDO;1667;aspal;699
0+500;0+600;RR;3;SUMBERBENDO;1667;aspal;700
0+600;0+700;RR;3;SUMBERBENDO;1667;aspal;701
0+700;0+800;RR;3;SUMBERBENDO;1667;aspal;702
0+800;0+900;RR;3;SUMBERBENDO;1667;aspal;703
0+900;1+000;RR;3;SUMBERBENDO;1667;aspal;704
1+000;1+100;RR;3;SUMBERBENDO;1667;aspal;705
1+100;1+200;RR;3;SUMBERBENDO;1667;aspal;706
1+200;1+300;RR;3;SUMBERBENDO;1667;aspal;707
1+300;1+400;RR;3;SUMBERBENDO;1667;aspal;708
1+400;1+500;RR;3;SUMBERBENDO;1667;aspal;709
1+500;1+600;RR;3;SUMBERBENDO;1667;beton;710
1+600;1+667;RR;3;SUMBERBENDO;1667;beton;711
0+000;0+100;RR;3;SUMBERBENING;1127;beton;1350
0+100;0+200;RB;3;SUMBERBENING;1127;beton;1351
0+200;0+300;RB;3;SUMBERBENING;1127;beton;1352
0+300;0+400;RB;3;SUMBERBENING;1127;beton;1353
0+400;0+500;RB;3;SUMBERBENING;1127;beton;1354
0+500;0+600;RR;3;SUMBERBENING;1127;beton;1355
0+600;0+700;RR;3;SUMBERBENING;1127;aspal;1356
0+700;0+800;RB;3;SUMBERBENING;1127;aspal;1357
0+800;0+900;RB;3;SUMBERBENING;1127;aspal;1358
0+900;1+000;baik;3;SUMBERBENING;1127;aspal;1359
1+000;1+100;sedang;3;SUMBERBENING;1127;aspal;1360
1+100;1+126;sedang;3;SUMBERBENING;1127;aspal;1361
0+000;0+100;sedang;3;SUMBEREJO;3140;aspal;975
0+000;0+100;sedang;3;SUMBEREJO;1464;aspal;1420
0+100;0+200;sedang;3;SUMBEREJO;3140;aspal;976
0+100;0+200;sedang;3;SUMBEREJO;1464;aspal;1421
0+200;0+300;sedang;3;SUMBEREJO;3140;aspal;977
0+200;0+300;sedang;3;SUMBEREJO;1464;aspal;1422
0+300;0+400;sedang;3;SUMBEREJO;3140;aspal;978
0+300;0+400;sedang;3;SUMBEREJO;1464;aspal;1423
0+400;0+500;sedang;3;SUMBEREJO;3140;aspal;979
0+400;0+500;sedang;3;SUMBEREJO;1464;aspal;1424
0+500;0+600;sedang;3;SUMBEREJO;3140;aspal;980
0+500;0+600;sedang;3;SUMBEREJO;1464;aspal;1425
0+600;0+700;sedang;3;SUMBEREJO;3140;aspal;981
0+600;0+700;sedang;3;SUMBEREJO;1464;aspal;1426
0+700;0+800;sedang;3;SUMBEREJO;3140;aspal;982
0+700;0+800;sedang;3;SUMBEREJO;1464;aspal;1427
0+800;0+900;sedang;3;SUMBEREJO;3140;aspal;983
0+800;0+900;sedang;3;SUMBEREJO;1464;aspal;1428
0+900;1+000;sedang;3;SUMBEREJO;3140;aspal;984
0+900;1+000;sedang;3;SUMBEREJO;1464;aspal;1429
1+000;1+100;sedang;3;SUMBEREJO;3140;aspal;985
1+000;1+100;sedang;3;SUMBEREJO;1464;aspal;1430
1+100;1+200;sedang;3;SUMBEREJO;3140;aspal;986
1+100;1+200;sedang;3;SUMBEREJO;1464;aspal;1431
1+200;1+300;baik;3;SUMBEREJO;3140;aspal;987
1+200;1+300;baik;3;SUMBEREJO;1464;aspal;1432
1+300;1+400;sedang;3;SUMBEREJO;3140;aspal;988
1+300;1+400;sedang;3;SUMBEREJO;1464;aspal;1433
1+400;1+500;sedang;3;SUMBEREJO;3140;aspal;989
1+400;1+400;RR;3;SUMBEREJO;1464;aspal;1434
1+500;1+600;RR;3;SUMBEREJO;3140;aspal;990
1+600;1+700;RR;3;SUMBEREJO;3140;aspal;991
1+700;1+800;RR;3;SUMBEREJO;3140;aspal;992
1+800;1+900;RR;3;SUMBEREJO;3140;aspal;993
1+900;2+000;RR;3;SUMBEREJO;3140;aspal;994
2+000;2+100;RR;3;SUMBEREJO;3140;aspal;995
2+100;2+200;RR;3;SUMBEREJO;3140;aspal;996
2+200;2+300;RR;3;SUMBEREJO;3140;aspal;997
2+300;2+400;RR;3;SUMBEREJO;3140;aspal;998
2+400;2+500;RR;3;SUMBEREJO;3140;aspal;999
2+500;2+600;RR;3;SUMBEREJO;3140;aspal;1000
2+600;2+700;RR;3;SUMBEREJO;3140;aspal;1001
2+700;2+800;RR;3;SUMBEREJO;3140;aspal;1002
2+800;2+900;RR;3;SUMBEREJO;3140;aspal;1003
2+900;3+000;RR;3;SUMBEREJO;3140;aspal;1004
3+000;3+100;RR;3;SUMBEREJO;3140;aspal;1005
3+100;3+140;RR;3;SUMBEREJO;3140;aspal;1006
0+000;0+100;RB;2.7;SUMBERSAMBI;1015;makadam;684
0+100;0+200;RB;2.8;SUMBERSAMBI;1015;makadam;685
0+200;0+300;baik;3;SUMBERSAMBI;1015;beton;686
0+300;0+400;baik;3;SUMBERSAMBI;1015;beton;687
0+400;0+500;baik;3;SUMBERSAMBI;1015;beton;688
0+500;0+600;baik;2.8;SUMBERSAMBI;1015;beton;689
0+600;0+700;baik;2.8;SUMBERSAMBI;1015;beton;690
0+700;0+800;baik;2.8;SUMBERSAMBI;1015;beton;691
0+800;0+900;baik;2.8;SUMBERSAMBI;1015;beton;692
0+900;1+000;baik;2.8;SUMBERSAMBI;1015;beton;693
1+000;1+015;baik;2.8;SUMBERSAMBI;1015;beton;694
0+000;0+100;sedang;2.8;TEGUHAN;998;aspal;65
0+100;0+200;RR;2.8;TEGUHAN;998;aspal;66
0+200;0+300;baik;2.8;TEGUHAN;998;aspal;67
0+300;0+400;sedang;2.8;TEGUHAN;998;aspal;68
0+400;0+500;baik;2.8;TEGUHAN;998;aspal;69
0+500;0+600;baik;2.8;TEGUHAN;998;aspal;70
0+600;0+700;baik;2.8;TEGUHAN;998;aspal;71
0+700;0+800;baik;2.8;TEGUHAN;998;aspal;72
0+800;0+900;baik;2.8;TEGUHAN;998;aspal;73
0+900;0+989;baik;2.8;TEGUHAN;998;aspal;74
0+000;0+100;RR;3;TEMPURSARI;936;aspal;380
0+100;0+200;RR;3;TEMPURSARI;936;aspal;381
0+200;0+300;RR;3;TEMPURSARI;936;aspal;382
0+300;0+400;RR;3;TEMPURSARI;936;aspal;383
0+400;0+500;RR;3;TEMPURSARI;936;aspal;384
0+500;0+600;RR;3;TEMPURSARI;936;aspal;385
0+600;0+700;RR;3;TEMPURSARI;936;aspal;386
0+700;0+800;RR;3;TEMPURSARI;936;beton;387
0+800;0+900;RR;3;TEMPURSARI;936;beton;388
0+900;0+935;RR;3;TEMPURSARI;936;beton;389
0+000;0+100;RR;2.5;TILENG;1474;beton;336
0+100;0+200;RR;2.5;TILENG;1474;beton;337
0+200;0+300;RR;2.5;TILENG;1474;beton;338
0+300;0+400;RR;2.5;TILENG;1474;beton;339
0+400;0+500;RB;2.5;TILENG;1474;makadam;340
0+500;0+600;RB;2.5;TILENG;1474;makadam;341
0+600;0+700;RB;2.5;TILENG;1474;makadam;342
0+700;0+800;RB;2.5;TILENG;1474;tanah;343
0+800;0+900;RR;2.5;TILENG;1474;beton;344
0+900;1+000;RR;2.5;TILENG;1474;beton;345
1+000;1+100;RR;2.5;TILENG;1474;beton;346
1+100;1+200;RR;2.5;TILENG;1474;beton;347
1+200;1+300;RR;2.5;TILENG;1474;beton;348
1+300;1+400;RR;2.5;TILENG;1474;beton;349
1+400;1+474;RR;2.5;TILENG;1474;beton;350
0+000;0+100;baik;3;TULUNG;1220;beton;671
0+100;0+200;baik;3;TULUNG;1220;beton;672
0+200;0+300;baik;3;TULUNG;1220;beton;673
0+300;0+400;baik;3;TULUNG;1220;beton;674
0+400;0+500;baik;3;TULUNG;1220;beton;675
0+500;0+600;baik;3;TULUNG;1220;beton;676
0+600;0+700;baik;3;TULUNG;1220;beton;677
0+700;0+800;baik;3;TULUNG;1220;beton;678
0+800;0+900;baik;3;TULUNG;1220;beton;679
0+900;1+000;baik;3;TULUNG;1220;beton;680
1+000;1+100;baik;3;TULUNG;1220;beton;681
1+100;1+200;baik;3;TULUNG;1220;beton;682
1+200;1+220;baik;3;TULUNG;1220;beton;683
0+000;0+100;sedang;4;WARUREJO I;2158;beton;1064
0+100;0+200;sedang;4;WARUREJO I;2158;beton;1065
0+200;0+300;baik;4;WARUREJO I;2158;beton;1066
0+300;0+400;RB;4;WARUREJO I;2158;makadam;1067
0+400;0+500;RB;4;WARUREJO I;2158;beton;1068
0+500;0+600;baik;4;WARUREJO I;2158;beton;1069
0+600;0+700;baik;4;WARUREJO I;2158;beton;1070
0+700;0+800;baik;4;WARUREJO I;2158;beton;1071
0+800;0+900;RB;4;WARUREJO I;2158;makadam;1072
0+900;1+000;RB;4;WARUREJO I;2158;makadam;1073
1+000;1+100;RB;4;WARUREJO I;2158;makadam;1074
1+100;1+200;RB;3.5;WARUREJO I;2158;makadam;1075
1+200;1+300;RB;3.5;WARUREJO I;2158;makadam;1076
1+300;1+400;RB;3.5;WARUREJO I;2158;makadam;1077
1+400;1+500;RB;3.5;WARUREJO I;2158;makadam;1078
1+500;1+600;RB;3.5;WARUREJO I;2158;makadam;1079
1+600;1+700;RB;3.5;WARUREJO I;2158;makadam;1080
1+700;1+800;RB;3.5;WARUREJO I;2158;makadam;1081
1+800;1+900;RB;3.5;WARUREJO I;2158;makadam;1082
1+900;2+000;RB;3.5;WARUREJO I;2158;makadam;1083
2+000;2+100;RB;3.5;WARUREJO I;2158;makadam;1084
2+100;2+158;RB;3.5;WARUREJO I;2158;makadam;1085
0+000;0+100;RB;4;WARUREJO II;1085;makadam;1086
0+100;0+200;RB;4;WARUREJO II;1085;makadam;1087
0+200;0+300;RB;4;WARUREJO II;1085;makadam;1088
0+300;0+400;RB;4;WARUREJO II;1085;makadam;1089
0+400;0+500;RB;4;WARUREJO II;1085;makadam;1090
0+500;0+600;RB;4;WARUREJO II;1085;makadam;1091
0+600;0+700;RB;4;WARUREJO II;1085;makadam;1092
0+700;0+800;RB;4;WARUREJO II;1085;makadam;1093
0+800;0+900;RB;4;WARUREJO II;1085;makadam;1094
0+900;1+000;RB;4;WARUREJO II;1085;makadam;1095
1+000;1+085;RB;4;WARUREJO II;1085;makadam;1096
0+000;0+100;baik;3;WAYUT;1350;aspal;75
0+100;0+200;baik;3;WAYUT;1350;aspal;76
0+200;0+300;baik;3;WAYUT;1350;aspal;77
0+300;0+400;baik;3;WAYUT;1350;aspal;78
0+400;0+500;baik;3;WAYUT;1350;aspal;79
0+500;0+600;baik;3;WAYUT;1350;aspal;80
0+600;0+700;baik;3;WAYUT;1350;aspal;81
0+700;0+800;baik;3;WAYUT;1350;aspal;82
0+800;0+900;baik;3;WAYUT;1350;aspal;83
0+900;1+000;baik;3;WAYUT;1350;aspal;84
1+000;1+100;baik;3;WAYUT;1350;aspal;85
1+100;1+200;baik;3;WAYUT;1350;aspal;86
1+200;1+300;RB;3;WAYUT;1350;aspal;87
1+300;1+350;RR;3;WAYUT;1350;aspal;88
0+000;0+100;RR;3;WINONG;2197;aspal;511
0+100;0+200;RR;3;WINONG;2197;aspal;512
0+200;0+300;RR;3;WINONG;2197;aspal;513
0+300;0+400;RR;3;WINONG;2197;aspal;514
0+400;0+500;RR;3;WINONG;2197;aspal;515
0+500;0+600;RR;3;WINONG;2197;aspal;516
0+600;0+700;RR;3;WINONG;2197;aspal;517
0+700;0+800;RR;3;WINONG;2197;aspal;518
0+800;0+900;RR;3;WINONG;2197;aspal;519
0+900;1+000;RR;3;WINONG;2197;aspal;520
1+000;1+100;RR;3;WINONG;2197;aspal;521
1+100;1+200;RR;3;WINONG;2197;aspal;522
1+200;1+300;RR;3;WINONG;2197;aspal;523
1+300;1+400;RR;3;WINONG;2197;aspal;524
1+400;1+500;RR;3;WINONG;2197;aspal;525
1+500;1+600;RR;3;WINONG;2197;aspal;526
1+600;1+700;RR;3;WINONG;2197;aspal;527
1+700;1+800;RR;3;WINONG;2197;aspal;528
1+800;1+900;RR;3;WINONG;2197;aspal;529
1+900;2+000;RR;3;WINONG;2197;aspal;530
2+000;2+100;RR;3;WINONG;2197;aspal;531
2+100;2+196;RR;3;WINONG;2197;aspal;532
0+000;0+100;baik;3;WONOASRI;865;aspal;947
0+100;0+200;baik;3;WONOASRI;865;aspal;948
0+200;0+300;baik;3;WONOASRI;865;aspal;949
0+300;0+400;RR;3;WONOASRI;865;aspal;950
0+400;0+500;RR;3;WONOASRI;865;aspal;951
0+500;0+600;RR;3;WONOASRI;865;aspal;952
0+600;0+700;RR;3;WONOASRI;865;aspal;953
0+700;0+800;RB;3;WONOASRI;865;aspal;954
0+800;0+800;RR;3;WONOASRI;865;aspal;955
0+000;0+100;baik;3;WONOREJO I;676;aspal;918
0+100;0+200;baik;3;WONOREJO I;676;aspal;919
0+200;0+300;baik;3;WONOREJO I;676;aspal;920
0+300;0+400;baik;3;WONOREJO I;676;aspal;921
0+400;0+500;baik;3;WONOREJO I;676;aspal;922
0+500;0+600;baik;3;WONOREJO I;676;aspal;923
0+600;0+676;sedang;3;WONOREJO I;676;beton;924
0+000;0+100;RB;4;WONOREJO II;1358;tanah;925
0+100;0+200;RB;4;WONOREJO II;1358;tanah;926
0+200;0+300;RB;4;WONOREJO II;1358;tanah;927
0+300;0+400;RB;4;WONOREJO II;1358;tanah;928
0+400;0+500;RB;4;WONOREJO II;1358;tanah;929
0+500;0+600;baik;3;WONOREJO II;1358;aspal;930
0+600;0+700;baik;3;WONOREJO II;1358;aspal;931
0+700;0+800;baik;3;WONOREJO II;1358;aspal;932
0+800;0+900;baik;3;WONOREJO II;1358;aspal;933
0+900;1+000;baik;3;WONOREJO II;1358;aspal;934
1+000;1+100;baik;3;WONOREJO II;1358;aspal;935
1+100;1+200;baik;3;WONOREJO II;1358;aspal;936
1+200;1+300;baik;3;WONOREJO II;1358;aspal;937
1+300;1+358;baik;3;WONOREJO II;1358;aspal;938
