Panjang;STA_AWAL;STA_AKHIR;No;Nm_Ruas;Kondisi;Tipe_Perke;Lebar_STA
951,30;0+000;0+100;2;4001 - JL. PATIMURA;baik;aspal;12
951,30;0+100;0+200;3;4001 - JL. PATIMURA;baik;aspal;12
951,30;0+200;0+300;4;4001 - JL. PATIMURA;baik;aspal;12
951,30;0+300;0+400;5;4001 - JL. PATIMURA;baik;aspal;12
951,30;0+400;0+500;6;4001 - JL. PATIMURA;baik;aspal;12
951,30;0+500;0+600;7;4001 - JL. PATIMURA;baik;aspal;12
951,30;0+600;0+700;8;4001 - JL. PATIMURA;baik;aspal;12
951,30;0+700;0+800;9;4001 - JL. PATIMURA;baik;aspal;12
951,30;0+800;0+900;1;4001 - JL. PATIMURA;baik;aspal;11
951,30;0+900;0+951;10;4001 - JL. PATIMURA;baik;aspal;11
767,04;0+000;0+100;12;4002 - JL. LETJEN SUTOYO;baik;beton;12
767,04;0+100;0+200;13;4002 - JL. LETJEN SUTOYO;baik;beton;12
767,04;0+200;0+300;14;4002 - JL. LETJEN SUTOYO;baik;beton;12
767,04;0+300;0+400;15;4002 - JL. LETJEN SUTOYO;baik;beton;12
767,04;0+400;0+500;16;4002 - JL. LETJEN SUTOYO;baik;beton;12
767,04;0+500;0+600;17;4002 - JL. LETJEN SUTOYO;baik;beton;12
767,04;0+600;0+700;11;4002 - JL. LETJEN SUTOYO;baik;beton;12
767,04;0+700;0+767;18;4002 - JL. LETJEN SUTOYO;baik;beton;12
1577,94;0+000;0+100;20;4003 - JL. S. TENDEAN;baik;beton;11
1577,94;0+100;0+200;21;4003 - JL. S. TENDEAN;baik;beton;11
1577,94;0+200;0+300;22;4003 - JL. S. TENDEAN;baik;beton;11
1577,94;0+300;0+400;23;4003 - JL. S. TENDEAN;baik;beton;11
1577,94;0+400;0+500;24;4003 - JL. S. TENDEAN;baik;beton;11
1577,94;0+500;0+600;25;4003 - JL. S. TENDEAN;baik;beton;11
1577,94;0+600;0+700;26;4003 - JL. S. TENDEAN;baik;beton;11
1577,94;0+700;0+800;27;4003 - JL. S. TENDEAN;baik;beton;11
1577,94;0+800;0+900;28;4003 - JL. S. TENDEAN;baik;beton;11
1577,94;0+900;1+000;29;4003 - JL. S. TENDEAN;baik;beton;11
1577,94;1+000;1+100;30;4003 - JL. S. TENDEAN;baik;beton;11
1577,94;1+100;1+200;31;4003 - JL. S. TENDEAN;baik;beton;11
1577,94;1+200;1+300;32;4003 - JL. S. TENDEAN;baik;beton;11
1577,94;1+300;1+400;33;4003 - JL. S. TENDEAN;baik;beton;11
1577,94;1+400;1+500;19;4003 - JL. S. TENDEAN;baik;beton;11
1577,94;1+500;1+577;34;4003 - JL. S. TENDEAN;baik;beton;11
1170,08;0+000;0+100;36;4004 - JL. DIPONEGORO;baik;aspal;6
1170,08;0+100;0+200;37;4004 - JL. DIPONEGORO;baik;aspal;6
1170,08;0+200;0+300;38;4004 - JL. DIPONEGORO;baik;aspal;6
1170,08;0+300;0+400;39;4004 - JL. DIPONEGORO;baik;aspal;6
1170,08;0+400;0+500;40;4004 - JL. DIPONEGORO;baik;aspal;6
1170,08;0+500;0+600;41;4004 - JL. DIPONEGORO;baik;aspal;6
1170,08;0+600;0+700;42;4004 - JL. DIPONEGORO;baik;aspal;6
1170,08;0+700;0+800;43;4004 - JL. DIPONEGORO;baik;aspal;6
1170,08;0+800;0+900;44;4004 - JL. DIPONEGORO;baik;aspal;6
1170,08;0+900;1+000;45;4004 - JL. DIPONEGORO;baik;aspal;6
1170,08;1+000;1+100;35;4004 - JL. DIPONEGORO;baik;aspal;6
1170,08;1+100;1+170;46;4004 - JL. DIPONEGORO;baik;aspal;6
1075,22;0+000;0+100;48;4005 - JL. SINGOLUDRO;baik;aspal;6
1075,22;0+100;0+200;49;4005 - JL. SINGOLUDRO;baik;aspal;7
1075,22;0+200;0+300;50;4005 - JL. SINGOLUDRO;baik;aspal;7
1075,22;0+300;0+400;51;4005 - JL. SINGOLUDRO;baik;aspal;7
1075,22;0+400;0+500;52;4005 - JL. SINGOLUDRO;baik;aspal;7
1075,22;0+500;0+600;53;4005 - JL. SINGOLUDRO;baik;aspal;7
1075,22;0+600;0+700;54;4005 - JL. SINGOLUDRO;baik;aspal;7
1075,22;0+700;0+800;55;4005 - JL. SINGOLUDRO;sedang;aspal;7
1075,22;0+800;0+900;56;4005 - JL. SINGOLUDRO;baik;aspal;7
1075,22;0+900;1+000;47;4005 - JL. SINGOLUDRO;baik;aspal;7
1075,22;1+000;1+075;57;4005 - JL. SINGOLUDRO;baik;aspal;7
695,28;0+000;0+100;59;4006 - JL. KOL. MARHADI;baik;aspal;7
695,28;0+100;0+200;60;4006 - JL. KOL. MARHADI;baik;aspal;7
695,28;0+200;0+300;61;4006 - JL. KOL. MARHADI;baik;aspal;7
695,28;0+300;0+400;62;4006 - JL. KOL. MARHADI;baik;aspal;7
695,28;0+400;0+500;63;4006 - JL. KOL. MARHADI;baik;aspal;7
695,28;0+500;0+600;58;4006 - JL. KOL. MARHADI;baik;aspal;7
695,28;0+600;0+695;64;4006 - JL. KOL. MARHADI;baik;aspal;7
1625,39;0+000;0+100;66;4007 - JL. MT. HARYONO;baik;aspal;10
1625,39;0+100;0+200;67;4007 - JL. MT. HARYONO;baik;aspal;10
1625,39;0+200;0+300;68;4007 - JL. MT. HARYONO;baik;aspal;10
1625,39;0+300;0+400;69;4007 - JL. MT. HARYONO;baik;aspal;10
1625,39;0+400;0+500;70;4007 - JL. MT. HARYONO;baik;aspal;10
1625,39;0+500;0+600;71;4007 - JL. MT. HARYONO;baik;aspal;10
1625,39;0+600;0+700;72;4007 - JL. MT. HARYONO;baik;aspal;10
1625,39;0+700;0+800;73;4007 - JL. MT. HARYONO;baik;aspal;10
1625,39;0+800;0+900;74;4007 - JL. MT. HARYONO;baik;aspal;10
1625,39;0+900;1+000;75;4007 - JL. MT. HARYONO;baik;aspal;10
1625,39;1+000;1+100;76;4007 - JL. MT. HARYONO;baik;aspal;10
1625,39;1+100;1+200;77;4007 - JL. MT. HARYONO;baik;aspal;10
1625,39;1+200;1+300;78;4007 - JL. MT. HARYONO;baik;aspal;10
1625,39;1+300;1+400;79;4007 - JL. MT. HARYONO;baik;aspal;10
1625,39;1+400;1+500;80;4007 - JL. MT. HARYONO;baik;aspal;10
1625,39;1+500;1+600;65;4007 - JL. MT. HARYONO;baik;aspal;10
1625,39;1+600;1+625;81;4007 - JL. MT. HARYONO;baik;aspal;10
696,67;0+000;0+100;83;4008 - JL. H. AGUS SALIM;baik;aspal;9
696,67;0+100;0+200;84;4008 - JL. H. AGUS SALIM;baik;aspal;9
696,67;0+200;0+300;85;4008 - JL. H. AGUS SALIM;baik;aspal;9
696,67;0+300;0+400;86;4008 - JL. H. AGUS SALIM;sedang;aspal;7
696,67;0+400;0+500;87;4008 - JL. H. AGUS SALIM;sedang;aspal;6
696,67;0+500;0+600;82;4008 - JL. H. AGUS SALIM;sedang;aspal;6
696,67;0+600;0+696;88;4008 - JL. H. AGUS SALIM;sedang;aspal;6
444,85;0+000;0+100;90;4009 - JL. FLAMBOYAN;baik;aspal;4
444,85;0+100;0+200;91;4009 - JL. FLAMBOYAN;baik;aspal;4
444,85;0+200;0+300;92;4009 - JL. FLAMBOYAN;baik;aspal;4
444,85;0+300;0+400;89;4009 - JL. FLAMBOYAN;baik;aspal;4
444,85;0+400;0+444;93;4009 - JL. FLAMBOYAN;baik;aspal;4
118,47;0+000;0+100;95;4010 - JL. DAHLIA;baik;aspal;4
118,47;0+100;0+118;94;4010 - JL. DAHLIA;baik;aspal;4
436,40;0+000;0+100;97;4011 - JL. NUSA INDAH;baik;aspal;6
436,40;0+100;0+200;98;4011 - JL. NUSA INDAH;baik;aspal;6
436,40;0+200;0+300;99;4011 - JL. NUSA INDAH;baik;aspal;6
436,40;0+300;0+400;96;4011 - JL. NUSA INDAH;baik;aspal;6
436,40;0+400;0+436;100;4011 - JL. NUSA INDAH;baik;aspal;6
430,17;0+000;0+100;102;4012 - JL. KENANGA;baik;aspal;5
430,17;0+100;0+200;103;4012 - JL. KENANGA;baik;aspal;5
430,17;0+200;0+300;104;4012 - JL. KENANGA;sedang;aspal;5
430,17;0+300;0+400;101;4012 - JL. KENANGA;sedang;aspal;5
430,17;0+400;0+430;105;4012 - JL. KENANGA;sedang;aspal;5
455,83;0+000;0+100;107;4013 - JL. ANGGREK;baik;aspal;5
455,83;0+100;0+200;108;4013 - JL. ANGGREK;baik;aspal;5
455,83;0+200;0+300;109;4013 - JL. ANGGREK;sedang;aspal;5
455,83;0+300;0+400;106;4013 - JL. ANGGREK;sedang;tanah;5
455,83;0+400;0+455;110;4013 - JL. ANGGREK;sedang;aspal;5
648,54;0+000;0+100;112;4014 - JL. CEMPAKA;baik;aspal;5
648,54;0+100;0+200;113;4014 - JL. CEMPAKA;baik;aspal;5
648,54;0+200;0+300;114;4014 - JL. CEMPAKA;baik;aspal;5
648,54;0+300;0+400;115;4014 - JL. CEMPAKA;sedang;aspal;5
648,54;0+400;0+500;116;4014 - JL. CEMPAKA;sedang;aspal;5
648,54;0+500;0+600;111;4014 - JL. CEMPAKA;sedang;aspal;5
648,54;0+600;0+648;117;4014 - JL. CEMPAKA;baik;aspal;5
205,79;0+000;0+100;119;4015 - JL. TANJUNG;baik;aspal;3
205,79;0+100;0+200;118;4015 - JL. TANJUNG;baik;aspal;3
205,79;0+200;0+205;120;4015 - JL. TANJUNG;baik;aspal;3
262,27;0+000;0+100;122;4016 - JL. MELATI;baik;aspal;3
262,27;0+100;0+200;121;4016 - JL. MELATI;baik;aspal;3
262,27;0+200;0+262;123;4016 - JL. MELATI;baik;aspal;3
553,07;0+000;0+100;125;4017 - JL. KEMUNING;baik;aspal;4
553,07;0+100;0+200;126;4017 - JL. KEMUNING;baik;aspal;4
553,07;0+200;0+300;127;4017 - JL. KEMUNING;baik;aspal;4
553,07;0+300;0+400;128;4017 - JL. KEMUNING;baik;aspal;4
553,07;0+400;0+500;124;4017 - JL. KEMUNING;sedang;aspal;4
553,07;0+500;0+553;129;4017 - JL. KEMUNING;sedang;aspal;4
386,65;0+000;0+100;131;4018 - JL. SERUNI;baik;aspal;5
386,65;0+100;0+200;132;4018 - JL. SERUNI;baik;aspal;5
386,65;0+200;0+300;130;4018 - JL. SERUNI;baik;aspal;5
386,65;0+300;0+386;133;4018 - JL. SERUNI;baik;aspal;5
161,77;0+000;0+100;135;4019 - JL. GARUDA;baik;aspal;5
161,77;0+100;0+161;134;4019 - JL. GARUDA;baik;aspal;5
665,14;0+000;0+100;137;4020 - JL. DR. SUTOMO;baik;aspal;6
665,14;0+100;0+200;138;4020 - JL. DR. SUTOMO;baik;aspal;6
665,14;0+200;0+300;139;4020 - JL. DR. SUTOMO;sedang;aspal;6
665,14;0+300;0+400;140;4020 - JL. DR. SUTOMO;baik;aspal;6
665,14;0+400;0+500;141;4020 - JL. DR. SUTOMO;sedang;aspal;6
665,14;0+500;0+600;136;4020 - JL. DR. SUTOMO;sedang;aspal;6
665,14;0+600;0+685;142;4020 - JL. DR. SUTOMO;sedang;aspal;6
234,48;0+000;0+100;144;4021 - JL. PENANGGUNGAN;baik;aspal;4
234,48;0+100;0+200;143;4021 - JL. PENANGGUNGAN;baik;aspal;4
234,48;0+200;0+234;145;4021 - JL. PENANGGUNGAN;baik;aspal;4
244,77;0+000;0+100;147;4022 - JL. PANDAN;sedang;aspal;5
244,77;0+100;0+200;146;4022 - JL. PANDAN;baik;aspal;5
244,77;0+200;0+244;148;4022 - JL. PANDAN;baik;aspal;5
270,75;0+000;0+100;150;4023 - JL. SEMERU;baik;aspal;4
270,75;0+100;0+200;149;4023 - JL. SEMERU;baik;aspal;4
270,75;0+200;0+270;151;4023 - JL. SEMERU;baik;aspal;4
205,56;0+000;0+100;153;4024 - JL. RINJANI;baik;aspal;5
205,56;0+100;0+200;152;4024 - JL. RINJANI;sedang;aspal;5
205,56;0+200;0+205;154;4024 - JL. RINJANI;sedang;aspal;5
375,21;0+000;0+100;156;4025 - JL. DIENG;baik;aspal;3
375,21;0+100;0+200;157;4025 - JL. DIENG;baik;aspal;3
375,21;0+200;0+300;155;4025 - JL. DIENG;sedang;aspal;3
375,21;0+300;0+375;158;4025 - JL. DIENG;baik;aspal;3
127,20;0+000;0+100;160;4026 - JL. SERAYU;sedang;aspal;3
127,20;0+100;0+127;159;4026 - JL. SERAYU;baik;aspal;3
122,91;0+000;0+100;162;4027 - JL. CISADANE;baik;aspal;3
122,91;0+100;0+122;161;4027 - JL. CISADANE;sedang;aspal;3
369,66;0+000;0+100;164;4028 - JL. MUSI;baik;aspal;3
369,66;0+100;0+200;165;4028 - JL. MUSI;baik;aspal;3
369,66;0+200;0+300;163;4028 - JL. MUSI;baik;aspal;3
369,66;0+300;0+369;166;4028 - JL. MUSI;baik;aspal;3
129,90;0+000;0+100;168;4029 - JL. CITARUM;baik;aspal;5
129,90;0+100;0+100;167;4029 - JL. CITARUM;baik;aspal;3
247,24;0+000;0+100;170;4030 - JL. ANJASMORO;baik;aspal;3
247,24;0+100;0+200;169;4030 - JL. ANJASMORO;baik;aspal;3
247,24;0+200;0+247;171;4030 - JL. ANJASMORO;sedang;aspal;3
377,67;0+000;0+100;173;4031 - JL. CILIWUNG;sedang;aspal;3
377,67;0+100;0+200;174;4031 - JL. CILIWUNG;sedang;aspal;3
377,67;0+200;0+300;172;4031 - JL. CILIWUNG;sedang;aspal;3
377,67;0+300;0+377;175;4031 - JL. CILIWUNG;sedang;aspal;3
599,56;0+000;0+100;177;4032 - JL. SINGOLUDRO II;baik;aspal;5
599,56;0+100;0+200;178;4032 - JL. SINGOLUDRO II;baik;aspal;5
599,56;0+200;0+300;179;4032 - JL. SINGOLUDRO II;baik;aspal;5
599,56;0+300;0+400;180;4032 - JL. SINGOLUDRO II;baik;aspal;5
599,56;0+400;0+500;176;4032 - JL. SINGOLUDRO II;baik;aspal;5
599,56;0+500;0+599;181;4032 - JL. SINGOLUDRO II;baik;aspal;5
834,24;0+000;0+100;183;4033 - JL. BOGO;sedang;aspal;3
834,24;0+100;0+200;184;4033 - JL. BOGO;sedang;aspal;3
834,24;0+200;0+300;185;4033 - JL. BOGO;RR;aspal;3
834,24;0+300;0+400;186;4033 - JL. BOGO;sedang;aspal;3
834,24;0+400;0+500;187;4033 - JL. BOGO;RR;aspal;3
834,24;0+500;0+600;188;4033 - JL. BOGO;RR;aspal;3
834,24;0+600;0+700;189;4033 - JL. BOGO;RR;aspal;3
834,24;0+700;0+800;182;4033 - JL. BOGO;RR;aspal;3
834,24;0+800;0+834;190;4033 - JL. BOGO;RR;aspal;3
386,53;0+000;0+100;192;4034 - JL. BOGO II;sedang;aspal;3
386,53;0+100;0+200;193;4034 - JL. BOGO II;RR;aspal;3
386,53;0+200;0+300;191;4034 - JL. BOGO II;RR;aspal;3
386,53;0+300;0+386;194;4034 - JL. BOGO II;sedang;aspal;3
565,33;0+000;0+100;196;4035 - JL. KAMBOJA;baik;aspal;3
565,33;0+100;0+200;197;4035 - JL. KAMBOJA;sedang;aspal;3
565,33;0+200;0+300;198;4035 - JL. KAMBOJA;sedang;aspal;3
565,33;0+300;0+400;199;4035 - JL. KAMBOJA;sedang;aspal;3
565,33;0+400;0+500;195;4035 - JL. KAMBOJA;sedang;aspal;3
565,33;0+500;0+565;200;4035 - JL. KAMBOJA;sedang;aspal;3
492,11;0+000;0+100;202;4036 - JL. SRIGADING;sedang;aspal;3
492,11;0+100;0+200;203;4036 - JL. SRIGADING;sedang;aspal;3
492,11;0+200;0+300;204;4036 - JL. SRIGADING;sedang;aspal;3
492,11;0+300;0+400;201;4036 - JL. SRIGADING;RR;aspal;3
492,11;0+400;0+492;205;4036 - JL. SRIGADING;RR;aspal;3
172,51;0+000;0+100;207;4037 - JL. MELATI I;baik;beton;3
172,51;0+100;0+172;206;4037 - JL. MELATI I;baik;beton;3
263,20;0+000;0+100;209;4038 - JL. MELATI II;baik;beton;3
263,20;0+100;0+200;208;4038 - JL. MELATI II;baik;beton;3
263,20;0+200;0+263;210;4038 - JL. MELATI II;baik;beton;3
2048,21;0+000;0+100;212;4039 - JL. KUNTO;sedang;aspal;3
2048,21;0+100;0+200;213;4039 - JL. KUNTO;baik;aspal;3
2048,21;0+200;0+300;214;4039 - JL. KUNTO;sedang;aspal;3
2048,21;0+300;0+400;215;4039 - JL. KUNTO;sedang;aspal;3
2048,21;0+400;0+500;216;4039 - JL. KUNTO;sedang;aspal;3
2048,21;0+500;0+600;217;4039 - JL. KUNTO;sedang;aspal;3
2048,21;0+600;0+700;218;4039 - JL. KUNTO;baik;aspal;3
2048,21;0+700;0+800;219;4039 - JL. KUNTO;baik;aspal;3
2048,21;0+800;0+900;220;4039 - JL. KUNTO;baik;aspal;3
2048,21;0+900;1+000;221;4039 - JL. KUNTO;sedang;aspal;3
2048,21;1+000;1+100;222;4039 - JL. KUNTO;sedang;aspal;3
2048,21;1+100;1+200;223;4039 - JL. KUNTO;sedang;aspal;3
2048,21;1+200;1+300;224;4039 - JL. KUNTO;sedang;aspal;3
2048,21;1+300;1+400;225;4039 - JL. KUNTO;sedang;aspal;3
2048,21;1+400;1+500;226;4039 - JL. KUNTO;sedang;aspal;3
2048,21;1+500;1+600;227;4039 - JL. KUNTO;baik;aspal;3
2048,21;1+600;1+700;228;4039 - JL. KUNTO;baik;aspal;3
2048,21;1+700;1+800;229;4039 - JL. KUNTO;baik;aspal;3
2048,21;1+800;1+900;230;4039 - JL. KUNTO;baik;aspal;3
2048,21;1+900;2+000;211;4039 - JL. KUNTO;baik;aspal;3
2048,21;2+000;2+048;231;4039 - JL. KUNTO;baik;aspal;3
199,60;0+000;0+100;233;4040 - JL. YOS SUDARSO;baik;aspal;7
199,60;0+100;0+199;232;4040 - JL. YOS SUDARSO;baik;aspal;7
481,86;0+000;0+100;235;4041 - JL. PRAMBANAN;baik;aspal;6
481,86;0+100;0+200;236;4041 - JL. PRAMBANAN;baik;aspal;6
481,86;0+200;0+300;237;4041 - JL. PRAMBANAN;baik;aspal;6
481,86;0+300;0+400;234;4041 - JL. PRAMBANAN;sedang;aspal;6
481,86;0+400;0+481;238;4041 - JL. PRAMBANAN;baik;aspal;6
474,23;0+000;0+100;240;4042 - JL. BOROBUDUR;baik;aspal;5
474,23;0+100;0+200;241;4042 - JL. BOROBUDUR;baik;aspal;5
474,23;0+200;0+300;242;4042 - JL. BOROBUDUR;baik;aspal;5
474,23;0+300;0+400;239;4042 - JL. BOROBUDUR;baik;aspal;5
474,23;0+400;0+474;243;4042 - JL. BOROBUDUR;baik;aspal;5
465,17;0+000;0+100;245;4043 - JL. KALASAN;baik;aspal;6
465,17;0+100;0+200;246;4043 - JL. KALASAN;baik;aspal;6
465,17;0+200;0+300;247;4043 - JL. KALASAN;baik;aspal;6
465,17;0+300;0+400;244;4043 - JL. KALASAN;sedang;aspal;6
465,17;0+400;0+465;248;4043 - JL. KALASAN;baik;aspal;6
218,27;0+000;0+100;250;4044 - JL. MENDUT;baik;aspal;5
218,27;0+100;0+200;249;4044 - JL. MENDUT;baik;aspal;6
218,27;0+200;0+218;251;4044 - JL. MENDUT;baik;aspal;6
292,62;0+000;0+100;253;4045 - JL. SALAK;baik;aspal;8
292,62;0+100;0+200;252;4045 - JL. SALAK;baik;aspal;8
292,62;0+200;0+292;254;4045 - JL. SALAK;baik;aspal;8
228,71;0+000;0+100;256;4046 - JL. MANGGA;baik;aspal;4
228,71;0+100;0+200;255;4046 - JL. MANGGA;baik;aspal;4
228,71;0+200;0+228;257;4046 - JL. MANGGA;baik;aspal;4
187,56;0+000;0+100;259;4047 - JL. SAWO;baik;aspal;4
187,56;0+100;0+187;258;4047 - JL. SAWO;sedang;aspal;4
240,62;0+000;0+100;261;4048 - JL. STASIUN TIMUR;sedang;aspal;6
240,62;0+100;0+200;260;4048 - JL. STASIUN TIMUR;baik;aspal;6
240,62;0+200;0+240;262;4048 - JL. STASIUN TIMUR;sedang;aspal;6
353,56;0+000;0+100;264;4049 - JL. SEMANGKA;baik;aspal;2
353,56;0+100;0+200;265;4049 - JL. SEMANGKA;sedang;aspal;2
353,56;0+200;0+300;263;4049 - JL. SEMANGKA;sedang;aspal;2
353,56;0+300;0+353;266;4049 - JL. SEMANGKA;sedang;aspal;2
196,63;0+000;0+100;268;4050 - JL. KESEMEK;baik;beton;5
196,63;0+100;0+196;267;4050 - JL. KESEMEK;baik;beton;5
252,73;0+000;0+100;270;4051 - JL. ANGGUR;baik;aspal;3
252,73;0+100;0+200;269;4051 - JL. ANGGUR;baik;aspal;3
252,73;0+200;0+252;271;4051 - JL. ANGGUR;RR;aspal;3
260,88;0+000;0+100;273;4052 - JL. MANGGIS;baik;aspal;3
260,88;0+100;0+200;272;4052 - JL. MANGGIS;sedang;aspal;3
260,88;0+200;0+260;274;4052 - JL. MANGGIS;sedang;aspal;3
145,74;0+000;0+100;276;4053 - JL. MELON;sedang;aspal;3
145,74;0+100;0+145;275;4053 - JL. MELON;sedang;aspal;3
145,69;0+000;0+100;278;4054 - JL. SIRSAK;RB;aspal;3
145,69;0+100;0+145;277;4054 - JL. SIRSAK;RB;aspal;3
281,68;0+000;0+100;280;4055 - JL. RAMBUTAN;baik;aspal;4
281,68;0+100;0+200;279;4055 - JL. RAMBUTAN;baik;aspal;4
281,68;0+200;0+281;281;4055 - JL. RAMBUTAN;baik;aspal;4
361,35;0+000;0+100;283;4056 - JL. JAMBU;sedang;aspal;3
361,35;0+100;0+200;284;4056 - JL. JAMBU;baik;aspal;3
361,35;0+200;0+300;282;4056 - JL. JAMBU;baik;aspal;3
361,35;0+300;0+361;285;4056 - JL. JAMBU;baik;aspal;3
876,84;0+000;0+100;287;4057 - JL. BISMO;baik;aspal;6
876,84;0+100;0+200;288;4057 - JL. BISMO;baik;aspal;6
876,84;0+200;0+300;289;4057 - JL. BISMO;baik;aspal;6
876,84;0+300;0+400;290;4057 - JL. BISMO;baik;aspal;6
876,84;0+400;0+500;291;4057 - JL. BISMO;baik;aspal;6
876,84;0+500;0+600;292;4057 - JL. BISMO;baik;aspal;6
876,84;0+600;0+700;293;4057 - JL. BISMO;baik;aspal;6
876,84;0+700;0+800;286;4057 - JL. BISMO;baik;aspal;6
876,84;0+800;0+876;294;4057 - JL. BISMO;baik;aspal;6
782,62;0+000;0+100;296;4058 - JL. PARIKESIT;RR;aspal;5
782,62;0+100;0+200;297;4058 - JL. PARIKESIT;baik;aspal;4
782,62;0+200;0+300;298;4058 - JL. PARIKESIT;baik;aspal;4
782,62;0+300;0+400;299;4058 - JL. PARIKESIT;RR;aspal;4
782,62;0+400;0+500;300;4058 - JL. PARIKESIT;RR;aspal;3
782,62;0+500;0+600;301;4058 - JL. PARIKESIT;RR;aspal;3
782,62;0+600;0+700;295;4058 - JL. PARIKESIT;RR;aspal;3
782,62;0+700;0+782;302;4058 - JL. PARIKESIT;RR;aspal;3
371,68;0+000;0+100;304;4059 - JL. BOLODEWO;RR;aspal;4
371,68;0+100;0+200;305;4059 - JL. BOLODEWO;RR;aspal;4
371,68;0+200;0+300;303;4059 - JL. BOLODEWO;RR;aspal;4
371,68;0+300;0+371;306;4059 - JL. BOLODEWO;RR;aspal;4
457,15;0+000;0+100;308;4060 - JL. KRESNA;baik;aspal;4
457,15;0+100;0+200;309;4060 - JL. KRESNA;sedang;aspal;4
457,15;0+200;0+300;310;4060 - JL. KRESNA;sedang;aspal;4
457,15;0+300;0+400;307;4060 - JL. KRESNA;sedang;aspal;4
457,15;0+400;0+457;311;4060 - JL. KRESNA;sedang;aspal;4
609,96;0+000;0+100;313;4061 - JL. MARKISA RAJA;sedang;aspal;3
609,96;0+100;0+200;314;4061 - JL. MARKISA RAJA;sedang;aspal;3
609,96;0+200;0+300;315;4061 - JL. MARKISA RAJA;sedang;aspal;3
609,96;0+300;0+400;316;4061 - JL. MARKISA RAJA;RR;aspal;3
609,96;0+400;0+500;317;4061 - JL. MARKISA RAJA;sedang;aspal;3
609,96;0+500;0+600;312;4061 - JL. MARKISA RAJA;RB;beton;3
609,96;0+600;0+609;318;4061 - JL. MARKISA RAJA;RB;tanah;3
212,60;0+000;0+100;320;4062 - JL. APEL RAJA;RB;beton;2
212,60;0+100;0+200;319;4062 - JL. APEL RAJA;RB;beton;2
212,60;0+200;0+212;321;4062 - JL. APEL RAJA;RB;beton;2
211,57;0+000;0+100;323;4063 - JL. PEPAYA RAJA;RB;beton;2
211,57;0+100;0+200;322;4063 - JL. PEPAYA RAJA;RB;beton;2
211,57;0+200;0+211;324;4063 - JL. PEPAYA RAJA;RB;tanah;5
1026,70;0+000;0+100;325;4064 - JL. CAKRANINGRAT;RB;makadam;3
1026,70;0+100;0+200;326;4064 - JL. CAKRANINGRAT;RB;makadam;3
1026,70;0+200;0+300;327;4064 - JL. CAKRANINGRAT;RB;makadam;3
1026,70;0+300;0+400;328;4064 - JL. CAKRANINGRAT;RB;makadam;3
1026,70;0+400;0+500;329;4064 - JL. CAKRANINGRAT;RB;makadam;3
1026,70;0+500;0+600;330;4064 - JL. CAKRANINGRAT;RB;makadam;4
1026,70;0+600;0+700;331;4064 - JL. CAKRANINGRAT;RB;makadam;4
1026,70;0+700;0+800;332;4064 - JL. CAKRANINGRAT;RB;makadam;4
1026,70;0+800;0+900;333;4064 - JL. CAKRANINGRAT;RB;makadam;4
1026,70;0+900;1+000;334;4064 - JL. CAKRANINGRAT;RB;makadam;4
1026,70;1+000;1+026;335;4064 - JL. CAKRANINGRAT;RB;makadam;4
176,87;0+000;0+100;337;4065 - JL. SAWO RAJA;baik;aspal;3
176,87;0+100;0+176;336;4065 - JL. SAWO RAJA;baik;aspal;3
576,29;0+000;0+100;338;4066 - JL. MERPATI (BALEREJO);RB;makadam;3
576,29;0+100;0+200;339;4066 - JL. MERPATI (BALEREJO);RB;makadam;3
576,29;0+200;0+300;340;4066 - JL. MERPATI (BALEREJO);RB;makadam;3
576,29;0+300;0+400;341;4066 - JL. MERPATI (BALEREJO);RB;makadam;3
576,29;0+400;0+500;342;4066 - JL. MERPATI (BALEREJO);RB;makadam;3
576,29;0+500;0+576;343;4066 - JL. MERPATI (BALEREJO);RB;makadam;3
980,39;0+000;0+100;345;4067 - JL. KAKAK TUA;RR;aspal;3
980,39;0+100;0+200;346;4067 - JL. KAKAK TUA;RB;aspal;3
980,39;0+200;0+300;347;4067 - JL. KAKAK TUA;RR;aspal;3
980,39;0+300;0+400;348;4067 - JL. KAKAK TUA;RR;aspal;3
980,39;0+400;0+500;349;4067 - JL. KAKAK TUA;RR;aspal;3
980,39;0+500;0+600;350;4067 - JL. KAKAK TUA;RB;aspal;3
980,39;0+600;0+700;351;4067 - JL. KAKAK TUA;RR;aspal;3
980,39;0+700;0+800;352;4067 - JL. KAKAK TUA;RR;aspal;3
980,39;0+800;0+900;344;4067 - JL. KAKAK TUA;RR;aspal;3
980,39;0+900;0+980;353;4067 - JL. KAKAK TUA;RR;aspal;3
1278,61;0+000;0+100;355;4068 - JL. KARANGLO I;RB;tanah;3
1278,61;0+100;0+200;356;4068 - JL. KARANGLO I;RB;tanah;3
1278,61;0+200;0+300;357;4068 - JL. KARANGLO I;RB;tanah;3
1278,61;0+300;0+400;358;4068 - JL. KARANGLO I;RB;tanah;3
1278,61;0+400;0+500;359;4068 - JL. KARANGLO I;RB;tanah;3
1278,61;0+500;0+600;360;4068 - JL. KARANGLO I;RB;tanah;3
1278,61;0+600;0+700;361;4068 - JL. KARANGLO I;RB;tanah;3
1278,61;0+700;0+800;362;4068 - JL. KARANGLO I;RB;tanah;3
1278,61;0+800;0+900;363;4068 - JL. KARANGLO I;RB;tanah;3
1278,61;0+900;1+000;364;4068 - JL. KARANGLO I;RB;tanah;3
1278,61;1+000;1+100;365;4068 - JL. KARANGLO I;RB;tanah;3
1278,61;1+100;1+200;354;4068 - JL. KARANGLO I;RB;tanah;3
1278,61;1+200;1+276;366;4068 - JL. KARANGLO I;RB;tanah;3
128,63;0+000;0+100;368;4069 - JL. KARANGLO II;sedang;aspal;3
128,63;0+100;0+128;367;4069 - JL. KARANGLO II;sedang;aspal;3
414,19;0+000;0+100;370;4070 - JL. WIBOWO;sedang;aspal;3
414,19;0+100;0+200;371;4070 - JL. WIBOWO;sedang;aspal;3
414,19;0+200;0+300;372;4070 - JL. WIBOWO;sedang;aspal;3
414,19;0+300;0+400;369;4070 - JL. WIBOWO;baik;aspal;3
414,19;0+400;0+414;373;4070 - JL. WIBOWO;baik;aspal;3
283,70;0+000;0+100;375;4071 - JL. SEMBADA;baik;aspal;3
283,70;0+100;0+200;374;4071 - JL. SEMBADA;baik;aspal;3
283,70;0+200;0+283;376;4071 - JL. SEMBADA;baik;aspal;3
241,22;0+000;0+100;378;4072 - JL. KYAI SERANG;baik;aspal;4
241,22;0+100;0+200;377;4072 - JL. KYAI SERANG;baik;aspal;4
241,22;0+200;0+241;379;4072 - JL. KYAI SERANG;baik;beton;4
1273,49;0+000;0+100;381;4073 - JL SUHADA HAJI;sedang;aspal;3
1273,49;0+100;0+200;382;4073 - JL SUHADA HAJI;sedang;aspal;3
1273,49;0+200;0+300;383;4073 - JL SUHADA HAJI;baik;aspal;3
1273,49;0+300;0+400;384;4073 - JL SUHADA HAJI;sedang;aspal;3
1273,49;0+400;0+500;385;4073 - JL SUHADA HAJI;baik;aspal;3
1273,49;0+500;0+600;386;4073 - JL SUHADA HAJI;sedang;tanah;3
1273,49;0+600;0+700;387;4073 - JL SUHADA HAJI;RB;tanah;3
1273,49;0+700;0+800;388;4073 - JL SUHADA HAJI;RB;tanah;3
1273,49;0+800;0+900;389;4073 - JL SUHADA HAJI;RB;tanah;3
1273,49;0+900;1+000;390;4073 - JL SUHADA HAJI;RB;tanah;3
1273,49;1+000;1+100;391;4073 - JL SUHADA HAJI;RB;tanah;3
1273,49;1+100;1+200;380;4073 - JL SUHADA HAJI;RB;tanah;3
1273,49;1+200;1+273;392;4073 - JL SUHADA HAJI;RB;tanah;3
159,42;0+000;0+100;394;4074 - JL. KUTILANG;baik;aspal;5
159,42;0+100;0+159;393;4074 - JL. KUTILANG;baik;aspal;5
587,81;0+000;0+100;396;4075 - JL. JL. MANYAR;RR;beton;3
587,81;0+100;0+200;397;4075 - JL. JL. MANYAR;RB;tanah;3
587,81;0+200;0+300;398;4075 - JL. JL. MANYAR;RB;tanah;3
587,81;0+300;0+400;399;4075 - JL. JL. MANYAR;baik;beton;3
587,81;0+400;0+500;395;4075 - JL. JL. MANYAR;baik;beton;3
587,81;0+500;0+587;400;4075 - JL. JL. MANYAR;baik;beton;3
212,73;0+000;0+100;402;4076 - JL. S. PARMAN;baik;beton;10
212,73;0+100;0+200;401;4076 - JL. S. PARMAN;baik;beton;10
212,73;0+200;0+212;403;4076 - JL. S. PARMAN;baik;beton;10
608,26;0+000;0+100;405;4077 - JL. PANJAITAN;baik;aspal;6
608,26;0+100;0+200;406;4077 - JL. PANJAITAN;baik;aspal;6
608,26;0+200;0+300;407;4077 - JL. PANJAITAN;sedang;aspal;6
608,26;0+300;0+400;408;4077 - JL. PANJAITAN;sedang;aspal;6
608,26;0+400;0+500;409;4077 - JL. PANJAITAN;baik;aspal;6
608,26;0+500;0+600;404;4077 - JL. PANJAITAN;baik;aspal;6
608,26;0+600;0+608;410;4077 - JL. PANJAITAN;baik;aspal;6
197,60;0+000;0+100;412;4078 - JL. SUMATRA;baik;aspal;7
197,60;0+100;0+197;411;4078 - JL. SUMATRA;baik;aspal;7
89,85;0+000;0+089;413;4079 - JL. BALI;baik;aspal;7
395,86;0+000;0+100;415;4080 - JL. KALIMANTAN;baik;aspal;6
395,86;0+100;0+200;416;4080 - JL. KALIMANTAN;baik;aspal;6
395,86;0+200;0+300;414;4080 - JL. KALIMANTAN;baik;aspal;6
395,86;0+300;0+300;417;4080 - JL. KALIMANTAN;baik;aspal;6
353,76;0+000;0+100;419;4081 - JL. MADURA;baik;aspal;5
353,76;0+100;0+200;420;4081 - JL. MADURA;baik;aspal;5
353,76;0+200;0+300;418;4081 - JL. MADURA;baik;aspal;5
353,76;0+300;0+353;421;4081 - JL. MADURA;baik;aspal;5
192,24;0+000;0+100;423;4082 - JL. SULAWESI;baik;aspal;4
192,24;0+100;0+192;422;4082 - JL. SULAWESI;baik;aspal;4
95,47;0+000;0+095;424;4083 - JL. FLORES;sedang;aspal;3
212,45;0+000;0+100;426;4084 - JL. SUMBAWA;baik;aspal;3
212,45;0+100;0+200;425;4084 - JL. SUMBAWA;sedang;aspal;3
212,45;0+200;0+212;427;4084 - JL. SUMBAWA;baik;aspal;3
385,06;0+000;0+100;429;4085 - JL. CENDRAWASIH;sedang;aspal;5
385,06;0+100;0+200;430;4085 - JL. CENDRAWASIH;sedang;aspal;5
385,06;0+200;0+300;428;4085 - JL. CENDRAWASIH;sedang;aspal;5
385,06;0+300;0+385;431;4085 - JL. CENDRAWASIH;sedang;aspal;5
694,69;0+000;0+100;433;4086 - JL. RAJAWALI;baik;aspal;4
694,69;0+100;0+200;434;4086 - JL. RAJAWALI;sedang;aspal;4
694,69;0+200;0+300;435;4086 - JL. RAJAWALI;baik;aspal;4
694,69;0+300;0+400;436;4086 - JL. RAJAWALI;sedang;aspal;4
694,69;0+400;0+500;437;4086 - JL. RAJAWALI;baik;aspal;4
694,69;0+500;0+600;432;4086 - JL. RAJAWALI;sedang;aspal;4
694,69;0+600;0+694;438;4086 - JL. RAJAWALI;baik;aspal;4
319,35;0+000;0+100;440;4087 - JL. MENUR;baik;aspal;4
319,35;0+100;0+200;441;4087 - JL. MENUR;baik;aspal;4
319,35;0+200;0+300;439;4087 - JL. MENUR;baik;aspal;4
319,35;0+300;0+319;442;4087 - JL. MENUR;baik;aspal;4
285,04;0+000;0+100;444;4088 - JL. NIAS;baik;aspal;3
285,04;0+100;0+200;443;4088 - JL. NIAS;baik;aspal;3
285,04;0+200;0+285;445;4088 - JL. NIAS;baik;aspal;3
657,00;0+000;0+100;447;4089 - JL. KENARI;sedang;aspal;5
657,00;0+100;0+200;448;4089 - JL. KENARI;sedang;aspal;5
657,00;0+200;0+300;449;4089 - JL. KENARI;sedang;aspal;5
657,00;0+300;0+400;450;4089 - JL. KENARI;sedang;aspal;5
657,00;0+400;0+500;451;4089 - JL. KENARI;sedang;aspal;5
657,00;0+500;0+600;446;4089 - JL. KENARI;sedang;aspal;5
657,00;0+600;0+657;452;4089 - JL. KENARI;sedang;aspal;5
291,27;0+000;0+100;454;4090 - JL. PARKIT;baik;aspal;5
291,27;0+100;0+200;453;4090 - JL. PARKIT;baik;aspal;5
291,27;0+200;0+291;455;4090 - JL. PARKIT;baik;aspal;5
797,87;0+000;0+100;457;4091 - JL. BETET;sedang;beton;3
797,87;0+100;0+200;458;4091 - JL. BETET;RR;beton;3
797,87;0+200;0+300;459;4091 - JL. BETET;RR;beton;3
797,87;0+300;0+400;460;4091 - JL. BETET;RR;beton;3
797,87;0+400;0+500;461;4091 - JL. BETET;RR;beton;3
797,87;0+500;0+600;462;4091 - JL. BETET;sedang;beton;3
797,87;0+600;0+700;456;4091 - JL. BETET;RR;beton;3
797,87;0+700;0+797;463;4091 - JL. BETET;sedang;beton;3
592,57;0+000;0+100;465;4092 - JL. SRITI;baik;beton;3
592,57;0+100;0+200;466;4092 - JL. SRITI;baik;beton;3
592,57;0+200;0+300;467;4092 - JL. SRITI;baik;beton;3
592,57;0+300;0+400;468;4092 - JL. SRITI;baik;beton;3
592,57;0+400;0+500;464;4092 - JL. SRITI;baik;beton;3
592,57;0+500;0+592;469;4092 - JL. SRITI;baik;beton;3
62,05;0+000;0+062;470;4093 - JL. CEMPAKA I;baik;aspal;3
128,92;0+000;0+100;472;4094 - JL. CEMPAKA II;baik;aspal;3
128,92;0+100;0+128;471;4094 - JL. CEMPAKA II;baik;aspal;3
153,06;0+000;0+100;474;4095 - JL. CEMPAKA III;baik;aspal;3
153,06;0+100;0+153;473;4095 - JL. CEMPAKA III;baik;aspal;3
197,97;0+000;0+100;476;4097 - JL. ANGGREK II;sedang;aspal;3
197,97;0+100;0+197;475;4097 - JL. ANGGREK II;baik;aspal;3
2348,19;0+000;0+100;478;4098 - JL. JUANDA;RB;tanah;5
2348,19;0+100;0+200;479;4098 - JL. JUANDA;RB;tanah;3
2348,19;0+200;0+300;480;4098 - JL. JUANDA;RB;tanah;3
2348,19;0+300;0+400;481;4098 - JL. JUANDA;RB;tanah;3
2348,19;0+400;0+500;482;4098 - JL. JUANDA;RB;tanah;3
2348,19;0+500;0+600;483;4098 - JL. JUANDA;RB;tanah;3
2348,19;0+600;0+700;484;4098 - JL. JUANDA;RB;tanah;3
2348,19;0+700;0+800;485;4098 - JL. JUANDA;RB;tanah;3
2348,19;0+800;0+900;486;4098 - JL. JUANDA;RB;makadam;3
2348,19;0+900;1+000;487;4098 - JL. JUANDA;RB;tanah;2
2348,19;1+000;1+100;488;4098 - JL. JUANDA;RB;tanah;2
2348,19;1+100;1+200;489;4098 - JL. JUANDA;RB;tanah;2
2348,19;1+200;1+300;490;4098 - JL. JUANDA;RB;tanah;2
2348,19;1+300;1+400;491;4098 - JL. JUANDA;RB;tanah;2
2348,19;1+400;1+500;492;4098 - JL. JUANDA;RB;tanah;2
2348,19;1+500;1+600;493;4098 - JL. JUANDA;RB;tanah;2
2348,19;1+600;1+700;494;4098 - JL. JUANDA;RB;tanah;2
2348,19;1+700;1+800;495;4098 - JL. JUANDA;RB;tanah;2
2348,19;1+800;1+900;496;4098 - JL. JUANDA;RB;tanah;2
2348,19;1+900;2+000;497;4098 - JL. JUANDA;RB;tanah;2
2348,19;2+000;2+100;498;4098 - JL. JUANDA;RB;tanah;2
2348,19;2+100;2+200;499;4098 - JL. JUANDA;RB;tanah;2
2348,19;2+200;2+300;477;4098 - JL. JUANDA;RB;tanah;2
2348,19;2+300;2+348;500;4098 - JL. JUANDA;RB;tanah;2
678,33;0+000;0+100;502;4099 - JL. PROGO;baik;beton;4
678,33;0+100;0+200;503;4099 - JL. PROGO;baik;beton;4
678,33;0+200;0+300;504;4099 - JL. PROGO;baik;beton;4
678,33;0+300;0+400;505;4099 - JL. PROGO;baik;beton;4
678,33;0+400;0+500;506;4099 - JL. PROGO;baik;beton;4
678,33;0+500;0+600;501;4099 - JL. PROGO;baik;beton;4
678,33;0+600;0+678;507;4099 - JL. PROGO;baik;beton;4
286,28;0+000;0+100;509;4101 - JL. RUSUNAWA;baik;aspal;3
286,28;0+100;0+200;508;4101 - JL. RUSUNAWA;baik;beton;4
286,28;0+200;0+286;510;4101 - JL. RUSUNAWA;sedang;beton;3
258,01;0+000;0+100;512;4102 - JL. MERPATI (MEJAYAN);baik;aspal;3
258,01;0+100;0+200;511;4102 - JL. MERPATI (MEJAYAN);baik;aspal;3
258,01;0+200;0+258;513;4102 - JL. MERPATI (MEJAYAN);baik;aspal;3
439,90;0+000;0+100;515;4103 - JL. IRIAN JAYA;baik;aspal;3
439,90;0+100;0+200;516;4103 - JL. IRIAN JAYA;baik;aspal;3
439,90;0+200;0+300;517;4103 - JL. IRIAN JAYA;baik;aspal;3
439,90;0+300;0+400;514;4103 - JL. IRIAN JAYA;baik;beton;3
439,90;0+400;0+439;518;4103 - JL. IRIAN JAYA;baik;beton;3
360,67;0+000;0+100;520;4104 - JL. PRAWIRO DIPURAN;baik;aspal;7
360,67;0+100;0+200;521;4104 - JL. PRAWIRO DIPURAN;baik;aspal;7
360,67;0+200;0+300;519;4104 - JL. PRAWIRO DIPURAN;baik;aspal;7
360,67;0+300;0+360;522;4104 - JL. PRAWIRO DIPURAN;baik;aspal;7
466,72;0+000;0+100;524;4105 - JL. KURMA RAJA;RB;beton;2
466,72;0+100;0+200;525;4105 - JL. KURMA RAJA;RB;beton;2
466,72;0+200;0+300;526;4105 - JL. KURMA RAJA;RB;beton;2
466,72;0+300;0+400;523;4105 - JL. KURMA RAJA;RB;beton;2
466,72;0+400;0+466;527;4105 - JL. KURMA RAJA;RB;beton;2
1325,85;0+000;0+100;529;4201 - JL. NGAGEL;baik;aspal;3
1325,85;0+100;0+200;530;4201 - JL. NGAGEL;baik;aspal;3
1325,85;0+200;0+300;531;4201 - JL. NGAGEL;sedang;aspal;3
1325,85;0+300;0+400;532;4201 - JL. NGAGEL;baik;aspal;3
1325,85;0+400;0+500;533;4201 - JL. NGAGEL;baik;aspal;3
1325,85;0+500;0+600;534;4201 - JL. NGAGEL;baik;aspal;3
1325,85;0+600;0+700;535;4201 - JL. NGAGEL;baik;aspal;3
1325,85;0+700;0+800;536;4201 - JL. NGAGEL;RB;aspal;3
1325,85;0+800;0+900;537;4201 - JL. NGAGEL;RB;tanah;2
1325,85;0+900;1+000;538;4201 - JL. NGAGEL;RB;tanah;2
1325,85;1+000;1+100;539;4201 - JL. NGAGEL;RB;beton;2
1325,85;1+100;1+200;540;4201 - JL. NGAGEL;RB;beton;2
1325,85;1+200;1+300;528;4201 - JL. NGAGEL;RB;beton;3
1325,85;1+300;1+325;541;4201 - JL. NGAGEL;RB;tanah;3
1132,69;0+000;0+100;543;4202 - JL. JANOKO;RB;tanah;2
1132,69;0+100;0+200;544;4202 - JL. JANOKO;RB;tanah;2
1132,69;0+200;0+300;545;4202 - JL. JANOKO;RB;tanah;2
1132,69;0+300;0+400;546;4202 - JL. JANOKO;RB;tanah;2
1132,69;0+400;0+500;547;4202 - JL. JANOKO;RB;tanah;2
1132,69;0+500;0+600;548;4202 - JL. JANOKO;RB;tanah;2
1132,69;0+600;0+700;549;4202 - JL. JANOKO;RB;tanah;3
1132,69;0+700;0+800;550;4202 - JL. JANOKO;RB;beton;3
1132,69;0+800;0+900;551;4202 - JL. JANOKO;RB;beton;3
1132,69;0+900;1+000;552;4202 - JL. JANOKO;RB;beton;3
1132,69;1+000;1+100;542;4202 - JL. JANOKO;sedang;beton;3
1132,69;1+100;1+132;553;4202 - JL. JANOKO;baik;beton;3
1862,66;0+000;0+100;555;4203 - JL. SEDAH;baik;aspal;3
1862,66;0+100;0+200;556;4203 - JL. SEDAH;baik;aspal;3
1862,66;0+200;0+300;557;4203 - JL. SEDAH;baik;aspal;3
1862,66;0+300;0+400;558;4203 - JL. SEDAH;baik;aspal;3
1862,66;0+400;0+500;559;4203 - JL. SEDAH;baik;aspal;3
1862,66;0+500;0+600;560;4203 - JL. SEDAH;baik;aspal;3
1862,66;0+600;0+700;561;4203 - JL. SEDAH;baik;aspal;3
1862,66;0+700;0+800;562;4203 - JL. SEDAH;baik;aspal;3
1862,66;0+800;0+900;563;4203 - JL. SEDAH;baik;aspal;3
1862,66;0+900;1+000;564;4203 - JL. SEDAH;baik;aspal;3
1862,66;1+000;1+100;565;4203 - JL. SEDAH;baik;aspal;3
1862,66;1+100;1+200;566;4203 - JL. SEDAH;baik;aspal;3
1862,66;1+200;1+300;567;4203 - JL. SEDAH;baik;aspal;4
1862,66;1+300;1+400;568;4203 - JL. SEDAH;baik;aspal;4
1862,66;1+400;1+500;569;4203 - JL. SEDAH;baik;aspal;4
1862,66;1+500;1+600;570;4203 - JL. SEDAH;baik;aspal;4
1862,66;1+600;1+700;571;4203 - JL. SEDAH;baik;aspal;4
1862,66;1+700;1+800;554;4203 - JL. SEDAH;baik;aspal;4
1862,66;1+800;1+862;572;4203 - JL. SEDAH;baik;aspal;4
521,67;0+000;0+100;574;4204 - JL. SASONO LOYO;RB;makadam;3
521,67;0+100;0+200;575;4204 - JL. SASONO LOYO;RB;makadam;3
521,67;0+200;0+300;576;4204 - JL. SASONO LOYO;RB;makadam;3
521,67;0+300;0+400;577;4204 - JL. SASONO LOYO;RB;makadam;3
521,67;0+400;0+500;573;4204 - JL. SASONO LOYO;RB;makadam;3
521,67;0+500;0+521;578;4204 - JL. SASONO LOYO;RB;makadam;3
531,35;0+000;0+100;580;4205 - JL. KEBODALEM;baik;aspal;3
531,35;0+100;0+200;581;4205 - JL. KEBODALEM;baik;aspal;3
531,35;0+200;0+300;582;4205 - JL. KEBODALEM;RB;tanah;3
531,35;0+300;0+400;583;4205 - JL. KEBODALEM;RB;tanah;3
531,35;0+400;0+500;579;4205 - JL. KEBODALEM;RB;tanah;3
531,35;0+500;0+531;584;4205 - JL. KEBODALEM;RB;tanah;3
462,80;0+000;0+100;586;4206 - JL. SIDODADI;baik;aspal;3
462,80;0+100;0+200;587;4206 - JL. SIDODADI;baik;aspal;3
462,80;0+200;0+300;588;4206 - JL. SIDODADI;baik;aspal;3
462,80;0+300;0+400;585;4206 - JL. SIDODADI;baik;aspal;3
462,80;0+400;0+462;589;4206 - JL. SIDODADI;baik;aspal;3
2332,83;0+000;0+100;591;4207 - JL. TEGALREJO;baik;aspal;3
2332,83;0+100;0+200;592;4207 - JL. TEGALREJO;baik;aspal;3
2332,83;0+200;0+300;593;4207 - JL. TEGALREJO;baik;aspal;3
2332,83;0+300;0+400;594;4207 - JL. TEGALREJO;baik;aspal;3
2332,83;0+400;0+500;595;4207 - JL. TEGALREJO;baik;aspal;3
2332,83;0+500;0+600;596;4207 - JL. TEGALREJO;baik;aspal;3
2332,83;0+600;0+700;597;4207 - JL. TEGALREJO;baik;aspal;3
2332,83;0+700;0+800;598;4207 - JL. TEGALREJO;baik;aspal;3
2332,83;0+800;0+900;599;4207 - JL. TEGALREJO;baik;aspal;3
2332,83;0+900;1+000;600;4207 - JL. TEGALREJO;baik;aspal;3
2332,83;1+000;1+100;601;4207 - JL. TEGALREJO;baik;aspal;3
2332,83;1+100;1+200;602;4207 - JL. TEGALREJO;baik;aspal;3
2332,83;1+200;1+300;603;4207 - JL. TEGALREJO;baik;aspal;3
2332,83;1+300;1+400;604;4207 - JL. TEGALREJO;baik;aspal;3
2332,83;1+400;1+500;605;4207 - JL. TEGALREJO;baik;aspal;3
2332,83;1+500;1+600;606;4207 - JL. TEGALREJO;sedang;aspal;3
2332,83;1+600;1+700;607;4207 - JL. TEGALREJO;RR;aspal;3
2332,83;1+700;1+800;608;4207 - JL. TEGALREJO;baik;aspal;3
2332,83;1+800;1+900;609;4207 - JL. TEGALREJO;baik;aspal;3
2332,83;1+900;2+000;610;4207 - JL. TEGALREJO;sedang;aspal;3
2332,83;2+000;2+100;611;4207 - JL. TEGALREJO;RR;aspal;3
2332,83;2+100;2+200;612;4207 - JL. TEGALREJO;baik;aspal;3
2332,83;2+200;2+300;590;4207 - JL. TEGALREJO;baik;aspal;3
2332,83;2+300;2+332;613;4207 - JL. TEGALREJO;baik;aspal;3
1413,45;0+000;0+100;615;4208 - JL. NGRAWAN II;baik;aspal;3
1413,45;0+100;0+200;616;4208 - JL. NGRAWAN II;sedang;aspal;3
1413,45;0+200;0+300;617;4208 - JL. NGRAWAN II;baik;aspal;3
1413,45;0+300;0+400;618;4208 - JL. NGRAWAN II;baik;aspal;3
1413,45;0+400;0+500;619;4208 - JL. NGRAWAN II;baik;aspal;3
1413,45;0+500;0+600;620;4208 - JL. NGRAWAN II;baik;aspal;3
1413,45;0+600;0+700;621;4208 - JL. NGRAWAN II;baik;aspal;3
1413,45;0+700;0+800;622;4208 - JL. NGRAWAN II;baik;aspal;3
1413,45;0+800;0+900;623;4208 - JL. NGRAWAN II;baik;aspal;3
1413,45;0+900;1+000;624;4208 - JL. NGRAWAN II;baik;aspal;3
1413,45;1+000;1+100;625;4208 - JL. NGRAWAN II;baik;aspal;3
1413,45;1+100;1+200;626;4208 - JL. NGRAWAN II;baik;aspal;3
1413,45;1+200;1+300;627;4208 - JL. NGRAWAN II;baik;aspal;3
1413,45;1+300;1+400;614;4208 - JL. NGRAWAN II;baik;aspal;3
1413,45;1+400;1+400;628;4208 - JL. NGRAWAN II;baik;aspal;3
826,45;0+000;0+100;630;4209 - JL. KEMANTREN;baik;aspal;3
826,45;0+100;0+200;631;4209 - JL. KEMANTREN;baik;aspal;3
826,45;0+200;0+300;632;4209 - JL. KEMANTREN;baik;aspal;3
826,45;0+300;0+400;633;4209 - JL. KEMANTREN;baik;aspal;3
826,45;0+400;0+500;634;4209 - JL. KEMANTREN;baik;aspal;3
826,45;0+500;0+600;635;4209 - JL. KEMANTREN;baik;aspal;3
826,45;0+600;0+700;636;4209 - JL. KEMANTREN;baik;aspal;3
826,45;0+700;0+800;629;4209 - JL. KEMANTREN;baik;aspal;3
826,45;0+800;0+826;637;4209 - JL. KEMANTREN;baik;aspal;3
1155,43;0+000;0+100;639;4210 - JL. NGRAWAN I;baik;aspal;3
1155,43;0+100;0+200;640;4210 - JL. NGRAWAN I;baik;aspal;3
1155,43;0+200;0+300;641;4210 - JL. NGRAWAN I;sedang;aspal;3
1155,43;0+300;0+400;642;4210 - JL. NGRAWAN I;baik;aspal;3
1155,43;0+400;0+500;643;4210 - JL. NGRAWAN I;baik;aspal;3
1155,43;0+500;0+600;644;4210 - JL. NGRAWAN I;baik;aspal;3
1155,43;0+600;0+700;645;4210 - JL. NGRAWAN I;baik;aspal;3
1155,43;0+700;0+800;646;4210 - JL. NGRAWAN I;baik;aspal;3
1155,43;0+800;0+900;647;4210 - JL. NGRAWAN I;baik;aspal;3
1155,43;0+900;1+000;648;4210 - JL. NGRAWAN I;baik;aspal;3
1155,43;1+000;1+100;638;4210 - JL. NGRAWAN I;baik;aspal;3
1155,43;1+100;1+155;649;4210 - JL. NGRAWAN I;baik;aspal;3
961,61;0+000;0+100;651;4211 - JL. PANCA UPAYA;baik;aspal;3
961,61;0+100;0+200;652;4211 - JL. PANCA UPAYA;baik;aspal;3
961,61;0+200;0+300;653;4211 - JL. PANCA UPAYA;baik;aspal;3
961,61;0+300;0+400;654;4211 - JL. PANCA UPAYA;baik;aspal;3
961,61;0+400;0+500;655;4211 - JL. PANCA UPAYA;baik;aspal;3
961,61;0+500;0+600;656;4211 - JL. PANCA UPAYA;baik;aspal;3
961,61;0+600;0+700;657;4211 - JL. PANCA UPAYA;baik;aspal;3
961,61;0+700;0+800;658;4211 - JL. PANCA UPAYA;baik;aspal;3
961,61;0+800;0+900;650;4211 - JL. PANCA UPAYA;baik;aspal;3
961,61;0+900;0+961;659;4211 - JL. PANCA UPAYA;sedang;aspal;3
1306,87;0+000;0+100;660;4212 - JL. JEBLOK;baik;aspal;5
1306,87;0+100;0+200;661;4212 - JL. JEBLOK;baik;aspal;5
1306,87;0+200;0+300;662;4212 - JL. JEBLOK;baik;aspal;5
1306,87;0+300;0+400;663;4212 - JL. JEBLOK;baik;aspal;5
1306,87;0+400;0+500;664;4212 - JL. JEBLOK;baik;aspal;5
1306,87;0+500;0+600;665;4212 - JL. JEBLOK;baik;aspal;5
1306,87;0+600;0+700;666;4212 - JL. JEBLOK;baik;aspal;5
1306,87;0+700;0+800;667;4212 - JL. JEBLOK;baik;aspal;5
1306,87;0+800;0+900;668;4212 - JL. JEBLOK;sedang;aspal;5
1306,87;0+900;1+000;669;4212 - JL. JEBLOK;sedang;aspal;5
1306,87;1+000;1+100;670;4212 - JL. JEBLOK;sedang;aspal;4
1306,87;1+100;1+200;671;4212 - JL. JEBLOK;sedang;aspal;4
1306,87;1+200;1+300;673;4212 - JL. JEBLOK;sedang;aspal;4
1306,87;1+300;1+306;672;4212 - JL. JEBLOK;sedang;aspal;4
586,00;0+000;0+100;675;4213 - JL. KERTO RAHARJO;baik;aspal;4
586,00;0+100;0+200;676;4213 - JL. KERTO RAHARJO;baik;aspal;4
586,00;0+200;0+300;677;4213 - JL. KERTO RAHARJO;baik;aspal;4
586,00;0+300;0+400;678;4213 - JL. KERTO RAHARJO;baik;aspal;4
586,00;0+400;0+500;674;4213 - JL. KERTO RAHARJO;baik;aspal;4
586,00;0+500;0+585;679;4213 - JL. KERTO RAHARJO;sedang;aspal;3
2074,50;0+000;0+100;681;4214 - JL. PANJANG PUNJUNG;baik;aspal;4
2074,50;0+100;0+200;682;4214 - JL. PANJANG PUNJUNG;baik;aspal;4
2074,50;0+200;0+300;683;4214 - JL. PANJANG PUNJUNG;baik;aspal;4
2074,50;0+300;0+400;684;4214 - JL. PANJANG PUNJUNG;baik;aspal;4
2074,50;0+400;0+500;685;4214 - JL. PANJANG PUNJUNG;baik;aspal;4
2074,50;0+500;0+600;686;4214 - JL. PANJANG PUNJUNG;baik;aspal;4
2074,50;0+600;0+700;687;4214 - JL. PANJANG PUNJUNG;sedang;aspal;4
2074,50;0+700;0+800;688;4214 - JL. PANJANG PUNJUNG;baik;aspal;4
2074,50;0+800;0+900;689;4214 - JL. PANJANG PUNJUNG;baik;aspal;4
2074,50;0+900;1+000;690;4214 - JL. PANJANG PUNJUNG;sedang;aspal;4
2074,50;1+000;1+100;691;4214 - JL. PANJANG PUNJUNG;sedang;aspal;3
2074,50;1+100;1+200;692;4214 - JL. PANJANG PUNJUNG;baik;aspal;3
2074,50;1+200;1+300;693;4214 - JL. PANJANG PUNJUNG;baik;aspal;3
2074,50;1+300;1+400;694;4214 - JL. PANJANG PUNJUNG;baik;aspal;4
2074,50;1+400;1+500;695;4214 - JL. PANJANG PUNJUNG;baik;aspal;4
2074,50;1+500;1+600;696;4214 - JL. PANJANG PUNJUNG;baik;aspal;4
2074,50;1+600;1+700;697;4214 - JL. PANJANG PUNJUNG;baik;aspal;4
2074,50;1+700;1+800;698;4214 - JL. PANJANG PUNJUNG;baik;aspal;4
2074,50;1+800;1+900;699;4214 - JL. PANJANG PUNJUNG;baik;aspal;4
2074,50;1+900;2+000;680;4214 - JL. PANJANG PUNJUNG;baik;aspal;4
2074,50;2+000;2+074;700;4214 - JL. PANJANG PUNJUNG;baik;aspal;4
712,51;0+000;0+100;702;4215 - JL. GEMAH RIPAH;baik;aspal;3
712,51;0+100;0+200;703;4215 - JL. GEMAH RIPAH;baik;aspal;3
712,51;0+200;0+300;704;4215 - JL. GEMAH RIPAH;baik;aspal;3
712,51;0+300;0+400;705;4215 - JL. GEMAH RIPAH;baik;aspal;3
712,51;0+400;0+500;706;4215 - JL. GEMAH RIPAH;sedang;aspal;3
712,51;0+500;0+600;707;4215 - JL. GEMAH RIPAH;baik;aspal;3
712,51;0+600;0+700;701;4215 - JL. GEMAH RIPAH;baik;aspal;3
712,51;0+700;0+712;708;4215 - JL. GEMAH RIPAH;baik;aspal;3
361,34;0+000;0+100;710;4216 - JL. SIDOASIH;baik;aspal;3
361,34;0+100;0+200;711;4216 - JL. SIDOASIH;baik;aspal;3
361,34;0+200;0+300;709;4216 - JL. SIDOASIH;baik;aspal;3
361,34;0+300;0+361;712;4216 - JL. SIDOASIH;baik;aspal;3
1552,16;0+000;0+100;714;4217 - JL. TEGAL ARUM;baik;aspal;3
1552,16;0+100;0+200;715;4217 - JL. TEGAL ARUM;baik;aspal;3
1552,16;0+200;0+300;716;4217 - JL. TEGAL ARUM;baik;aspal;3
1552,16;0+300;0+400;717;4217 - JL. TEGAL ARUM;baik;aspal;3
1552,16;0+400;0+500;718;4217 - JL. TEGAL ARUM;baik;aspal;3
1552,16;0+500;0+600;719;4217 - JL. TEGAL ARUM;baik;aspal;3
1552,16;0+600;0+700;720;4217 - JL. TEGAL ARUM;baik;aspal;3
1552,16;0+700;0+800;721;4217 - JL. TEGAL ARUM;baik;aspal;3
1552,16;0+800;0+900;722;4217 - JL. TEGAL ARUM;baik;aspal;3
1552,16;0+900;1+000;723;4217 - JL. TEGAL ARUM;baik;aspal;3
1552,16;1+000;1+100;724;4217 - JL. TEGAL ARUM;baik;aspal;3
1552,16;1+100;1+200;725;4217 - JL. TEGAL ARUM;baik;aspal;3
1552,16;1+200;1+300;726;4217 - JL. TEGAL ARUM;baik;aspal;3
1552,16;1+300;1+400;727;4217 - JL. TEGAL ARUM;baik;aspal;3
1552,16;1+400;1+500;713;4217 - JL. TEGAL ARUM;baik;aspal;3
1552,16;1+500;1+552;728;4217 - JL. TEGAL ARUM;baik;aspal;3
858,70;0+000;0+100;730;4218 - JL. SIDOMUKTI;baik;aspal;3
858,70;0+100;0+200;731;4218 - JL. SIDOMUKTI;baik;aspal;3
858,70;0+200;0+300;732;4218 - JL. SIDOMUKTI;baik;aspal;3
858,70;0+300;0+400;733;4218 - JL. SIDOMUKTI;baik;aspal;3
858,70;0+400;0+500;734;4218 - JL. SIDOMUKTI;baik;aspal;3
858,70;0+500;0+600;735;4218 - JL. SIDOMUKTI;baik;aspal;3
858,70;0+600;0+700;736;4218 - JL. SIDOMUKTI;RR;aspal;3
858,70;0+700;0+800;729;4218 - JL. SIDOMUKTI;RR;aspal;3
858,70;0+800;0+858;737;4218 - JL. SIDOMUKTI;sedang;aspal;3
748,64;0+000;0+100;739;4219 - JL. SIDOMULYO;baik;aspal;4
748,64;0+100;0+200;740;4219 - JL. SIDOMULYO;baik;aspal;4
748,64;0+200;0+300;741;4219 - JL. SIDOMULYO;baik;aspal;4
748,64;0+300;0+400;742;4219 - JL. SIDOMULYO;baik;aspal;4
748,64;0+400;0+500;743;4219 - JL. SIDOMULYO;sedang;aspal;3
748,64;0+500;0+600;744;4219 - JL. SIDOMULYO;baik;aspal;4
748,64;0+600;0+700;738;4219 - JL. SIDOMULYO;baik;aspal;4
748,64;0+700;0+748;745;4219 - JL. SIDOMULYO;baik;aspal;4
204,67;0+000;0+100;747;4220 - JL. WAKIDUN;baik;aspal;3
204,67;0+100;0+200;746;4220 - JL. WAKIDUN;baik;aspal;3
204,67;0+200;0+204;748;4220 - JL. WAKIDUN;baik;aspal;3
444,96;0+000;0+100;750;4221 - JL. SIDO AGUNG;sedang;aspal;3
444,96;0+100;0+200;751;4221 - JL. SIDO AGUNG;RR;aspal;3
444,96;0+200;0+300;752;4221 - JL. SIDO AGUNG;RR;aspal;3
444,96;0+300;0+400;749;4221 - JL. SIDO AGUNG;sedang;aspal;3
444,96;0+400;0+444;753;4221 - JL. SIDO AGUNG;sedang;aspal;3
385,25;0+000;0+100;755;4222 - JL. PASIR WUKIR;baik;aspal;3
385,25;0+100;0+200;756;4222 - JL. PASIR WUKIR;baik;aspal;3
385,25;0+200;0+300;754;4222 - JL. PASIR WUKIR;baik;aspal;3
385,25;0+300;0+385;757;4222 - JL. PASIR WUKIR;baik;aspal;3
413,52;0+000;0+100;759;4223 - JL. TOTO TERTIB;baik;aspal;3
413,52;0+100;0+200;760;4223 - JL. TOTO TERTIB;baik;aspal;3
413,52;0+200;0+300;761;4223 - JL. TOTO TERTIB;baik;aspal;3
413,52;0+300;0+400;758;4223 - JL. TOTO TERTIB;baik;aspal;3
413,52;0+400;0+413;762;4223 - JL. TOTO TERTIB;baik;aspal;3
485,79;0+000;0+100;764;4224 - JL. BERBUDI;baik;aspal;3
485,79;0+100;0+200;765;4224 - JL. BERBUDI;baik;aspal;3
485,79;0+200;0+300;766;4224 - JL. BERBUDI;baik;aspal;3
485,79;0+300;0+400;763;4224 - JL. BERBUDI;baik;aspal;3
485,79;0+400;0+485;767;4224 - JL. BERBUDI;baik;aspal;3
434,43;0+000;0+100;769;4225 - JL. JUWET/SURO;baik;aspal;3
434,43;0+100;0+200;770;4225 - JL. JUWET/SURO;baik;aspal;3
434,43;0+200;0+300;771;4225 - JL. JUWET/SURO;baik;aspal;3
434,43;0+300;0+400;768;4225 - JL. JUWET/SURO;baik;aspal;3
434,43;0+400;0+434;772;4225 - JL. JUWET/SURO;baik;aspal;3
622,28;0+000;0+100;774;4226 - JL. PUNDEN;baik;aspal;3
622,28;0+100;0+200;775;4226 - JL. PUNDEN;baik;aspal;3
622,28;0+200;0+300;776;4226 - JL. PUNDEN;baik;aspal;3
622,28;0+300;0+400;777;4226 - JL. PUNDEN;baik;aspal;3
622,28;0+400;0+500;778;4226 - JL. PUNDEN;baik;aspal;3
622,28;0+500;0+600;773;4226 - JL. PUNDEN;RR;aspal;3
622,28;0+600;0+622;779;4226 - JL. PUNDEN;sedang;aspal;3
746,67;0+000;0+100;781;4227 - JL. PERHUTANI;baik;aspal;3
746,67;0+100;0+200;782;4227 - JL. PERHUTANI;baik;aspal;3
746,67;0+200;0+300;783;4227 - JL. PERHUTANI;baik;aspal;3
746,67;0+300;0+400;784;4227 - JL. PERHUTANI;baik;aspal;3
746,67;0+400;0+500;785;4227 - JL. PERHUTANI;sedang;aspal;3
746,67;0+500;0+600;786;4227 - JL. PERHUTANI;sedang;aspal;3
746,67;0+600;0+700;780;4227 - JL. PERHUTANI;RR;aspal;3
746,67;0+700;0+746;787;4227 - JL. PERHUTANI;baik;aspal;3
725,52;0+000;0+100;789;4228 - JL. M.I. BUNGA BANGSA;baik;aspal;3
725,52;0+100;0+200;790;4228 - JL. M.I. BUNGA BANGSA;baik;aspal;3
725,52;0+200;0+300;791;4228 - JL. M.I. BUNGA BANGSA;baik;aspal;3
725,52;0+300;0+400;792;4228 - JL. M.I. BUNGA BANGSA;baik;aspal;3
725,52;0+400;0+500;793;4228 - JL. M.I. BUNGA BANGSA;baik;aspal;3
725,52;0+500;0+600;794;4228 - JL. M.I. BUNGA BANGSA;baik;aspal;3
725,52;0+600;0+700;788;4228 - JL. M.I. BUNGA BANGSA;baik;aspal;3
725,52;0+700;0+725;795;4228 - JL. M.I. BUNGA BANGSA;baik;aspal;3
834,96;0+000;0+100;797;4229 - JL. M.I. FARHIN;baik;aspal;3
834,96;0+100;0+200;798;4229 - JL. M.I. FARHIN;baik;aspal;3
834,96;0+200;0+300;799;4229 - JL. M.I. FARHIN;baik;aspal;3
834,96;0+300;0+400;800;4229 - JL. M.I. FARHIN;baik;aspal;3
834,96;0+400;0+500;801;4229 - JL. M.I. FARHIN;baik;aspal;3
834,96;0+500;0+600;802;4229 - JL. M.I. FARHIN;baik;aspal;3
834,96;0+600;0+700;803;4229 - JL. M.I. FARHIN;baik;aspal;3
834,96;0+700;0+800;796;4229 - JL. M.I. FARHIN;baik;aspal;3
834,96;0+800;0+834;804;4229 - JL. M.I. FARHIN;baik;aspal;3
2271,14;0+000;0+100;806;4230 - JL. WAHID HASYIM;baik;aspal;3
2271,14;0+100;0+200;807;4230 - JL. WAHID HASYIM;baik;aspal;3
2271,14;0+200;0+300;808;4230 - JL. WAHID HASYIM;baik;aspal;3
2271,14;0+300;0+400;809;4230 - JL. WAHID HASYIM;baik;aspal;3
2271,14;0+400;0+500;810;4230 - JL. WAHID HASYIM;sedang;aspal;3
2271,14;0+500;0+600;811;4230 - JL. WAHID HASYIM;sedang;aspal;3
2271,14;0+600;0+700;812;4230 - JL. WAHID HASYIM;baik;aspal;3
2271,14;0+700;0+800;813;4230 - JL. WAHID HASYIM;baik;aspal;3
2271,14;0+800;0+900;814;4230 - JL. WAHID HASYIM;baik;aspal;3
2271,14;0+900;1+000;815;4230 - JL. WAHID HASYIM;baik;aspal;3
2271,14;1+000;1+100;816;4230 - JL. WAHID HASYIM;baik;aspal;3
2271,14;1+100;1+200;817;4230 - JL. WAHID HASYIM;baik;aspal;3
2271,14;1+200;1+300;818;4230 - JL. WAHID HASYIM;baik;aspal;3
2271,14;1+300;1+400;819;4230 - JL. WAHID HASYIM;baik;aspal;3
2271,14;1+400;1+500;820;4230 - JL. WAHID HASYIM;baik;aspal;3
2271,14;1+500;1+600;821;4230 - JL. WAHID HASYIM;sedang;aspal;3
2271,14;1+600;1+700;822;4230 - JL. WAHID HASYIM;baik;aspal;3
2271,14;1+700;1+800;823;4230 - JL. WAHID HASYIM;sedang;aspal;3
2271,14;1+800;1+900;824;4230 - JL. WAHID HASYIM;sedang;aspal;3
2271,14;1+900;2+000;825;4230 - JL. WAHID HASYIM;baik;aspal;3
2271,14;2+000;2+100;826;4230 - JL. WAHID HASYIM;baik;aspal;3
2271,14;2+100;2+200;805;4230 - JL. WAHID HASYIM;baik;aspal;3
2271,14;2+200;2+271;827;4230 - JL. WAHID HASYIM;baik;aspal;3
602,97;0+000;0+100;829;4231 - JL. COKRO AMINOTO;baik;aspal;3
602,97;0+100;0+200;830;4231 - JL. COKRO AMINOTO;baik;aspal;3
602,97;0+200;0+300;831;4231 - JL. COKRO AMINOTO;baik;aspal;3
602,97;0+300;0+400;832;4231 - JL. COKRO AMINOTO;baik;aspal;3
602,97;0+400;0+500;833;4231 - JL. COKRO AMINOTO;baik;aspal;3
602,97;0+500;0+600;828;4231 - JL. COKRO AMINOTO;baik;aspal;3
602,97;0+600;0+602;834;4231 - JL. COKRO AMINOTO;baik;aspal;3
844,33;0+000;0+100;836;4232 - JL. TENGKU UMAR;baik;aspal;3
844,33;0+100;0+200;837;4232 - JL. TENGKU UMAR;baik;aspal;3
844,33;0+200;0+300;838;4232 - JL. TENGKU UMAR;sedang;aspal;3
844,33;0+300;0+400;839;4232 - JL. TENGKU UMAR;baik;beton;3
844,33;0+400;0+500;840;4232 - JL. TENGKU UMAR;sedang;beton;3
844,33;0+500;0+600;841;4232 - JL. TENGKU UMAR;baik;beton;3
844,33;0+600;0+700;842;4232 - JL. TENGKU UMAR;sedang;aspal;3
844,33;0+700;0+800;835;4232 - JL. TENGKU UMAR;sedang;aspal;3
844,33;0+800;0+844;843;4232 - JL. TENGKU UMAR;sedang;aspal;3
242,68;0+000;0+100;845;4233 - JL. SANDANG PANGAN;baik;aspal;6
242,68;0+100;0+200;844;4233 - JL. SANDANG PANGAN;baik;aspal;6
242,68;0+200;0+242;846;4233 - JL. SANDANG PANGAN;baik;aspal;6
508,59;0+000;0+100;848;4234 - JL. TOTO TENTREM;baik;aspal;3
508,59;0+100;0+200;849;4234 - JL. TOTO TENTREM;baik;aspal;3
508,59;0+200;0+300;850;4234 - JL. TOTO TENTREM;baik;aspal;3
508,59;0+300;0+400;851;4234 - JL. TOTO TENTREM;baik;aspal;3
508,59;0+400;0+500;847;4234 - JL. TOTO TENTREM;baik;aspal;3
508,59;0+500;0+508;852;4234 - JL. TOTO TENTREM;baik;aspal;3
636,15;0+000;0+100;854;4235 - JL. LOHJINAWI;baik;aspal;3
636,15;0+100;0+200;855;4235 - JL. LOHJINAWI;baik;aspal;3
636,15;0+200;0+300;856;4235 - JL. LOHJINAWI;baik;aspal;3
636,15;0+300;0+400;857;4235 - JL. LOHJINAWI;baik;aspal;3
636,15;0+400;0+500;858;4235 - JL. LOHJINAWI;baik;aspal;3
636,15;0+500;0+600;853;4235 - JL. LOHJINAWI;baik;aspal;3
636,15;0+600;0+636;859;4235 - JL. LOHJINAWI;baik;aspal;3
863,09;0+000;0+100;861;4236 - JL. SANGGRAHAN;baik;aspal;6
863,09;0+100;0+200;862;4236 - JL. SANGGRAHAN;RR;aspal;6
863,09;0+200;0+300;863;4236 - JL. SANGGRAHAN;sedang;aspal;3
863,09;0+300;0+400;864;4236 - JL. SANGGRAHAN;baik;aspal;3
863,09;0+400;0+500;865;4236 - JL. SANGGRAHAN;baik;aspal;3
863,09;0+500;0+600;866;4236 - JL. SANGGRAHAN;baik;aspal;3
863,09;0+600;0+700;867;4236 - JL. SANGGRAHAN;baik;aspal;3
863,09;0+700;0+800;860;4236 - JL. SANGGRAHAN;baik;aspal;3
863,09;0+800;0+863;868;4236 - JL. SANGGRAHAN;baik;aspal;3
425,10;0+000;0+100;870;4237 - JL. LAPANGAN BERAN;baik;aspal;3
425,10;0+100;0+200;871;4237 - JL. LAPANGAN BERAN;baik;aspal;3
425,10;0+200;0+300;872;4237 - JL. LAPANGAN BERAN;baik;aspal;3
425,10;0+300;0+400;869;4237 - JL. LAPANGAN BERAN;baik;aspal;3
425,10;0+400;0+425;873;4237 - JL. LAPANGAN BERAN;baik;aspal;3
1210,69;0+000;0+100;875;4238 - JL. TEGAL ASRI;RB;makadam;3
1210,69;0+100;0+200;876;4238 - JL. TEGAL ASRI;RB;makadam;3
1210,69;0+200;0+300;877;4238 - JL. TEGAL ASRI;RB;makadam;3
1210,69;0+300;0+400;878;4238 - JL. TEGAL ASRI;RB;makadam;3
1210,69;0+400;0+500;879;4238 - JL. TEGAL ASRI;RB;makadam;3
1210,69;0+500;0+600;880;4238 - JL. TEGAL ASRI;RB;makadam;3
1210,69;0+600;0+700;881;4238 - JL. TEGAL ASRI;RB;makadam;3
1210,69;0+700;0+800;882;4238 - JL. TEGAL ASRI;RB;makadam;3
1210,69;0+800;0+900;883;4238 - JL. TEGAL ASRI;RB;beton;3
1210,69;0+900;1+000;884;4238 - JL. TEGAL ASRI;RB;aspal;3
1210,69;1+000;1+100;885;4238 - JL. TEGAL ASRI;sedang;aspal;3
1210,69;1+100;1+200;874;4238 - JL. TEGAL ASRI;sedang;aspal;3
1210,69;1+200;1+210;886;4238 - JL. TEGAL ASRI;baik;aspal;3
1105,38;0+000;0+100;888;4239 - JL. MONTIKAN;baik;aspal;2
1105,38;0+100;0+200;889;4239 - JL. MONTIKAN;baik;aspal;3
1105,38;0+200;0+300;890;4239 - JL. MONTIKAN;baik;aspal;3
1105,38;0+300;0+400;891;4239 - JL. MONTIKAN;baik;aspal;3
1105,38;0+400;0+500;892;4239 - JL. MONTIKAN;baik;aspal;3
1105,38;0+500;0+600;893;4239 - JL. MONTIKAN;baik;aspal;3
1105,38;0+600;0+700;894;4239 - JL. MONTIKAN;baik;aspal;3
1105,38;0+700;0+800;895;4239 - JL. MONTIKAN;baik;aspal;3
1105,38;0+800;0+900;896;4239 - JL. MONTIKAN;baik;aspal;3
1105,38;0+900;1+000;897;4239 - JL. MONTIKAN;baik;aspal;3
1105,38;1+000;1+100;887;4239 - JL. MONTIKAN;baik;aspal;3
1105,38;1+100;1+105;898;4239 - JL. MONTIKAN;baik;aspal;3
773,58;0+000;0+100;900;4240 - JL. DIPONEGORO;baik;aspal;5
773,58;0+100;0+200;901;4240 - JL. DIPONEGORO;baik;aspal;3
773,58;0+200;0+300;902;4240 - JL. DIPONEGORO;baik;aspal;3
773,58;0+300;0+400;903;4240 - JL. DIPONEGORO;baik;aspal;3
773,58;0+400;0+500;904;4240 - JL. DIPONEGORO;baik;aspal;3
773,58;0+500;0+600;905;4240 - JL. DIPONEGORO;baik;aspal;3
773,58;0+600;0+700;899;4240 - JL. DIPONEGORO;baik;aspal;3
773,58;0+700;0+773;906;4240 - JL. DIPONEGORO;baik;aspal;3
315,45;0+000;0+100;908;4241 - JL. RADEN PATAH;baik;aspal;3
315,45;0+100;0+200;909;4241 - JL. RADEN PATAH;baik;aspal;3
315,45;0+200;0+300;907;4241 - JL. RADEN PATAH;baik;aspal;3
315,45;0+300;0+315;910;4241 - JL. RADEN PATAH;baik;aspal;3
413,39;0+000;0+100;912;4242 - JL. K.H. MOJO I;baik;aspal;3
413,39;0+100;0+200;913;4242 - JL. K.H. MOJO I;baik;aspal;3
413,39;0+200;0+300;914;4242 - JL. K.H. MOJO I;baik;aspal;3
413,39;0+300;0+400;911;4242 - JL. K.H. MOJO I;baik;aspal;3
413,39;0+400;0+413;915;4242 - JL. K.H. MOJO I;baik;aspal;3
270,70;0+000;0+100;917;4243 - JL. K.H. MOJO II;baik;aspal;3
270,70;0+100;0+200;916;4243 - JL. K.H. MOJO II;baik;aspal;3
270,70;0+200;0+270;918;4243 - JL. K.H. MOJO II;baik;aspal;3
1497,33;0+000;0+100;920;4244 - JL. AGUS SALIM;baik;aspal;4
1497,33;0+100;0+200;921;4244 - JL. AGUS SALIM;baik;aspal;4
1497,33;0+200;0+300;922;4244 - JL. AGUS SALIM;baik;aspal;4
1497,33;0+300;0+400;923;4244 - JL. AGUS SALIM;baik;aspal;4
1497,33;0+400;0+500;924;4244 - JL. AGUS SALIM;baik;aspal;4
1497,33;0+500;0+600;925;4244 - JL. AGUS SALIM;baik;aspal;4
1497,33;0+600;0+700;926;4244 - JL. AGUS SALIM;baik;aspal;4
1497,33;0+700;0+800;927;4244 - JL. AGUS SALIM;baik;aspal;4
1497,33;0+800;0+900;928;4244 - JL. AGUS SALIM;baik;aspal;4
1497,33;0+900;1+000;929;4244 - JL. AGUS SALIM;baik;aspal;4
1497,33;1+000;1+100;930;4244 - JL. AGUS SALIM;baik;aspal;4
1497,33;1+100;1+200;931;4244 - JL. AGUS SALIM;baik;aspal;4
1497,33;1+200;1+300;932;4244 - JL. AGUS SALIM;baik;aspal;4
1497,33;1+300;"1+400
";919;4244 - JL. AGUS SALIM;baik;aspal;4
1497,33;1+400;1+497;933;4244 - JL. AGUS SALIM;baik;aspal;4
357,99;0+000;0+100;935;4245 - JL. MELATI;baik;aspal;5
357,99;0+100;0+200;936;4245 - JL. MELATI;baik;aspal;5
357,99;0+200;0+300;934;4245 - JL. MELATI;baik;aspal;4
357,99;0+300;0+357;937;4245 - JL. MELATI;baik;aspal;4
613,40;0+000;0+100;939;4246 - JL. MENUR;baik;aspal;4
613,40;0+100;0+200;940;4246 - JL. MENUR;baik;aspal;4
613,40;0+200;0+300;941;4246 - JL. MENUR;baik;aspal;4
613,40;0+300;0+400;942;4246 - JL. MENUR;RR;aspal;4
613,40;0+400;0+500;943;4246 - JL. MENUR;sedang;aspal;3
613,40;0+500;0+600;938;4246 - JL. MENUR;sedang;aspal;3
613,40;0+600;0+613;944;4246 - JL. MENUR;sedang;aspal;3
1240,62;0+000;0+100;946;4247 - JL. NOGO;baik;aspal;3
1240,62;0+100;0+200;947;4247 - JL. NOGO;baik;aspal;3
1240,62;0+200;0+300;948;4247 - JL. NOGO;baik;aspal;3
1240,62;0+300;0+400;949;4247 - JL. NOGO;baik;aspal;3
1240,62;0+400;0+500;950;4247 - JL. NOGO;baik;aspal;3
1240,62;0+500;0+600;951;4247 - JL. NOGO;baik;aspal;3
1240,62;0+600;0+700;952;4247 - JL. NOGO;baik;aspal;3
1240,62;0+700;0+800;953;4247 - JL. NOGO;baik;aspal;3
1240,62;0+800;0+900;954;4247 - JL. NOGO;RR;aspal;3
1240,62;0+900;1+000;955;4247 - JL. NOGO;RR;aspal;3
1240,62;1+000;1+100;956;4247 - JL. NOGO;RB;aspal;3
1240,62;1+100;1+200;945;4247 - JL. NOGO;RR;aspal;3
1240,62;1+200;1+240;957;4247 - JL. NOGO;baik;aspal;3
782,67;0+000;0+100;959;4248 - JL. SAUR;baik;aspal;3
782,67;0+100;0+200;960;4248 - JL. SAUR;baik;aspal;5
782,67;0+200;0+300;961;4248 - JL. SAUR;baik;aspal;3
782,67;0+300;0+400;962;4248 - JL. SAUR;baik;aspal;3
782,67;0+400;0+500;963;4248 - JL. SAUR;baik;aspal;3
782,67;0+500;0+600;964;4248 - JL. SAUR;sedang;aspal;3
782,67;0+600;0+700;958;4248 - JL. SAUR;sedang;aspal;3
782,67;0+700;0+782;965;4248 - JL. SAUR;sedang;aspal;3
499,52;0+000;0+100;967;4301 - JL. SUMBERMORO;baik;aspal;3
499,52;0+100;0+200;968;4301 - JL. SUMBERMORO;baik;aspal;3
499,52;0+200;0+300;969;4301 - JL. SUMBERMORO;baik;aspal;3
499,52;0+300;0+400;966;4301 - JL. SUMBERMORO;baik;aspal;3
499,52;0+400;0+499;970;4301 - JL. SUMBERMORO;baik;aspal;3
242,40;0+000;0+100;972;4302 - JL. SUMBERSAKTI;baik;aspal;3
242,40;0+100;0+200;971;4302 - JL. SUMBERSAKTI;baik;aspal;3
242,40;0+200;0+242;973;4302 - JL. SUMBERSAKTI;baik;aspal;3
383,00;0+000;0+100;975;4303 - JL. KARYAWAN;baik;aspal;3
383,00;0+100;0+200;976;4303 - JL. KARYAWAN;baik;aspal;3
383,00;0+200;0+300;974;4303 - JL. KARYAWAN;baik;aspal;3
383,00;0+300;0+383;977;4303 - JL. KARYAWAN;baik;aspal;3
323,47;0+000;0+100;979;4304 - JL. SUMBER MAS;baik;aspal;3
323,47;0+100;0+200;980;4304 - JL. SUMBER MAS;sedang;aspal;3
323,47;0+200;0+300;978;4304 - JL. SUMBER MAS;RR;aspal;3
323,47;0+300;0+323;981;4304 - JL. SUMBER MAS;RR;aspal;3
326,79;0+000;0+100;983;4305 - JL. SENDANG BEJI;baik;aspal;3
326,79;0+100;0+200;984;4305 - JL. SENDANG BEJI;baik;aspal;3
326,79;0+200;0+300;982;4305 - JL. SENDANG BEJI;baik;aspal;3
326,79;0+300;0+326;985;4305 - JL. SENDANG BEJI;baik;aspal;3
258,11;0+000;0+100;987;4306 - JL. BRANJANGAN I/B;baik;aspal;3
258,11;0+100;0+200;986;4306 - JL. BRANJANGAN I/B;sedang;aspal;3
258,11;0+200;0+258;988;4306 - JL. BRANJANGAN I/B;sedang;aspal;3
326,91;0+000;0+100;990;4307 - JL. BRANJANGAN I;sedang;aspal;3
326,91;0+100;0+200;991;4307 - JL. BRANJANGAN I;baik;beton;3
326,91;0+200;0+300;989;4307 - JL. BRANJANGAN I;sedang;beton;3
326,91;0+300;0+326;992;4307 - JL. BRANJANGAN I;sedang;beton;3
499,87;0+000;0+100;994;4308 - JL. SETYA RUKUN;baik;aspal;3
499,87;0+100;0+200;995;4308 - JL. SETYA RUKUN;baik;aspal;3
499,87;0+200;0+300;996;4308 - JL. SETYA RUKUN;baik;aspal;3
499,87;0+300;0+400;993;4308 - JL. SETYA RUKUN;baik;aspal;3
499,87;0+400;0+499;997;4308 - JL. SETYA RUKUN;baik;aspal;3
187,76;0+000;0+100;999;4309 - JL. SERBA GUNA;RR;aspal;4
187,76;0+100;0+187;998;4309 - JL. SERBA GUNA;sedang;aspal;4
736,06;0+000;0+100;1001;4310 - JL. EKA BHAKTI;sedang;beton;5
736,06;0+100;0+200;1002;4310 - JL. EKA BHAKTI;baik;beton;4
736,06;0+200;0+300;1003;4310 - JL. EKA BHAKTI;baik;beton;4
736,06;0+300;0+400;1004;4310 - JL. EKA BHAKTI;baik;beton;4
736,06;0+400;0+500;1005;4310 - JL. EKA BHAKTI;baik;beton;4
736,06;0+500;0+600;1006;4310 - JL. EKA BHAKTI;baik;beton;4
736,06;0+600;0+700;1000;4310 - JL. EKA BHAKTI;baik;beton;4
736,06;0+700;0+736;1007;4310 - JL. EKA BHAKTI;baik;beton;4
317,37;0+000;0+100;1009;4311 - JL. SWAKARYA;baik;beton;4
317,37;0+100;0+200;1010;4311 - JL. SWAKARYA;baik;beton;4
317,37;0+200;0+300;1008;4311 - JL. SWAKARYA;baik;beton;4
317,37;0+300;0+317;1011;4311 - JL. SWAKARYA;baik;beton;4
194,83;0+000;0+100;1013;4312 - JL. SWANARDIPA;sedang;beton;5
194,83;0+100;0+194;1012;4312 - JL. SWANARDIPA;RR;beton;5
263,43;0+000;0+100;1015;4313 - JL. SWASEMBADA;sedang;beton;4
263,43;0+100;0+200;1014;4313 - JL. SWASEMBADA;sedang;beton;4
263,43;0+200;0+263;1016;4313 - JL. SWASEMBADA;baik;aspal;4
1094,12;0+000;0+100;1018;4314 - JL. KANAL TIMUR;baik;aspal;4
1094,12;0+100;0+200;1019;4314 - JL. KANAL TIMUR;baik;aspal;4
1094,12;0+200;0+300;1020;4314 - JL. KANAL TIMUR;baik;aspal;4
1094,12;0+300;0+400;1021;4314 - JL. KANAL TIMUR;baik;aspal;4
1094,12;0+400;0+500;1022;4314 - JL. KANAL TIMUR;baik;aspal;4
1094,12;0+500;0+600;1023;4314 - JL. KANAL TIMUR;baik;aspal;4
1094,12;0+600;0+700;1024;4314 - JL. KANAL TIMUR;baik;aspal;4
1094,12;0+700;0+800;1025;4314 - JL. KANAL TIMUR;baik;aspal;4
1094,12;0+800;0+900;1026;4314 - JL. KANAL TIMUR;sedang;aspal;4
1094,12;0+900;1+000;1017;4314 - JL. KANAL TIMUR;baik;aspal;4
1094,12;1+000;1+094;1027;4314 - JL. KANAL TIMUR;baik;aspal;4
667,64;0+000;0+100;1029;4315 - JL. SETYA DARMA;sedang;aspal;3
667,64;0+100;0+200;1030;4315 - JL. SETYA DARMA;baik;aspal;3
667,64;0+200;0+300;1031;4315 - JL. SETYA DARMA;baik;aspal;3
667,64;0+300;0+400;1032;4315 - JL. SETYA DARMA;baik;aspal;3
667,64;0+400;0+500;1033;4315 - JL. SETYA DARMA;sedang;aspal;3
667,64;0+500;0+600;1028;4315 - JL. SETYA DARMA;baik;aspal;3
667,64;0+600;0+667;1034;4315 - JL. SETYA DARMA;baik;aspal;3
