STA_AWAL,STA_AKHIR,Fungsi,Nm_Ruas,Panjang,No
1+100,1+100,Lingkungan Primer,BABADAN LOR I,1240,1194
0+000,0+100,Lingkungan Primer,BABADAN LOR I,1240,1195
0+100,0+200,Lingkungan Primer,BABADAN LOR I,1240,1196
0+200,0+300,Lingkungan Primer,BABADAN LOR I,1240,1197
0+300,0+400,Lingkungan Primer,BABADAN LOR I,1240,1198
0+400,0+500,Lingkungan Primer,BABADAN LOR I,1240,1199
0+500,0+600,Lingkungan Primer,BABADAN LOR I,1240,1200
0+600,0+700,Lingkungan Primer,BABADAN LOR I,1240,1201
0+700,0+800,Lingkungan Primer,BABADAN LOR I,1240,1202
0+800,0+900,Lingkungan Primer,BABADAN LOR I,1240,1203
0+900,1+000,Lingkungan Primer,BABADAN LOR I,1240,1204
1+000,1+100,Lingkungan Primer,BABADAN LOR I,1240,1205
1+200,1+240,Lingkungan Primer,BABADAN LOR I,1240,1206
0+000,0+100,Lingkungan Primer,BABADAN LOR II,652,1207
0+100,0+200,Lingkungan Primer,BABADAN LOR II,652,1208
0+200,0+300,Lingkungan Primer,BABADAN LOR II,652,1209
0+300,0+400,Lingkungan Primer,BABADAN LOR II,652,1210
0+400,0+500,Lingkungan Primer,BABADAN LOR II,652,1211
0+500,0+600,Lingkungan Primer,BABADAN LOR II,652,1212
0+600,0+652,Lingkungan Primer,BABADAN LOR II,652,1213
0+000,0+100,Lingkungan Primer,BAJULAN,1466,533
0+100,0+200,Lingkungan Primer,BAJULAN,1466,534
0+200,0+300,Lingkungan Primer,BAJULAN,1466,535
0+300,0+400,Lingkungan Primer,BAJULAN,1466,536
0+400,0+500,Lingkungan Primer,BAJULAN,1466,537
0+500,0+600,Lingkungan Primer,BAJULAN,1466,538
0+600,0+700,Lingkungan Primer,BAJULAN,1466,539
0+700,0+800,Lingkungan Primer,BAJULAN,1466,540
0+800,0+900,Lingkungan Primer,BAJULAN,1466,541
0+900,1+000,Lingkungan Primer,BAJULAN,1466,542
1+000,1+100,Lingkungan Primer,BAJULAN,1466,543
1+100,1+200,Lingkungan Primer,BAJULAN,1466,544
1+200,1+300,Lingkungan Primer,BAJULAN,1466,545
1+300,1+400,Lingkungan Primer,BAJULAN,1466,546
1+400,1+466,Lingkungan Primer,BAJULAN,1466,547
0+000,0+100,Lokal Primer,BADER,800,168
0+100,0+200,Lokal Primer,BADER,800,169
0+200,0+300,Lokal Primer,BADER,800,170
0+300,0+400,Lokal Primer,BADER,800,171
0+400,0+500,Lokal Primer,BADER,800,172
0+500,0+600,Lokal Primer,BADER,800,173
0+600,0+630,Lokal Primer,BADER,800,174
0+000,0+100,Lingkungan Primer,BALEREJO I,438,1214
0+100,0+200,Lingkungan Primer,BALEREJO I,438,1215
0+200,0+300,Lingkungan Primer,BALEREJO I,438,1216
0+300,0+400,Lingkungan Primer,BALEREJO I,438,1217
0+400,0+444,Lingkungan Primer,BALEREJO I,438,1218
0+000,0+100,Lokal Primer,BALEREJO II,444,1219
0+100,0+200,Lokal Primer,BALEREJO II,444,1220
0+200,0+300,Lokal Primer,BALEREJO II,444,1221
0+300,0+400,Lokal Primer,BALEREJO II,444,1222
0+400,0+444,Lokal Primer,BALEREJO II,444,1223
0+000,0+100,Lingkungan Primer,BANARAN,1313,1143
0+100,0+200,Lingkungan Primer,BANARAN,1313,1144
0+200,0+300,Lingkungan Primer,BANARAN,1313,1145
0+300,0+400,Lingkungan Primer,BANARAN,1313,1146
0+400,0+500,Lingkungan Primer,BANARAN,1313,1147
0+500,0+600,Lingkungan Primer,BANARAN,1313,1148
0+600,0+700,Lingkungan Primer,BANARAN,1313,1149
0+700,0+800,Lingkungan Primer,BANARAN,1313,1150
0+800,0+900,Lingkungan Primer,BANARAN,1313,1151
0+900,1+000,Lingkungan Primer,BANARAN,1313,1152
1+000,1+100,Lingkungan Primer,BANARAN,1313,1153
1+100,1+200,Lingkungan Primer,BANARAN,1313,1154
1+200,1+300,Lingkungan Primer,BANARAN,1313,1155
1+300,1+312,Lingkungan Primer,BANARAN,1313,1156
0+000,0+100,Lingkungan Primer,BANCONG,1118,956
0+100,0+200,Lingkungan Primer,BANCONG,1118,957
0+200,0+300,Lingkungan Primer,BANCONG,1118,958
0+300,0+400,Lingkungan Primer,BANCONG,1118,959
0+400,0+500,Lingkungan Primer,BANCONG,1118,960
0+500,0+600,Lingkungan Primer,BANCONG,1118,961
0+600,0+700,Lingkungan Primer,BANCONG,1118,962
0+700,0+800,Lingkungan Primer,BANCONG,1118,963
0+800,0+900,Lingkungan Primer,BANCONG,1118,964
0+900,1+000,Lingkungan Primer,BANCONG,1118,965
1+000,1+100,Lingkungan Primer,BANCONG,1118,966
1+100,1+137,Lingkungan Primer,BANCONG,1118,967
0+000,0+100,Lingkungan Primer,BANDUNGAN,719,548
0+100,0+200,Lingkungan Primer,BANDUNGAN,719,549
0+200,0+300,Lingkungan Primer,BANDUNGAN,719,550
0+300,0+400,Lingkungan Primer,BANDUNGAN,719,551
0+400,0+500,Lingkungan Primer,BANDUNGAN,719,552
0+500,0+600,Lingkungan Primer,BANDUNGAN,719,553
0+600,0+700,Lingkungan Primer,BANDUNGAN,719,554
0+700,0+726,Lingkungan Primer,BANDUNGAN,719,555
0+000,0+100,Lingkungan Primer,BANJARSARI KULON,3026,214
0+100,0+200,Lingkungan Primer,BANJARSARI KULON,3026,215
0+200,0+300,Lingkungan Primer,BANJARSARI KULON,3026,216
0+300,0+400,Lingkungan Primer,BANJARSARI KULON,3026,217
0+400,0+500,Lingkungan Primer,BANJARSARI KULON,3026,218
0+500,0+600,Lingkungan Primer,BANJARSARI KULON,3026,219
0+600,0+700,Lingkungan Primer,BANJARSARI KULON,3026,220
0+700,0+800,Lingkungan Primer,BANJARSARI KULON,3026,221
0+800,0+900,Lingkungan Primer,BANJARSARI KULON,3026,222
0+900,1+000,Lingkungan Primer,BANJARSARI KULON,3026,223
1+000,1+100,Lingkungan Primer,BANJARSARI KULON,3026,224
1+100,1+200,Lingkungan Primer,BANJARSARI KULON,3026,225
1+200,1+300,Lingkungan Primer,BANJARSARI KULON,3026,226
1+300,1+400,Lingkungan Primer,BANJARSARI KULON,3026,227
1+400,1+500,Lingkungan Primer,BANJARSARI KULON,3026,228
1+500,1+600,Lingkungan Primer,BANJARSARI KULON,3026,229
1+600,1+700,Lingkungan Primer,BANJARSARI KULON,3026,230
1+700,1+800,Lingkungan Primer,BANJARSARI KULON,3026,231
1+800,1+900,Lingkungan Primer,BANJARSARI KULON,3026,232
1+900,2+000,Lingkungan Primer,BANJARSARI KULON,3026,233
2+000,2+100,Lingkungan Primer,BANJARSARI KULON,3026,234
2+100,2+200,Lingkungan Primer,BANJARSARI KULON,3026,235
2+200,2+300,Lingkungan Primer,BANJARSARI KULON,3026,236
2+300,2+400,Lingkungan Primer,BANJARSARI KULON,3026,237
2+400,2+500,Lingkungan Primer,BANJARSARI KULON,3026,238
2+500,2+600,Lingkungan Primer,BANJARSARI KULON,3026,239
2+600,2+700,Lingkungan Primer,BANJARSARI KULON,3026,240
2+700,2+800,Lingkungan Primer,BANJARSARI KULON,3026,241
2+800,2+900,Lingkungan Primer,BANJARSARI KULON,3026,242
2+900,3+000,Lingkungan Primer,BANJARSARI KULON,3026,243
3+000,3+026,Lingkungan Primer,BANJARSARI KULON,3026,244
0+000,0+100,Lingkungan Primer,BANJARSARI WETAN,1055,245
0+100,0+200,Lingkungan Primer,BANJARSARI WETAN,1055,246
0+200,0+300,Lingkungan Primer,BANJARSARI WETAN,1055,247
0+300,0+400,Lingkungan Primer,BANJARSARI WETAN,1055,248
0+400,0+500,Lingkungan Primer,BANJARSARI WETAN,1055,249
0+500,0+600,Lingkungan Primer,BANJARSARI WETAN,1055,250
0+600,0+700,Lingkungan Primer,BANJARSARI WETAN,1055,251
0+700,0+800,Lingkungan Primer,BANJARSARI WETAN,1055,252
0+800,0+900,Lingkungan Primer,BANJARSARI WETAN,1055,253
0+900,1+000,Lingkungan Primer,BANJARSARI WETAN,1055,254
1+000,1+055,Lingkungan Primer,BANJARSARI WETAN,1055,255
0+000,0+100,Lingkungan Primer,BANYUKAMBANG,726,939
0+100,0+200,Lingkungan Primer,BANYUKAMBANG,726,940
0+200,0+300,Lingkungan Primer,BANYUKAMBANG,726,941
0+300,0+400,Lingkungan Primer,BANYUKAMBANG,726,942
0+400,0+500,Lingkungan Primer,BANYUKAMBANG,726,943
0+500,0+600,Lingkungan Primer,BANYUKAMBANG,726,944
0+600,0+700,Lingkungan Primer,BANYUKAMBANG,726,945
0+700,0+725,Lingkungan Primer,BANYUKAMBANG,726,946
0+000,0+100,Lingkungan Primer,BENER,1418,556
0+100,0+200,Lingkungan Primer,BENER,1418,557
0+200,0+300,Lingkungan Primer,BENER,1418,558
0+300,0+400,Lingkungan Primer,BENER,1418,559
0+400,0+500,Lingkungan Primer,BENER,1418,560
0+500,0+600,Lingkungan Primer,BENER,1418,561
0+600,0+700,Lingkungan Primer,BENER,1418,562
0+700,0+800,Lingkungan Primer,BENER,1418,563
0+800,0+900,Lingkungan Primer,BENER,1418,564
0+900,1+000,Lingkungan Primer,BENER,1418,565
1+000,1+100,Lingkungan Primer,BENER,1418,566
1+100,1+200,Lingkungan Primer,BENER,1418,567
1+200,1+300,Lingkungan Primer,BENER,1418,568
1+300,1+400,Lingkungan Primer,BENER,1418,569
1+400,1+418,Lingkungan Primer,BENER,1418,570
0+000,0+100,Lingkungan Primer,BETEK,1770,1362
0+100,0+200,Lingkungan Primer,BETEK,1770,1363
0+200,0+300,Lingkungan Primer,BETEK,1770,1364
0+300,0+400,Lingkungan Primer,BETEK,1770,1365
0+400,0+500,Lingkungan Primer,BETEK,1770,1366
0+500,0+600,Lingkungan Primer,BETEK,1770,1367
0+600,0+700,Lingkungan Primer,BETEK,1770,1368
0+700,0+800,Lingkungan Primer,BETEK,1770,1369
0+800,0+900,Lingkungan Primer,BETEK,1770,1370
0+900,1+000,Lingkungan Primer,BETEK,1770,1371
1+000,1+100,Lingkungan Primer,BETEK,1770,1372
1+100,1+200,Lingkungan Primer,BETEK,1770,1373
1+200,1+300,Lingkungan Primer,BETEK,1770,1374
1+300,1+400,Lingkungan Primer,BETEK,1770,1375
1+400,1+500,Lingkungan Primer,BETEK,1770,1376
1+500,1+600,Lingkungan Primer,BETEK,1770,1377
1+600,1+700,Lingkungan Primer,BETEK,1770,1378
1+700,1+772,Lingkungan Primer,BETEK,1770,1379
0+000,0+100,Lingkungan Primer,BLIMBING,430,208
0+100,0+200,Lingkungan Primer,BLIMBING,430,209
0+200,0+300,Lingkungan Primer,BLIMBING,430,210
0+300,0+400,Lingkungan Primer,BLIMBING,430,211
0+400,0+500,Lingkungan Primer,BLIMBING,430,212
0+500,0+515,Lingkungan Primer,BLIMBING,430,213
0+000,0+100,Lingkungan Primer,BONGSOPOTRO,2089,571
0+100,0+200,Lingkungan Primer,BONGSOPOTRO,2089,572
0+200,0+300,Lingkungan Primer,BONGSOPOTRO,2089,573
0+300,0+400,Lingkungan Primer,BONGSOPOTRO,2089,574
0+400,0+500,Lingkungan Primer,BONGSOPOTRO,2089,575
0+500,0+600,Lingkungan Primer,BONGSOPOTRO,2089,576
0+600,0+700,Lingkungan Primer,BONGSOPOTRO,2089,577
0+700,0+800,Lingkungan Primer,BONGSOPOTRO,2089,578
0+800,0+900,Lingkungan Primer,BONGSOPOTRO,2089,579
0+900,1+000,Lingkungan Primer,BONGSOPOTRO,2089,580
1+000,1+100,Lingkungan Primer,BONGSOPOTRO,2089,581
1+100,1+200,Lingkungan Primer,BONGSOPOTRO,2089,582
1+200,1+300,Lingkungan Primer,BONGSOPOTRO,2089,583
1+300,1+400,Lingkungan Primer,BONGSOPOTRO,2089,584
1+400,1+500,Lingkungan Primer,BONGSOPOTRO,2089,585
1+500,1+600,Lingkungan Primer,BONGSOPOTRO,2089,586
1+600,1+700,Lingkungan Primer,BONGSOPOTRO,2089,587
1+700,1+800,Lingkungan Primer,BONGSOPOTRO,2089,588
1+800,1+900,Lingkungan Primer,BONGSOPOTRO,2089,589
1+900,2+000,Lingkungan Primer,BONGSOPOTRO,2089,590
2+000,2+088,Lingkungan Primer,BONGSOPOTRO,2089,591
0+000,0+100,Lingkungan Primer,BULAKREJO,469,1119
0+100,0+200,Lingkungan Primer,BULAKREJO,469,1120
0+200,0+300,Lingkungan Primer,BULAKREJO,469,1121
0+300,0+400,Lingkungan Primer,BULAKREJO,469,1122
0+400,0+469,Lingkungan Primer,BULAKREJO,469,1123
0+000,0+100,Lingkungan Primer,CANDIMULYO,799,143
0+100,0+200,Lingkungan Primer,CANDIMULYO,799,144
0+200,0+300,Lingkungan Primer,CANDIMULYO,799,145
0+300,0+400,Lingkungan Primer,CANDIMULYO,799,146
0+400,0+500,Lingkungan Primer,CANDIMULYO,799,147
0+500,0+600,Lingkungan Primer,CANDIMULYO,799,148
0+600,0+700,Lingkungan Primer,CANDIMULYO,799,149
0+700,0+800,Lingkungan Primer,CANDIMULYO,799,150
0+800,0+805,Lingkungan Primer,CANDIMULYO,799,151
0+300,0+400,Lingkungan Primer,DARMOREJO,496,838
0+000,0+100,Lingkungan Primer,DARMOREJO,496,839
0+100,0+200,Lingkungan Primer,DARMOREJO,496,840
0+200,0+300,Lingkungan Primer,DARMOREJO,496,841
0+400,0+495,Lingkungan Primer,DARMOREJO,496,842
0+000,0+100,Lingkungan Primer,DAWUHAN,1950,820
0+100,0+200,Lingkungan Primer,DAWUHAN,1950,821
0+200,0+300,Lingkungan Primer,DAWUHAN,1950,822
0+300,0+400,Lingkungan Primer,DAWUHAN,1950,823
0+400,0+500,Lingkungan Primer,DAWUHAN,1950,824
0+500,0+600,Lingkungan Primer,DAWUHAN,1950,825
0+600,0+700,Lingkungan Primer,DAWUHAN,1950,826
0+700,0+800,Lingkungan Primer,DAWUHAN,1950,827
0+800,0+900,Lingkungan Primer,DAWUHAN,1950,828
0+900,1+000,Lingkungan Primer,DAWUHAN,1950,829
1+000,1+100,Lingkungan Primer,DAWUHAN,1950,830
1+100,1+200,Lingkungan Primer,DAWUHAN,1950,831
1+200,1+300,Lingkungan Primer,DAWUHAN,1950,832
1+300,1+400,Lingkungan Primer,DAWUHAN,1950,833
1+400,1+500,Lingkungan Primer,DAWUHAN,1950,834
1+500,1+600,Lingkungan Primer,DAWUHAN,1950,835
1+600,1+700,Lingkungan Primer,DAWUHAN,1950,836
1+700,1+769,Lingkungan Primer,DAWUHAN,1950,837
0+000,0+100,Lingkungan Primer,DEMPELAN,628,1380
0+100,0+200,Lingkungan Primer,DEMPELAN,628,1381
0+200,0+300,Lingkungan Primer,DEMPELAN,628,1382
0+300,0+400,Lingkungan Primer,DEMPELAN,628,1383
0+400,0+500,Lingkungan Primer,DEMPELAN,628,1384
0+500,0+600,Lingkungan Primer,DEMPELAN,628,1385
0+600,0+628,Lingkungan Primer,DEMPELAN,628,1386
0+000,0+100,Lingkungan Primer,DOHO,1521,152
0+100,0+200,Lingkungan Primer,DOHO,1521,153
0+200,0+300,Lingkungan Primer,DOHO,1521,154
0+300,0+400,Lingkungan Primer,DOHO,1521,155
0+400,0+500,Lingkungan Primer,DOHO,1521,156
0+500,0+600,Lingkungan Primer,DOHO,1521,157
0+600,0+700,Lingkungan Primer,DOHO,1521,158
0+700,0+800,Lingkungan Primer,DOHO,1521,159
0+800,0+900,Lingkungan Primer,DOHO,1521,160
0+900,1+000,Lingkungan Primer,DOHO,1521,161
1+000,1+100,Lingkungan Primer,DOHO,1521,162
1+100,1+200,Lingkungan Primer,DOHO,1521,163
1+200,1+300,Lingkungan Primer,DOHO,1521,164
1+300,1+400,Lingkungan Primer,DOHO,1521,165
1+400,1+500,Lingkungan Primer,DOHO,1521,166
1+500,1+524,Lingkungan Primer,DOHO,1521,167
0+000,0+100,Lokal Primer,DOLOPO I,560,175
0+100,0+200,Lokal Primer,DOLOPO I,560,176
0+200,0+300,Lokal Primer,DOLOPO I,560,177
0+300,0+400,Lokal Primer,DOLOPO I,560,178
0+400,0+500,Lokal Primer,DOLOPO I,560,179
0+500,0+500,Lokal Primer,DOLOPO I,560,180
0+000,0+100,Lingkungan Primer,DOLOPO II,635,192
0+100,0+200,Lingkungan Primer,DOLOPO II,635,193
0+200,0+300,Lingkungan Primer,DOLOPO II,635,194
0+300,0+400,Lingkungan Primer,DOLOPO II,635,195
0+400,0+500,Lingkungan Primer,DOLOPO II,635,196
0+500,0+600,Lingkungan Primer,DOLOPO II,635,197
0+600,0+634,Lingkungan Primer,DOLOPO II,635,198
0+000,0+100,Lingkungan Primer,DUREN I,921,794
0+100,0+200,Lingkungan Primer,DUREN I,921,795
0+200,0+300,Lingkungan Primer,DUREN I,921,796
0+300,0+400,Lingkungan Primer,DUREN I,921,797
0+400,0+500,Lingkungan Primer,DUREN I,921,798
0+500,0+600,Lingkungan Primer,DUREN I,921,799
0+600,0+700,Lingkungan Primer,DUREN I,921,800
0+700,0+800,Lingkungan Primer,DUREN I,921,801
0+800,0+900,Lingkungan Primer,DUREN I,921,802
0+900,0+912,Lingkungan Primer,DUREN I,921,803
0+000,0+100,Lingkungan Primer,DUREN II,1563,804
0+100,0+200,Lingkungan Primer,DUREN II,1563,805
0+200,0+300,Lingkungan Primer,DUREN II,1563,806
0+300,0+400,Lingkungan Primer,DUREN II,1563,807
0+400,0+500,Lingkungan Primer,DUREN II,1563,808
0+500,0+600,Lingkungan Primer,DUREN II,1563,809
0+600,0+700,Lingkungan Primer,DUREN II,1563,810
0+700,0+800,Lingkungan Primer,DUREN II,1563,811
0+800,0+900,Lingkungan Primer,DUREN II,1563,812
0+900,1+000,Lingkungan Primer,DUREN II,1563,813
1+000,1+100,Lingkungan Primer,DUREN II,1563,814
1+100,1+200,Lingkungan Primer,DUREN II,1563,815
1+200,1+300,Lingkungan Primer,DUREN II,1563,816
1+300,1+400,Lingkungan Primer,DUREN II,1563,817
1+400,1+500,Lingkungan Primer,DUREN II,1563,818
1+500,1+599,Lingkungan Primer,DUREN II,1563,819
0+000,0+100,Lingkungan Primer,DURENAN I,1725,478
0+100,0+200,Lingkungan Primer,DURENAN I,1725,479
0+200,0+300,Lingkungan Primer,DURENAN I,1725,480
0+300,0+400,Lingkungan Primer,DURENAN I,1725,481
0+400,0+500,Lingkungan Primer,DURENAN I,1725,482
0+500,0+600,Lingkungan Primer,DURENAN I,1725,483
0+600,0+700,Lingkungan Primer,DURENAN I,1725,484
0+700,0+800,Lingkungan Primer,DURENAN I,1725,485
0+800,0+900,Lingkungan Primer,DURENAN I,1725,486
0+900,1+000,Lingkungan Primer,DURENAN I,1725,487
1+000,1+100,Lingkungan Primer,DURENAN I,1725,488
1+100,1+200,Lingkungan Primer,DURENAN I,1725,489
1+200,1+300,Lingkungan Primer,DURENAN I,1725,490
1+300,1+400,Lingkungan Primer,DURENAN I,1725,491
1+400,1+500,Lingkungan Primer,DURENAN I,1725,492
1+500,1+600,Lingkungan Primer,DURENAN I,1725,493
1+600,1+700,Lingkungan Primer,DURENAN I,1725,494
1+700,1+724,Lingkungan Primer,DURENAN I,1725,495
0+000,0+100,Lingkungan Primer,DURENAN II,1439,496
0+100,0+200,Lingkungan Primer,DURENAN II,1439,497
0+200,0+300,Lingkungan Primer,DURENAN II,1439,498
0+300,0+400,Lingkungan Primer,DURENAN II,1439,499
0+400,0+500,Lingkungan Primer,DURENAN II,1439,500
0+500,0+600,Lingkungan Primer,DURENAN II,1439,501
0+600,0+700,Lingkungan Primer,DURENAN II,1439,502
0+700,0+800,Lingkungan Primer,DURENAN II,1439,503
0+800,0+900,Lingkungan Primer,DURENAN II,1439,504
0+900,1+000,Lingkungan Primer,DURENAN II,1439,505
1+000,1+100,Lingkungan Primer,DURENAN II,1439,506
1+100,1+200,Lingkungan Primer,DURENAN II,1439,507
1+200,1+300,Lingkungan Primer,DURENAN II,1439,508
1+300,1+400,Lingkungan Primer,DURENAN II,1439,509
1+400,1+438,Lingkungan Primer,DURENAN II,1439,510
0+000,0+100,Lokal Primer,GADING,1777,1124
0+100,0+200,Lokal Primer,GADING,1777,1125
0+200,0+300,Lokal Primer,GADING,1777,1126
0+300,0+400,Lokal Primer,GADING,1777,1127
0+400,0+500,Lokal Primer,GADING,1777,1128
0+500,0+600,Lokal Primer,GADING,1777,1129
0+600,0+700,Lokal Primer,GADING,1777,1130
0+700,0+800,Lokal Primer,GADING,1777,1131
0+800,0+900,Lokal Primer,GADING,1777,1132
0+900,1+000,Lokal Primer,GADING,1777,1133
1+000,1+100,Lokal Primer,GADING,1777,1134
1+100,1+200,Lokal Primer,GADING,1777,1135
1+200,1+300,Lokal Primer,GADING,1777,1136
1+300,1+400,Lokal Primer,GADING,1777,1137
1+400,1+500,Lokal Primer,GADING,1777,1138
1+500,1+600,Lokal Primer,GADING,1777,1139
1+600,1+700,Lokal Primer,GADING,1777,1140
1+700,1+800,Lokal Primer,GADING,1777,1141
1+800,1+831,Lokal Primer,GADING,1777,1142
0+000,0+100,Lingkungan Primer,GANDUL,1990,774
0+100,0+200,Lingkungan Primer,GANDUL,1990,775
0+200,0+300,Lingkungan Primer,GANDUL,1990,776
0+300,0+400,Lingkungan Primer,GANDUL,1990,777
0+400,0+500,Lingkungan Primer,GANDUL,1990,778
0+500,0+600,Lingkungan Primer,GANDUL,1990,779
0+600,0+700,Lingkungan Primer,GANDUL,1990,780
0+700,0+800,Lingkungan Primer,GANDUL,1990,781
0+800,0+900,Lingkungan Primer,GANDUL,1990,782
0+900,1+000,Lingkungan Primer,GANDUL,1990,783
1+000,1+100,Lingkungan Primer,GANDUL,1990,784
1+100,1+200,Lingkungan Primer,GANDUL,1990,785
1+200,1+300,Lingkungan Primer,GANDUL,1990,786
1+300,1+400,Lingkungan Primer,GANDUL,1990,787
1+400,1+500,Lingkungan Primer,GANDUL,1990,788
1+500,1+600,Lingkungan Primer,GANDUL,1990,789
1+600,1+700,Lingkungan Primer,GANDUL,1990,790
1+700,1+800,Lingkungan Primer,GANDUL,1990,791
1+800,1+900,Lingkungan Primer,GANDUL,1990,792
1+900,1+989,Lingkungan Primer,GANDUL,1990,793
0+000,0+100,Lingkungan Primer,GARON,1523,1165
0+100,0+200,Lingkungan Primer,GARON,1523,1166
0+200,0+300,Lingkungan Primer,GARON,1523,1167
0+300,0+400,Lingkungan Primer,GARON,1523,1168
0+400,0+500,Lingkungan Primer,GARON,1523,1169
0+500,0+600,Lingkungan Primer,GARON,1523,1170
0+600,0+700,Lingkungan Primer,GARON,1523,1171
0+700,0+800,Lingkungan Primer,GARON,1523,1172
0+800,0+900,Lingkungan Primer,GARON,1523,1173
0+900,1+000,Lingkungan Primer,GARON,1523,1174
1+000,1+100,Lingkungan Primer,GARON,1523,1175
1+100,1+200,Lingkungan Primer,GARON,1523,1176
1+200,1+300,Lingkungan Primer,GARON,1523,1177
1+300,1+400,Lingkungan Primer,GARON,1523,1178
1+400,1+500,Lingkungan Primer,GARON,1523,1179
1+500,1+530,Lingkungan Primer,GARON,1523,1180
0+000,0+100,Lingkungan Primer,GEGER,785,1157
0+100,0+200,Lingkungan Primer,GEGER,785,1158
0+200,0+300,Lingkungan Primer,GEGER,785,1159
0+300,0+400,Lingkungan Primer,GEGER,785,1160
0+400,0+500,Lingkungan Primer,GEGER,785,1161
0+500,0+600,Lingkungan Primer,GEGER,785,1162
0+600,0+700,Lingkungan Primer,GEGER,785,1163
0+700,0+784,Lingkungan Primer,GEGER,785,1164
0+000,0+100,Lingkungan Primer,GROBOGAN,752,22
0+100,0+200,Lingkungan Primer,GROBOGAN,752,23
0+200,0+300,Lingkungan Primer,GROBOGAN,752,24
0+300,0+400,Lingkungan Primer,GROBOGAN,752,25
0+400,0+500,Lingkungan Primer,GROBOGAN,752,26
0+500,0+600,Lingkungan Primer,GROBOGAN,752,27
0+600,0+700,Lingkungan Primer,GROBOGAN,752,28
0+700,0+751,Lingkungan Primer,GROBOGAN,752,29
0+000,0+100,Lingkungan Primer,JERUK GULUNG,1207,1181
0+100,0+200,Lingkungan Primer,JERUK GULUNG,1207,1182
0+200,0+300,Lingkungan Primer,JERUK GULUNG,1207,1183
0+300,0+400,Lingkungan Primer,JERUK GULUNG,1207,1184
0+400,0+500,Lingkungan Primer,JERUK GULUNG,1207,1185
0+500,0+600,Lingkungan Primer,JERUK GULUNG,1207,1186
0+600,0+700,Lingkungan Primer,JERUK GULUNG,1207,1187
0+700,0+800,Lingkungan Primer,JERUK GULUNG,1207,1188
0+800,0+900,Lingkungan Primer,JERUK GULUNG,1207,1189
0+900,1+000,Lingkungan Primer,JERUK GULUNG,1207,1190
1+000,1+100,Lingkungan Primer,JERUK GULUNG,1207,1191
1+100,1+200,Lingkungan Primer,JERUK GULUNG,1207,1192
1+200,1+200,Lingkungan Primer,JERUK GULUNG,1207,1193
0+000,0+100,Lokal Primer,JOGODAYUH,1737,89
0+100,0+200,Lokal Primer,JOGODAYUH,1737,90
0+200,0+300,Lokal Primer,JOGODAYUH,1737,91
0+300,0+400,Lokal Primer,JOGODAYUH,1737,92
0+400,0+500,Lokal Primer,JOGODAYUH,1737,93
0+500,0+600,Lokal Primer,JOGODAYUH,1737,94
0+600,0+700,Lokal Primer,JOGODAYUH,1737,95
0+700,0+800,Lokal Primer,JOGODAYUH,1737,96
0+800,0+900,Lokal Primer,JOGODAYUH,1737,97
0+900,1+000,Lokal Primer,JOGODAYUH,1737,98
1+000,1+100,Lokal Primer,JOGODAYUH,1737,99
1+100,1+200,Lokal Primer,JOGODAYUH,1737,100
1+200,1+300,Lokal Primer,JOGODAYUH,1737,101
1+300,1+400,Lokal Primer,JOGODAYUH,1737,102
1+400,1+500,Lokal Primer,JOGODAYUH,1737,103
1+500,1+600,Lokal Primer,JOGODAYUH,1737,104
1+600,1+700,Lokal Primer,JOGODAYUH,1737,105
1+700,1+743,Lokal Primer,JOGODAYUH,1737,106
0+000,0+100,Lingkungan Primer,JOHO,1584,288
0+100,0+200,Lingkungan Primer,JOHO,1584,289
0+200,0+300,Lingkungan Primer,JOHO,1584,290
0+300,0+400,Lingkungan Primer,JOHO,1584,291
0+400,0+500,Lingkungan Primer,JOHO,1584,292
0+500,0+600,Lingkungan Primer,JOHO,1584,293
0+600,0+700,Lingkungan Primer,JOHO,1584,294
0+700,0+800,Lingkungan Primer,JOHO,1584,295
0+800,0+900,Lingkungan Primer,JOHO,1584,296
0+900,1+000,Lingkungan Primer,JOHO,1584,297
1+000,1+100,Lingkungan Primer,JOHO,1584,298
1+100,1+200,Lingkungan Primer,JOHO,1584,299
1+200,1+300,Lingkungan Primer,JOHO,1584,300
1+300,1+400,Lingkungan Primer,JOHO,1584,301
1+400,1+500,Lingkungan Primer,JOHO,1584,302
1+500,1+570,Lingkungan Primer,JOHO,1584,303
0+300,0+400,Lokal Primer,KAJANG,493,17
0+000,0+100,Lokal Primer,KAJANG,493,18
0+100,0+200,Lokal Primer,KAJANG,493,19
0+200,0+300,Lokal Primer,KAJANG,493,20
0+400,0+400,Lokal Primer,KAJANG,493,21
0+000,0+100,Lingkungan Primer,KALIABU,1165,859
0+100,0+200,Lingkungan Primer,KALIABU,1165,860
0+200,0+300,Lingkungan Primer,KALIABU,1165,861
0+300,0+400,Lingkungan Primer,KALIABU,1165,862
0+400,0+500,Lingkungan Primer,KALIABU,1165,863
0+500,0+600,Lingkungan Primer,KALIABU,1165,864
0+600,0+700,Lingkungan Primer,KALIABU,1165,865
0+700,0+800,Lingkungan Primer,KALIABU,1165,866
0+800,0+900,Lingkungan Primer,KALIABU,1165,867
0+900,1+000,Lingkungan Primer,KALIABU,1165,868
1+000,1+100,Lingkungan Primer,KALIABU,1165,869
1+100,1+165,Lingkungan Primer,KALIABU,1165,870
0+000,0+100,Lokal Sekunder,KALIGUNTING,2057,871
0+100,0+200,Lokal Sekunder,KALIGUNTING,2057,872
0+200,0+300,Lokal Sekunder,KALIGUNTING,2057,873
0+300,0+400,Lokal Sekunder,KALIGUNTING,2057,874
0+400,0+500,Lokal Sekunder,KALIGUNTING,2057,875
0+500,0+600,Lokal Sekunder,KALIGUNTING,2057,876
0+600,0+700,Lokal Sekunder,KALIGUNTING,2057,877
0+700,0+800,Lokal Sekunder,KALIGUNTING,2057,878
0+800,0+900,Lokal Sekunder,KALIGUNTING,2057,879
0+900,1+000,Lokal Sekunder,KALIGUNTING,2057,880
1+000,1+100,Lokal Sekunder,KALIGUNTING,2057,881
1+100,1+200,Lokal Sekunder,KALIGUNTING,2057,882
1+200,1+300,Lokal Sekunder,KALIGUNTING,2057,883
1+300,1+400,Lokal Sekunder,KALIGUNTING,2057,884
1+400,1+500,Lokal Sekunder,KALIGUNTING,2057,885
1+500,1+600,Lokal Sekunder,KALIGUNTING,2057,886
1+600,1+700,Lokal Sekunder,KALIGUNTING,2057,887
1+700,1+800,Lokal Sekunder,KALIGUNTING,2057,888
1+800,1+900,Lokal Sekunder,KALIGUNTING,2057,889
2+000,2+056,Lokal Sekunder,KALIGUNTING,2057,890
1+900,2+000,Lokal Sekunder,KALIGUNTING,2057,891
0+000,0+100,Lingkungan Primer,KARANGREJO,672,410
0+100,0+200,Lingkungan Primer,KARANGREJO,672,411
0+200,0+300,Lingkungan Primer,KARANGREJO,672,412
0+300,0+400,Lingkungan Primer,KARANGREJO,672,413
0+400,0+500,Lingkungan Primer,KARANGREJO,672,414
0+500,0+600,Lingkungan Primer,KARANGREJO,672,415
0+600,0+671,Lingkungan Primer,KARANGREJO,672,416
0+000,0+100,Lingkungan Primer,KEBONAGUNG,1174,892
0+100,0+200,Lingkungan Primer,KEBONAGUNG,1174,893
0+200,0+300,Lingkungan Primer,KEBONAGUNG,1174,894
0+300,0+400,Lingkungan Primer,KEBONAGUNG,1174,895
0+400,0+500,Lingkungan Primer,KEBONAGUNG,1174,896
0+500,0+600,Lingkungan Primer,KEBONAGUNG,1174,897
0+600,0+700,Lingkungan Primer,KEBONAGUNG,1174,898
0+700,0+800,Lingkungan Primer,KEBONAGUNG,1174,899
0+800,0+844,Lingkungan Primer,KEBONAGUNG,1174,900
0+000,0+100,Lingkungan Primer,KEBONAGUNG,1174,1224
0+100,0+200,Lingkungan Primer,KEBONAGUNG,1174,1225
0+200,0+300,Lingkungan Primer,KEBONAGUNG,1174,1226
0+300,0+400,Lingkungan Primer,KEBONAGUNG,1174,1227
0+400,0+500,Lingkungan Primer,KEBONAGUNG,1174,1228
0+500,0+600,Lingkungan Primer,KEBONAGUNG,1174,1229
0+600,0+700,Lingkungan Primer,KEBONAGUNG,1174,1230
0+700,0+800,Lingkungan Primer,KEBONAGUNG,1174,1231
0+800,0+900,Lingkungan Primer,KEBONAGUNG,1174,1232
0+900,1+000,Lingkungan Primer,KEBONAGUNG,1174,1233
1+000,1+100,Lingkungan Primer,KEBONAGUNG,1174,1234
1+100,1+173,Lingkungan Primer,KEBONAGUNG,1174,1235
0+000,0+100,Lokal Primer,KEDONDONG,1514,843
0+100,0+200,Lokal Primer,KEDONDONG,1514,844
0+200,0+300,Lokal Primer,KEDONDONG,1514,845
0+300,0+400,Lokal Primer,KEDONDONG,1514,846
0+400,0+500,Lokal Primer,KEDONDONG,1514,847
0+500,0+600,Lokal Primer,KEDONDONG,1514,848
0+600,0+700,Lokal Primer,KEDONDONG,1514,849
0+700,0+800,Lokal Primer,KEDONDONG,1514,850
0+800,0+900,Lokal Primer,KEDONDONG,1514,851
0+900,1+000,Lokal Primer,KEDONDONG,1514,852
1+000,1+100,Lokal Primer,KEDONDONG,1514,853
1+100,1+200,Lokal Primer,KEDONDONG,1514,854
1+200,1+300,Lokal Primer,KEDONDONG,1514,855
1+300,1+400,Lokal Primer,KEDONDONG,1514,856
1+400,1+500,Lokal Primer,KEDONDONG,1514,857
1+500,1+513,Lokal Primer,KEDONDONG,1514,858
0+000,0+100,Lingkungan Primer,KEDUNGJATI,2197,1097
0+100,0+200,Lingkungan Primer,KEDUNGJATI,2197,1098
0+200,0+300,Lingkungan Primer,KEDUNGJATI,2197,1099
0+300,0+400,Lingkungan Primer,KEDUNGJATI,2197,1100
0+400,0+500,Lingkungan Primer,KEDUNGJATI,2197,1101
0+500,0+600,Lingkungan Primer,KEDUNGJATI,2197,1102
0+600,0+700,Lingkungan Primer,KEDUNGJATI,2197,1103
0+700,0+800,Lingkungan Primer,KEDUNGJATI,2197,1104
0+800,0+900,Lingkungan Primer,KEDUNGJATI,2197,1105
0+900,1+000,Lingkungan Primer,KEDUNGJATI,2197,1106
1+000,1+100,Lingkungan Primer,KEDUNGJATI,2197,1107
1+100,1+200,Lingkungan Primer,KEDUNGJATI,2197,1108
1+200,1+300,Lingkungan Primer,KEDUNGJATI,2197,1109
1+300,1+400,Lingkungan Primer,KEDUNGJATI,2197,1110
1+400,1+500,Lingkungan Primer,KEDUNGJATI,2197,1111
1+500,1+600,Lingkungan Primer,KEDUNGJATI,2197,1112
1+600,1+700,Lingkungan Primer,KEDUNGJATI,2197,1113
1+700,1+800,Lingkungan Primer,KEDUNGJATI,2197,1114
1+800,1+900,Lingkungan Primer,KEDUNGJATI,2197,1115
1+900,2+000,Lingkungan Primer,KEDUNGJATI,2197,1116
2+000,2+100,Lingkungan Primer,KEDUNGJATI,2197,1117
2+100,2+193,Lingkungan Primer,KEDUNGJATI,2197,1118
0+000,0+100,Lingkungan Primer,KEPET,1355,322
0+100,0+200,Lingkungan Primer,KEPET,1355,323
0+200,0+300,Lingkungan Primer,KEPET,1355,324
0+300,0+400,Lingkungan Primer,KEPET,1355,325
0+400,0+500,Lingkungan Primer,KEPET,1355,326
0+500,0+600,Lingkungan Primer,KEPET,1355,327
0+600,0+700,Lingkungan Primer,KEPET,1355,328
0+700,0+800,Lingkungan Primer,KEPET,1355,329
0+800,0+900,Lingkungan Primer,KEPET,1355,330
0+900,1+000,Lingkungan Primer,KEPET,1355,331
1+000,1+100,Lingkungan Primer,KEPET,1355,332
1+100,1+200,Lingkungan Primer,KEPET,1355,333
1+200,1+300,Lingkungan Primer,KEPET,1355,334
1+300,1+355,Lingkungan Primer,KEPET,1355,335
0+000,0+100,Lingkungan Primer,KERTOSARI,583,107
0+100,0+200,Lingkungan Primer,KERTOSARI,583,108
0+200,0+300,Lingkungan Primer,KERTOSARI,583,109
0+300,0+400,Lingkungan Primer,KERTOSARI,583,110
0+400,0+500,Lingkungan Primer,KERTOSARI,583,111
0+500,0+599,Lingkungan Primer,KERTOSARI,583,112
0+000,0+100,Lingkungan Primer,KETANDAN,3123,256
0+100,0+200,Lingkungan Primer,KETANDAN,3123,257
0+200,0+300,Lingkungan Primer,KETANDAN,3123,258
0+300,0+400,Lingkungan Primer,KETANDAN,3123,259
0+400,0+500,Lingkungan Primer,KETANDAN,3123,260
0+500,0+600,Lingkungan Primer,KETANDAN,3123,261
0+600,0+700,Lingkungan Primer,KETANDAN,3123,262
0+700,0+800,Lingkungan Primer,KETANDAN,3123,263
0+800,0+900,Lingkungan Primer,KETANDAN,3123,264
0+900,1+000,Lingkungan Primer,KETANDAN,3123,265
1+000,1+100,Lingkungan Primer,KETANDAN,3123,266
1+100,1+200,Lingkungan Primer,KETANDAN,3123,267
1+200,1+300,Lingkungan Primer,KETANDAN,3123,268
1+300,1+400,Lingkungan Primer,KETANDAN,3123,269
1+400,1+500,Lingkungan Primer,KETANDAN,3123,270
1+500,1+600,Lingkungan Primer,KETANDAN,3123,271
1+600,1+700,Lingkungan Primer,KETANDAN,3123,272
1+700,1+800,Lingkungan Primer,KETANDAN,3123,273
1+800,1+900,Lingkungan Primer,KETANDAN,3123,274
1+900,2+000,Lingkungan Primer,KETANDAN,3123,275
2+000,2+100,Lingkungan Primer,KETANDAN,3123,276
2+100,2+200,Lingkungan Primer,KETANDAN,3123,277
2+200,2+300,Lingkungan Primer,KETANDAN,3123,278
2+300,2+400,Lingkungan Primer,KETANDAN,3123,279
2+400,2+500,Lingkungan Primer,KETANDAN,3123,280
2+500,2+600,Lingkungan Primer,KETANDAN,3123,281
2+600,2+700,Lingkungan Primer,KETANDAN,3123,282
2+700,2+800,Lingkungan Primer,KETANDAN,3123,283
2+800,2+900,Lingkungan Primer,KETANDAN,3123,284
2+900,3+000,Lingkungan Primer,KETANDAN,3123,285
3+000,3+100,Lingkungan Primer,KETANDAN,3123,286
3+100,3+122,Lingkungan Primer,KETANDAN,3123,287
0+000,0+100,Lingkungan Primer,KINCANG WETAN,1503,30
0+100,0+200,Lingkungan Primer,KINCANG WETAN,1503,31
0+200,0+300,Lingkungan Primer,KINCANG WETAN,1503,32
0+300,0+400,Lingkungan Primer,KINCANG WETAN,1503,33
0+400,0+500,Lingkungan Primer,KINCANG WETAN,1503,34
0+500,0+600,Lingkungan Primer,KINCANG WETAN,1503,35
0+600,0+700,Lingkungan Primer,KINCANG WETAN,1503,36
0+700,0+800,Lingkungan Primer,KINCANG WETAN,1503,37
0+800,0+900,Lingkungan Primer,KINCANG WETAN,1503,38
0+900,1+000,Lingkungan Primer,KINCANG WETAN,1503,39
1+000,1+100,Lingkungan Primer,KINCANG WETAN,1503,40
1+100,1+200,Lingkungan Primer,KINCANG WETAN,1503,41
1+200,1+300,Lingkungan Primer,KINCANG WETAN,1503,42
1+300,1+400,Lingkungan Primer,KINCANG WETAN,1503,43
1+400,1+499,Lingkungan Primer,KINCANG WETAN,1503,44
0+000,0+100,Lingkungan Primer,KLANGON,1705,592
0+100,0+200,Lingkungan Primer,KLANGON,1705,593
0+200,0+300,Lingkungan Primer,KLANGON,1705,594
0+300,0+400,Lingkungan Primer,KLANGON,1705,595
0+400,0+500,Lingkungan Primer,KLANGON,1705,596
0+500,0+600,Lingkungan Primer,KLANGON,1705,597
0+600,0+700,Lingkungan Primer,KLANGON,1705,598
0+700,0+800,Lingkungan Primer,KLANGON,1705,599
0+800,0+900,Lingkungan Primer,KLANGON,1705,600
0+900,1+000,Lingkungan Primer,KLANGON,1705,601
1+000,1+100,Lingkungan Primer,KLANGON,1705,602
1+100,1+200,Lingkungan Primer,KLANGON,1705,603
1+200,1+300,Lingkungan Primer,KLANGON,1705,604
1+300,1+400,Lingkungan Primer,KLANGON,1705,605
1+400,1+500,Lingkungan Primer,KLANGON,1705,606
1+500,1+600,Lingkungan Primer,KLANGON,1705,607
1+600,1+700,Lingkungan Primer,KLANGON,1705,608
1+700,1+705,Lingkungan Primer,KLANGON,1705,609
0+300,0+400,Lingkungan Primer,KLOROGAN,371,12
0+000,0+100,Lingkungan Primer,KLOROGAN,371,13
0+100,0+200,Lingkungan Primer,KLOROGAN,371,14
0+200,0+300,Lingkungan Primer,KLOROGAN,371,15
0+400,0+440,Lingkungan Primer,KLOROGAN,371,16
0+000,0+100,Lingkungan Primer,KLUMPIT,506,1444
0+100,0+200,Lingkungan Primer,KLUMPIT,506,1445
0+200,0+300,Lingkungan Primer,KLUMPIT,506,1446
0+300,0+400,Lingkungan Primer,KLUMPIT,506,1447
0+400,0+500,Lingkungan Primer,KLUMPIT,506,1448
0+500,0+505,Lingkungan Primer,KLUMPIT,506,1449
0+000,0+100,Lokal Primer,KLUMUTAN,4052,610
0+100,0+200,Lokal Primer,KLUMUTAN,4052,611
0+200,0+300,Lokal Primer,KLUMUTAN,4052,612
0+300,0+400,Lokal Primer,KLUMUTAN,4052,613
0+400,0+500,Lokal Primer,KLUMUTAN,4052,614
0+500,0+600,Lokal Primer,KLUMUTAN,4052,615
0+600,0+700,Lokal Primer,KLUMUTAN,4052,616
0+700,0+800,Lokal Primer,KLUMUTAN,4052,617
0+800,0+900,Lokal Primer,KLUMUTAN,4052,618
0+900,1+000,Lokal Primer,KLUMUTAN,4052,619
1+000,1+100,Lokal Primer,KLUMUTAN,4052,620
1+100,1+200,Lokal Primer,KLUMUTAN,4052,621
1+200,1+300,Lokal Primer,KLUMUTAN,4052,622
1+300,1+400,Lokal Primer,KLUMUTAN,4052,623
1+400,1+500,Lokal Primer,KLUMUTAN,4052,624
1+500,1+600,Lokal Primer,KLUMUTAN,4052,625
1+600,1+700,Lokal Primer,KLUMUTAN,4052,626
1+700,1+800,Lokal Primer,KLUMUTAN,4052,627
1+800,1+900,Lokal Primer,KLUMUTAN,4052,628
1+900,2+000,Lokal Primer,KLUMUTAN,4052,629
2+000,2+100,Lokal Primer,KLUMUTAN,4052,630
2+100,2+200,Lokal Primer,KLUMUTAN,4052,631
2+200,2+300,Lokal Primer,KLUMUTAN,4052,632
2+300,2+400,Lokal Primer,KLUMUTAN,4052,633
2+400,2+500,Lokal Primer,KLUMUTAN,4052,634
2+500,2+600,Lokal Primer,KLUMUTAN,4052,635
2+600,2+700,Lokal Primer,KLUMUTAN,4052,636
2+700,2+800,Lokal Primer,KLUMUTAN,4052,637
2+800,2+900,Lokal Primer,KLUMUTAN,4052,638
2+900,3+000,Lokal Primer,KLUMUTAN,4052,639
3+000,3+100,Lokal Primer,KLUMUTAN,4052,640
3+100,3+200,Lokal Primer,KLUMUTAN,4052,641
3+200,3+300,Lokal Primer,KLUMUTAN,4052,642
3+300,3+400,Lokal Primer,KLUMUTAN,4052,643
3+400,3+500,Lokal Primer,KLUMUTAN,4052,644
3+500,3+600,Lokal Primer,KLUMUTAN,4052,645
3+600,3+700,Lokal Primer,KLUMUTAN,4052,646
3+700,3+800,Lokal Primer,KLUMUTAN,4052,647
3+800,3+900,Lokal Primer,KLUMUTAN,4052,648
3+900,4+000,Lokal Primer,KLUMUTAN,4052,649
4+000,4+100,Lokal Primer,KLUMUTAN,4052,650
4+100,4+200,Lokal Primer,KLUMUTAN,4052,651
4+200,4+300,Lokal Primer,KLUMUTAN,4052,652
4+300,4+400,Lokal Primer,KLUMUTAN,4052,653
4+400,4+500,Lokal Primer,KLUMUTAN,4052,654
4+500,4+600,Lokal Primer,KLUMUTAN,4052,655
4+600,4+700,Lokal Primer,KLUMUTAN,4052,656
4+700,4+800,Lokal Primer,KLUMUTAN,4052,657
4+800,4+900,Lokal Primer,KLUMUTAN,4052,658
4+900,5+000,Lokal Primer,KLUMUTAN,4052,659
5+000,5+100,Lokal Primer,KLUMUTAN,4052,660
5+100,5+200,Lokal Primer,KLUMUTAN,4052,661
5+200,5+300,Lokal Primer,KLUMUTAN,4052,662
5+300,5+340,Lokal Primer,KLUMUTAN,4052,663
0+000,0+100,Lingkungan Primer,KRADINAN,536,137
0+100,0+200,Lingkungan Primer,KRADINAN,536,138
0+200,0+300,Lingkungan Primer,KRADINAN,536,139
0+300,0+400,Lingkungan Primer,KRADINAN,536,140
0+400,0+500,Lingkungan Primer,KRADINAN,536,141
0+500,0+535,Lingkungan Primer,KRADINAN,536,142
0+000,0+100,Lingkungan Primer,KRANGGAN,1375,113
0+100,0+200,Lingkungan Primer,KRANGGAN,1375,114
0+200,0+300,Lingkungan Primer,KRANGGAN,1375,115
0+300,0+400,Lingkungan Primer,KRANGGAN,1375,116
0+400,0+500,Lingkungan Primer,KRANGGAN,1375,117
0+500,0+600,Lingkungan Primer,KRANGGAN,1375,118
0+600,0+700,Lingkungan Primer,KRANGGAN,1375,119
0+700,0+800,Lingkungan Primer,KRANGGAN,1375,120
0+800,0+900,Lingkungan Primer,KRANGGAN,1375,121
0+900,1+000,Lingkungan Primer,KRANGGAN,1375,122
1+000,1+100,Lingkungan Primer,KRANGGAN,1375,123
1+100,1+200,Lingkungan Primer,KRANGGAN,1375,124
1+200,1+300,Lingkungan Primer,KRANGGAN,1375,125
1+300,1+375,Lingkungan Primer,KRANGGAN,1375,126
0+000,0+100,Lingkungan Primer,KUWU I,1486,1236
0+100,0+200,Lingkungan Primer,KUWU I,1486,1237
0+200,0+300,Lingkungan Primer,KUWU I,1486,1238
0+300,0+400,Lingkungan Primer,KUWU I,1486,1239
0+400,0+500,Lingkungan Primer,KUWU I,1486,1240
0+500,0+600,Lingkungan Primer,KUWU I,1486,1241
0+600,0+700,Lingkungan Primer,KUWU I,1486,1242
0+700,0+800,Lingkungan Primer,KUWU I,1486,1243
0+800,0+900,Lingkungan Primer,KUWU I,1486,1244
0+900,1+000,Lingkungan Primer,KUWU I,1486,1245
1+000,1+100,Lingkungan Primer,KUWU I,1486,1246
1+100,1+200,Lingkungan Primer,KUWU I,1486,1247
1+200,1+300,Lingkungan Primer,KUWU I,1486,1248
1+300,1+400,Lingkungan Primer,KUWU I,1486,1249
1+400,1+486,Lingkungan Primer,KUWU I,1486,1250
0+000,0+100,Lingkungan Primer,KUWU II,1195,1251
0+100,0+200,Lingkungan Primer,KUWU II,1195,1252
0+200,0+300,Lingkungan Primer,KUWU II,1195,1253
0+300,0+400,Lingkungan Primer,KUWU II,1195,1254
0+400,0+500,Lingkungan Primer,KUWU II,1195,1255
0+500,0+600,Lingkungan Primer,KUWU II,1195,1256
0+600,0+700,Lingkungan Primer,KUWU II,1195,1257
0+700,0+800,Lingkungan Primer,KUWU II,1195,1258
0+800,0+900,Lingkungan Primer,KUWU II,1195,1259
0+900,1+000,Lingkungan Primer,KUWU II,1195,1260
1+000,1+100,Lingkungan Primer,KUWU II,1195,1261
1+100,1+195,Lingkungan Primer,KUWU II,1195,1262
0+000,0+100,Lingkungan Primer,KWANGSEN,1178,45
0+100,0+200,Lingkungan Primer,KWANGSEN,1178,46
0+200,0+300,Lingkungan Primer,KWANGSEN,1178,47
0+300,0+400,Lingkungan Primer,KWANGSEN,1178,48
0+400,0+500,Lingkungan Primer,KWANGSEN,1178,49
0+500,0+600,Lingkungan Primer,KWANGSEN,1178,50
0+600,0+700,Lingkungan Primer,KWANGSEN,1178,51
0+700,0+800,Lingkungan Primer,KWANGSEN,1178,52
0+800,0+900,Lingkungan Primer,KWANGSEN,1178,53
0+900,1+000,Lingkungan Primer,KWANGSEN,1178,54
1+000,1+100,Lingkungan Primer,KWANGSEN,1178,55
1+100,1+178,Lingkungan Primer,KWANGSEN,1178,56
0+000,0+100,Lingkungan Primer,LEMBAH,951,127
0+100,0+200,Lingkungan Primer,LEMBAH,951,128
0+200,0+300,Lingkungan Primer,LEMBAH,951,129
0+300,0+400,Lingkungan Primer,LEMBAH,951,130
0+400,0+500,Lingkungan Primer,LEMBAH,951,131
0+500,0+600,Lingkungan Primer,LEMBAH,951,132
0+600,0+700,Lingkungan Primer,LEMBAH,951,133
0+700,0+800,Lingkungan Primer,LEMBAH,951,134
0+800,0+900,Lingkungan Primer,LEMBAH,951,135
0+900,0+951,Lingkungan Primer,LEMBAH,951,136
0+000,0+100,Lingkungan Primer,LUWORO,1351,756
0+100,0+200,Lingkungan Primer,LUWORO,1351,757
0+200,0+300,Lingkungan Primer,LUWORO,1351,758
0+300,0+400,Lingkungan Primer,LUWORO,1351,759
0+400,0+500,Lingkungan Primer,LUWORO,1351,760
0+500,0+600,Lingkungan Primer,LUWORO,1351,761
0+600,0+700,Lingkungan Primer,LUWORO,1351,762
0+700,0+800,Lingkungan Primer,LUWORO,1351,763
0+800,0+900,Lingkungan Primer,LUWORO,1351,764
0+900,1+000,Lingkungan Primer,LUWORO,1351,765
1+000,1+100,Lingkungan Primer,LUWORO,1351,766
1+100,1+200,Lingkungan Primer,LUWORO,1351,767
1+200,1+300,Lingkungan Primer,LUWORO,1351,768
1+300,1+400,Lingkungan Primer,LUWORO,1351,769
1+400,1+500,Lingkungan Primer,LUWORO,1351,770
1+500,1+600,Lingkungan Primer,LUWORO,1351,771
1+600,1+700,Lingkungan Primer,LUWORO,1351,772
1+700,1+755,Lingkungan Primer,LUWORO,1351,773
0+000,0+100,Lingkungan Primer,MEJAYAN,1666,901
0+100,0+200,Lingkungan Primer,MEJAYAN,1666,902
0+200,0+300,Lingkungan Primer,MEJAYAN,1666,903
0+300,0+400,Lingkungan Primer,MEJAYAN,1666,904
0+400,0+500,Lingkungan Primer,MEJAYAN,1666,905
0+500,0+600,Lingkungan Primer,MEJAYAN,1666,906
0+600,0+700,Lingkungan Primer,MEJAYAN,1666,907
0+700,0+800,Lingkungan Primer,MEJAYAN,1666,908
0+800,0+900,Lingkungan Primer,MEJAYAN,1666,909
0+900,1+000,Lingkungan Primer,MEJAYAN,1666,910
1+000,1+100,Lingkungan Primer,MEJAYAN,1666,911
1+100,1+200,Lingkungan Primer,MEJAYAN,1666,912
1+200,1+300,Lingkungan Primer,MEJAYAN,1666,913
1+300,1+400,Lingkungan Primer,MEJAYAN,1666,914
1+400,1+500,Lingkungan Primer,MEJAYAN,1666,915
1+500,1+600,Lingkungan Primer,MEJAYAN,1666,916
1+600,1+666,Lingkungan Primer,MEJAYAN,1666,917
0+000,0+100,Lokal Primer,MENDAK,1652,363
0+100,0+200,Lokal Primer,MENDAK,1652,364
0+200,0+300,Lokal Primer,MENDAK,1652,365
0+300,0+400,Lokal Primer,MENDAK,1652,366
0+400,0+500,Lokal Primer,MENDAK,1652,367
0+500,0+600,Lokal Primer,MENDAK,1652,368
0+600,0+700,Lokal Primer,MENDAK,1652,369
0+700,0+800,Lokal Primer,MENDAK,1652,370
0+800,0+900,Lokal Primer,MENDAK,1652,371
0+900,1+000,Lokal Primer,MENDAK,1652,372
1+000,1+100,Lokal Primer,MENDAK,1652,373
1+100,1+200,Lokal Primer,MENDAK,1652,374
1+200,1+300,Lokal Primer,MENDAK,1652,375
1+300,1+400,Lokal Primer,MENDAK,1652,376
1+400,1+500,Lokal Primer,MENDAK,1652,377
1+500,1+600,Lokal Primer,MENDAK,1652,378
1+600,1+652,Lokal Primer,MENDAK,1652,379
0+000,0+100,Lingkungan Primer,MOJOPURNO,824,450
0+100,0+200,Lingkungan Primer,MOJOPURNO,824,451
0+200,0+300,Lingkungan Primer,MOJOPURNO,824,452
0+300,0+400,Lingkungan Primer,MOJOPURNO,824,453
0+400,0+500,Lingkungan Primer,MOJOPURNO,824,454
0+500,0+600,Lingkungan Primer,MOJOPURNO,824,455
0+600,0+700,Lingkungan Primer,MOJOPURNO,824,456
0+700,0+800,Lingkungan Primer,MOJOPURNO,824,457
0+800,0+900,Lingkungan Primer,MOJOPURNO,824,458
0+900,0+967,Lingkungan Primer,MOJOPURNO,824,459
0+000,0+100,Lingkungan Primer,MOJOREJO,662,466
0+100,0+200,Lingkungan Primer,MOJOREJO,662,467
0+200,0+300,Lingkungan Primer,MOJOREJO,662,468
0+300,0+400,Lingkungan Primer,MOJOREJO,662,469
0+400,0+500,Lingkungan Primer,MOJOREJO,662,470
0+500,0+600,Lingkungan Primer,MOJOREJO,662,471
0+600,0+700,Lingkungan Primer,MOJOREJO,662,472
0+700,0+800,Lingkungan Primer,MOJOREJO,662,473
0+800,0+822,Lingkungan Primer,MOJOREJO,662,474
0+000,0+100,Lingkungan Primer,NGADIREJO,2596,1037
0+100,0+200,Lingkungan Primer,NGADIREJO,2596,1038
0+200,0+300,Lingkungan Primer,NGADIREJO,2596,1039
0+300,0+400,Lingkungan Primer,NGADIREJO,2596,1040
0+400,0+500,Lingkungan Primer,NGADIREJO,2596,1041
0+500,0+600,Lingkungan Primer,NGADIREJO,2596,1042
0+600,0+700,Lingkungan Primer,NGADIREJO,2596,1043
0+700,0+800,Lingkungan Primer,NGADIREJO,2596,1044
0+800,0+900,Lingkungan Primer,NGADIREJO,2596,1045
0+900,1+000,Lingkungan Primer,NGADIREJO,2596,1046
1+000,1+100,Lingkungan Primer,NGADIREJO,2596,1047
1+100,1+200,Lingkungan Primer,NGADIREJO,2596,1048
1+200,1+300,Lingkungan Primer,NGADIREJO,2596,1049
1+300,1+351,Lingkungan Primer,NGADIREJO,2596,1050
0+000,0+100,Lingkungan Primer,NGADIREJO,2596,1051
0+100,0+200,Lingkungan Primer,NGADIREJO,2596,1052
0+200,0+300,Lingkungan Primer,NGADIREJO,2596,1053
0+300,0+400,Lingkungan Primer,NGADIREJO,2596,1054
0+400,0+500,Lingkungan Primer,NGADIREJO,2596,1055
0+500,0+600,Lingkungan Primer,NGADIREJO,2596,1056
0+600,0+700,Lingkungan Primer,NGADIREJO,2596,1057
0+700,0+800,Lingkungan Primer,NGADIREJO,2596,1058
0+800,0+900,Lingkungan Primer,NGADIREJO,2596,1059
0+900,1+000,Lingkungan Primer,NGADIREJO,2596,1060
1+000,1+100,Lingkungan Primer,NGADIREJO,2596,1061
1+100,1+200,Lingkungan Primer,NGADIREJO,2596,1062
1+200,1+243,Lingkungan Primer,NGADIREJO,2596,1063
0+000,0+100,Lingkungan Primer,NGLAMBANGAN I,609,417
0+100,0+200,Lingkungan Primer,NGLAMBANGAN I,609,418
0+200,0+300,Lingkungan Primer,NGLAMBANGAN I,609,419
0+300,0+400,Lingkungan Primer,NGLAMBANGAN I,609,420
0+400,0+500,Lingkungan Primer,NGLAMBANGAN I,609,421
0+500,0+600,Lingkungan Primer,NGLAMBANGAN I,609,422
0+600,0+608,Lingkungan Primer,NGLAMBANGAN I,609,423
0+000,0+100,Lingkungan Primer,NGLAMBANGAN II,870,424
0+100,0+200,Lingkungan Primer,NGLAMBANGAN II,870,425
0+200,0+300,Lingkungan Primer,NGLAMBANGAN II,870,426
0+300,0+400,Lingkungan Primer,NGLAMBANGAN II,870,427
0+400,0+500,Lingkungan Primer,NGLAMBANGAN II,870,428
0+500,0+600,Lingkungan Primer,NGLAMBANGAN II,870,429
0+600,0+700,Lingkungan Primer,NGLAMBANGAN II,870,430
0+700,0+800,Lingkungan Primer,NGLAMBANGAN II,870,431
0+800,0+900,Lingkungan Primer,NGLAMBANGAN II,870,432
0+900,0+985,Lingkungan Primer,NGLAMBANGAN II,870,433
0+000,0+100,Lingkungan Primer,NGLAMBANGAN III,1543,434
0+100,0+200,Lingkungan Primer,NGLAMBANGAN III,1543,435
0+200,0+300,Lingkungan Primer,NGLAMBANGAN III,1543,436
0+300,0+400,Lingkungan Primer,NGLAMBANGAN III,1543,437
0+400,0+500,Lingkungan Primer,NGLAMBANGAN III,1543,438
0+500,0+600,Lingkungan Primer,NGLAMBANGAN III,1543,439
0+600,0+700,Lingkungan Primer,NGLAMBANGAN III,1543,440
0+700,0+800,Lingkungan Primer,NGLAMBANGAN III,1543,441
0+800,0+900,Lingkungan Primer,NGLAMBANGAN III,1543,442
0+900,1+000,Lingkungan Primer,NGLAMBANGAN III,1543,443
1+000,1+100,Lingkungan Primer,NGLAMBANGAN III,1543,444
1+100,1+200,Lingkungan Primer,NGLAMBANGAN III,1543,445
1+200,1+300,Lingkungan Primer,NGLAMBANGAN III,1543,446
1+300,1+400,Lingkungan Primer,NGLAMBANGAN III,1543,447
1+400,1+500,Lingkungan Primer,NGLAMBANGAN III,1543,448
1+500,1+542,Lingkungan Primer,NGLAMBANGAN III,1543,449
0+000,0+100,Lingkungan Primer,NGLANDUK,578,460
0+100,0+200,Lingkungan Primer,NGLANDUK,578,461
0+200,0+300,Lingkungan Primer,NGLANDUK,578,462
0+300,0+400,Lingkungan Primer,NGLANDUK,578,463
0+400,0+500,Lingkungan Primer,NGLANDUK,578,464
0+500,0+500,Lingkungan Primer,NGLANDUK,578,465
0+000,0+100,Lingkungan Primer,PACINAN,1558,1263
0+100,0+200,Lingkungan Primer,PACINAN,1558,1264
0+200,0+300,Lingkungan Primer,PACINAN,1558,1265
0+300,0+400,Lingkungan Primer,PACINAN,1558,1266
0+400,0+500,Lingkungan Primer,PACINAN,1558,1267
0+500,0+600,Lingkungan Primer,PACINAN,1558,1268
0+600,0+700,Lingkungan Primer,PACINAN,1558,1269
0+700,0+800,Lingkungan Primer,PACINAN,1558,1270
0+800,0+900,Lingkungan Primer,PACINAN,1558,1271
0+900,1+000,Lingkungan Primer,PACINAN,1558,1272
1+000,1+100,Lingkungan Primer,PACINAN,1558,1273
1+100,1+200,Lingkungan Primer,PACINAN,1558,1274
1+200,1+300,Lingkungan Primer,PACINAN,1558,1275
1+300,1+400,Lingkungan Primer,PACINAN,1558,1276
1+400,1+500,Lingkungan Primer,PACINAN,1558,1277
1+500,1+558,Lingkungan Primer,PACINAN,1558,1278
0+000,0+100,Lingkungan Primer,PALUR I,1041,1
0+100,0+200,Lingkungan Primer,PALUR I,1041,2
0+200,0+300,Lingkungan Primer,PALUR I,1041,3
0+300,0+400,Lingkungan Primer,PALUR I,1041,4
0+400,0+500,Lingkungan Primer,PALUR I,1041,5
0+500,0+600,Lingkungan Primer,PALUR I,1041,6
0+600,0+700,Lingkungan Primer,PALUR I,1041,7
0+700,0+800,Lingkungan Primer,PALUR I,1041,8
0+800,0+900,Lingkungan Primer,PALUR I,1041,9
0+900,1+000,Lingkungan Primer,PALUR I,1041,10
1+000,1+100,Lingkungan Primer,PALUR I,1041,11
0+000,0+100,Lingkungan Primer,PALUR II,1082,181
0+100,0+200,Lingkungan Primer,PALUR II,1082,182
0+200,0+300,Lingkungan Primer,PALUR II,1082,183
0+300,0+400,Lingkungan Primer,PALUR II,1082,184
0+400,0+500,Lingkungan Primer,PALUR II,1082,185
0+500,0+600,Lingkungan Primer,PALUR II,1082,186
0+600,0+700,Lingkungan Primer,PALUR II,1082,187
0+700,0+800,Lingkungan Primer,PALUR II,1082,188
0+800,0+900,Lingkungan Primer,PALUR II,1082,189
0+900,1+000,Lingkungan Primer,PALUR II,1082,190
1+000,1+081,Lingkungan Primer,PALUR II,1082,191
0+000,0+100,Lingkungan Primer,PALUR III,1139,351
0+100,0+200,Lingkungan Primer,PALUR III,1139,352
0+200,0+300,Lingkungan Primer,PALUR III,1139,353
0+300,0+400,Lingkungan Primer,PALUR III,1139,354
0+400,0+500,Lingkungan Primer,PALUR III,1139,355
0+500,0+600,Lingkungan Primer,PALUR III,1139,356
0+600,0+700,Lingkungan Primer,PALUR III,1139,357
0+700,0+800,Lingkungan Primer,PALUR III,1139,358
0+800,0+900,Lingkungan Primer,PALUR III,1139,359
0+900,1+000,Lingkungan Primer,PALUR III,1139,360
1+000,1+100,Lingkungan Primer,PALUR III,1139,361
1+100,1+138,Lingkungan Primer,PALUR III,1139,362
0+000,0+100,Lingkungan Primer,PILANGREJO I,1370,390
0+100,0+200,Lingkungan Primer,PILANGREJO I,1370,391
0+200,0+300,Lingkungan Primer,PILANGREJO I,1370,392
0+300,0+400,Lingkungan Primer,PILANGREJO I,1370,393
0+400,0+500,Lingkungan Primer,PILANGREJO I,1370,394
0+500,0+600,Lingkungan Primer,PILANGREJO I,1370,395
0+600,0+700,Lingkungan Primer,PILANGREJO I,1370,396
0+700,0+800,Lingkungan Primer,PILANGREJO I,1370,397
0+800,0+900,Lingkungan Primer,PILANGREJO I,1370,398
0+900,1+000,Lingkungan Primer,PILANGREJO I,1370,399
1+000,1+100,Lingkungan Primer,PILANGREJO I,1370,400
1+100,1+200,Lingkungan Primer,PILANGREJO I,1370,401
1+200,1+300,Lingkungan Primer,PILANGREJO I,1370,402
1+300,1+300,Lingkungan Primer,PILANGREJO I,1370,403
0+000,0+100,Lingkungan Primer,PILANGREJO II,506,404
0+100,0+200,Lingkungan Primer,PILANGREJO II,506,405
0+200,0+300,Lingkungan Primer,PILANGREJO II,506,406
0+300,0+400,Lingkungan Primer,PILANGREJO II,506,407
0+400,0+500,Lingkungan Primer,PILANGREJO II,506,408
0+500,0+505,Lingkungan Primer,PILANGREJO II,506,409
0+000,0+100,Lingkungan Primer,PLUMPUNGREJO,617,968
0+100,0+200,Lingkungan Primer,PLUMPUNGREJO,617,969
0+200,0+300,Lingkungan Primer,PLUMPUNGREJO,617,970
0+300,0+400,Lingkungan Primer,PLUMPUNGREJO,617,971
0+400,0+500,Lingkungan Primer,PLUMPUNGREJO,617,972
0+500,0+600,Lingkungan Primer,PLUMPUNGREJO,617,973
0+600,0+624,Lingkungan Primer,PLUMPUNGREJO,617,974
0+000,0+100,Lokal Primer,PURWOREJO,1501,1279
0+100,0+200,Lokal Primer,PURWOREJO,1501,1280
0+200,0+300,Lokal Primer,PURWOREJO,1501,1281
0+300,0+400,Lokal Primer,PURWOREJO,1501,1282
0+400,0+500,Lokal Primer,PURWOREJO,1501,1283
0+500,0+600,Lokal Primer,PURWOREJO,1501,1284
0+600,0+700,Lokal Primer,PURWOREJO,1501,1285
0+700,0+800,Lokal Primer,PURWOREJO,1501,1286
0+800,0+900,Lokal Primer,PURWOREJO,1501,1287
0+900,1+000,Lokal Primer,PURWOREJO,1501,1288
1+000,1+100,Lokal Primer,PURWOREJO,1501,1289
1+100,1+200,Lokal Primer,PURWOREJO,1501,1290
1+200,1+300,Lokal Primer,PURWOREJO,1501,1291
1+300,1+400,Lokal Primer,PURWOREJO,1501,1292
1+400,1+500,Lokal Primer,PURWOREJO,1501,1293
1+500,1+600,Lokal Primer,PURWOREJO,1501,1294
1+600,1+700,Lokal Primer,PURWOREJO,1501,1295
1+700,1+731,Lokal Primer,PURWOREJO,1501,1296
0+000,0+100,Lingkungan Primer,REJOSARI,846,664
0+100,0+200,Lingkungan Primer,REJOSARI,846,665
0+200,0+300,Lingkungan Primer,REJOSARI,846,666
0+300,0+400,Lingkungan Primer,REJOSARI,846,667
0+400,0+500,Lingkungan Primer,REJOSARI,846,668
0+500,0+600,Lingkungan Primer,REJOSARI,846,669
0+600,0+666,Lingkungan Primer,REJOSARI,846,670
0+000,0+100,Lingkungan Primer,REJOSARI,846,1435
0+100,0+200,Lingkungan Primer,REJOSARI,846,1436
0+200,0+300,Lingkungan Primer,REJOSARI,846,1437
0+300,0+400,Lingkungan Primer,REJOSARI,846,1438
0+400,0+500,Lingkungan Primer,REJOSARI,846,1439
0+500,0+600,Lingkungan Primer,REJOSARI,846,1440
0+600,0+700,Lingkungan Primer,REJOSARI,846,1441
0+700,0+800,Lingkungan Primer,REJOSARI,846,1442
0+800,0+809,Lingkungan Primer,REJOSARI,846,1443
0+000,0+100,Lingkungan Primer,SAMBIREJO,708,57
0+100,0+200,Lingkungan Primer,SAMBIREJO,708,58
0+200,0+300,Lingkungan Primer,SAMBIREJO,708,59
0+300,0+400,Lingkungan Primer,SAMBIREJO,708,60
0+400,0+500,Lingkungan Primer,SAMBIREJO,708,61
0+500,0+600,Lingkungan Primer,SAMBIREJO,708,62
0+600,0+700,Lingkungan Primer,SAMBIREJO,708,63
0+700,0+707,Lingkungan Primer,SAMBIREJO,708,64
0+000,0+100,Lingkungan Primer,SEGULUNG,1711,304
0+100,0+200,Lingkungan Primer,SEGULUNG,1711,305
0+200,0+300,Lingkungan Primer,SEGULUNG,1711,306
0+300,0+400,Lingkungan Primer,SEGULUNG,1711,307
0+400,0+500,Lingkungan Primer,SEGULUNG,1711,308
0+500,0+600,Lingkungan Primer,SEGULUNG,1711,309
0+600,0+700,Lingkungan Primer,SEGULUNG,1711,310
0+700,0+800,Lingkungan Primer,SEGULUNG,1711,311
0+800,0+900,Lingkungan Primer,SEGULUNG,1711,312
0+900,1+000,Lingkungan Primer,SEGULUNG,1711,313
1+000,1+100,Lingkungan Primer,SEGULUNG,1711,314
1+100,1+200,Lingkungan Primer,SEGULUNG,1711,315
1+200,1+300,Lingkungan Primer,SEGULUNG,1711,316
1+300,1+400,Lingkungan Primer,SEGULUNG,1711,317
1+400,1+500,Lingkungan Primer,SEGULUNG,1711,318
1+500,1+600,Lingkungan Primer,SEGULUNG,1711,319
1+600,1+700,Lingkungan Primer,SEGULUNG,1711,320
1+700,1+710,Lingkungan Primer,SEGULUNG,1711,321
0+000,0+100,Lingkungan Primer,SENDANGREJO,711,1387
0+100,0+200,Lingkungan Primer,SENDANGREJO,711,1388
0+200,0+300,Lingkungan Primer,SENDANGREJO,711,1389
0+300,0+400,Lingkungan Primer,SENDANGREJO,711,1390
0+400,0+500,Lingkungan Primer,SENDANGREJO,711,1391
0+500,0+600,Lingkungan Primer,SENDANGREJO,711,1392
0+600,0+700,Lingkungan Primer,SENDANGREJO,711,1393
0+700,0+711,Lingkungan Primer,SENDANGREJO,711,1394
0+300,0+400,Lingkungan Primer,SIDOMULYO I,442,1007
0+000,0+100,Lingkungan Primer,SIDOMULYO I,442,1008
0+100,0+200,Lingkungan Primer,SIDOMULYO I,442,1009
0+200,0+300,Lingkungan Primer,SIDOMULYO I,442,1010
0+400,0+426,Lingkungan Primer,SIDOMULYO I,442,1011
0+000,0+100,Lingkungan Primer,SIDOMULYO II,2455,1012
0+100,0+200,Lingkungan Primer,SIDOMULYO II,2455,1013
0+200,0+300,Lingkungan Primer,SIDOMULYO II,2455,1014
0+300,0+400,Lingkungan Primer,SIDOMULYO II,2455,1015
0+400,0+500,Lingkungan Primer,SIDOMULYO II,2455,1016
0+500,0+600,Lingkungan Primer,SIDOMULYO II,2455,1017
0+600,0+700,Lingkungan Primer,SIDOMULYO II,2455,1018
0+700,0+800,Lingkungan Primer,SIDOMULYO II,2455,1019
0+800,0+900,Lingkungan Primer,SIDOMULYO II,2455,1020
0+900,1+000,Lingkungan Primer,SIDOMULYO II,2455,1021
1+000,1+100,Lingkungan Primer,SIDOMULYO II,2455,1022
1+100,1+200,Lingkungan Primer,SIDOMULYO II,2455,1023
1+200,1+300,Lingkungan Primer,SIDOMULYO II,2455,1024
1+300,1+400,Lingkungan Primer,SIDOMULYO II,2455,1025
1+400,1+500,Lingkungan Primer,SIDOMULYO II,2455,1026
1+500,1+600,Lingkungan Primer,SIDOMULYO II,2455,1027
1+600,1+700,Lingkungan Primer,SIDOMULYO II,2455,1028
1+700,1+800,Lingkungan Primer,SIDOMULYO II,2455,1029
1+800,1+900,Lingkungan Primer,SIDOMULYO II,2455,1030
1+900,2+000,Lingkungan Primer,SIDOMULYO II,2455,1031
2+000,2+100,Lingkungan Primer,SIDOMULYO II,2455,1032
2+100,2+200,Lingkungan Primer,SIDOMULYO II,2455,1033
2+200,2+300,Lingkungan Primer,SIDOMULYO II,2455,1034
2+300,2+400,Lingkungan Primer,SIDOMULYO II,2455,1035
2+400,2+454,Lingkungan Primer,SIDOMULYO II,2455,1036
0+100,0+200,Lingkungan Primer,SIDOREJO,267,475
0+000,0+100,Lingkungan Primer,SIDOREJO,267,476
0+200,0+200,Lingkungan Primer,SIDOREJO,267,477
0+000,0+100,Lingkungan Primer,SIMO,2512,1297
0+100,0+200,Lingkungan Primer,SIMO,2512,1298
0+200,0+300,Lingkungan Primer,SIMO,2512,1299
0+300,0+400,Lingkungan Primer,SIMO,2512,1300
0+400,0+500,Lingkungan Primer,SIMO,2512,1301
0+500,0+600,Lingkungan Primer,SIMO,2512,1302
0+600,0+700,Lingkungan Primer,SIMO,2512,1303
0+700,0+800,Lingkungan Primer,SIMO,2512,1304
0+800,0+900,Lingkungan Primer,SIMO,2512,1305
0+900,1+000,Lingkungan Primer,SIMO,2512,1306
1+000,1+100,Lingkungan Primer,SIMO,2512,1307
1+100,1+200,Lingkungan Primer,SIMO,2512,1308
1+200,1+300,Lingkungan Primer,SIMO,2512,1309
1+300,1+400,Lingkungan Primer,SIMO,2512,1310
1+400,1+500,Lingkungan Primer,SIMO,2512,1311
1+500,1+600,Lingkungan Primer,SIMO,2512,1312
1+600,1+700,Lingkungan Primer,SIMO,2512,1313
1+700,1+800,Lingkungan Primer,SIMO,2512,1314
1+800,1+900,Lingkungan Primer,SIMO,2512,1315
1+900,2+000,Lingkungan Primer,SIMO,2512,1316
2+000,2+100,Lingkungan Primer,SIMO,2512,1317
2+100,2+200,Lingkungan Primer,SIMO,2512,1318
2+200,2+300,Lingkungan Primer,SIMO,2512,1319
2+300,2+400,Lingkungan Primer,SIMO,2512,1320
2+400,2+500,Lingkungan Primer,SIMO,2512,1321
2+500,2+512,Lingkungan Primer,SIMO,2512,1322
0+000,0+100,Lingkungan Primer,SIRAPAN,2478,1395
0+100,0+200,Lingkungan Primer,SIRAPAN,2478,1396
0+200,0+300,Lingkungan Primer,SIRAPAN,2478,1397
0+300,0+400,Lingkungan Primer,SIRAPAN,2478,1398
0+400,0+500,Lingkungan Primer,SIRAPAN,2478,1399
0+500,0+600,Lingkungan Primer,SIRAPAN,2478,1400
0+600,0+700,Lingkungan Primer,SIRAPAN,2478,1401
0+700,0+800,Lingkungan Primer,SIRAPAN,2478,1402
0+800,0+900,Lingkungan Primer,SIRAPAN,2478,1403
0+900,1+000,Lingkungan Primer,SIRAPAN,2478,1404
1+000,1+100,Lingkungan Primer,SIRAPAN,2478,1405
1+100,1+200,Lingkungan Primer,SIRAPAN,2478,1406
1+200,1+300,Lingkungan Primer,SIRAPAN,2478,1407
1+300,1+400,Lingkungan Primer,SIRAPAN,2478,1408
1+400,1+500,Lingkungan Primer,SIRAPAN,2478,1409
1+500,1+600,Lingkungan Primer,SIRAPAN,2478,1410
1+600,1+700,Lingkungan Primer,SIRAPAN,2478,1411
1+700,1+800,Lingkungan Primer,SIRAPAN,2478,1412
1+800,1+900,Lingkungan Primer,SIRAPAN,2478,1413
1+900,2+000,Lingkungan Primer,SIRAPAN,2478,1414
2+000,2+100,Lingkungan Primer,SIRAPAN,2478,1415
2+100,2+200,Lingkungan Primer,SIRAPAN,2478,1416
2+200,2+300,Lingkungan Primer,SIRAPAN,2478,1417
2+300,2+400,Lingkungan Primer,SIRAPAN,2478,1418
2+400,2+483,Lingkungan Primer,SIRAPAN,2478,1419
0+000,0+100,Lingkungan Primer,SOGO,2661,1323
0+100,0+200,Lingkungan Primer,SOGO,2661,1324
0+200,0+300,Lingkungan Primer,SOGO,2661,1325
0+300,0+400,Lingkungan Primer,SOGO,2661,1326
0+400,0+500,Lingkungan Primer,SOGO,2661,1327
0+500,0+600,Lingkungan Primer,SOGO,2661,1328
0+600,0+700,Lingkungan Primer,SOGO,2661,1329
0+700,0+800,Lingkungan Primer,SOGO,2661,1330
0+800,0+900,Lingkungan Primer,SOGO,2661,1331
0+900,1+000,Lingkungan Primer,SOGO,2661,1332
1+000,1+100,Lingkungan Primer,SOGO,2661,1333
1+100,1+200,Lingkungan Primer,SOGO,2661,1334
1+200,1+300,Lingkungan Primer,SOGO,2661,1335
1+300,1+400,Lingkungan Primer,SOGO,2661,1336
1+400,1+500,Lingkungan Primer,SOGO,2661,1337
1+500,1+600,Lingkungan Primer,SOGO,2661,1338
1+600,1+700,Lingkungan Primer,SOGO,2661,1339
1+700,1+800,Lingkungan Primer,SOGO,2661,1340
1+800,1+900,Lingkungan Primer,SOGO,2661,1341
1+900,2+000,Lingkungan Primer,SOGO,2661,1342
2+000,2+100,Lingkungan Primer,SOGO,2661,1343
2+100,2+200,Lingkungan Primer,SOGO,2661,1344
2+200,2+300,Lingkungan Primer,SOGO,2661,1345
2+300,2+400,Lingkungan Primer,SOGO,2661,1346
2+400,2+500,Lingkungan Primer,SOGO,2661,1347
2+500,2+600,Lingkungan Primer,SOGO,2661,1348
2+600,2+660,Lingkungan Primer,SOGO,2661,1349
0+000,0+100,Lokal Primer,SUGIHWARAS,4346,712
0+100,0+200,Lokal Primer,SUGIHWARAS,4346,713
0+200,0+300,Lokal Primer,SUGIHWARAS,4346,714
0+300,0+400,Lokal Primer,SUGIHWARAS,4346,715
0+400,0+500,Lokal Primer,SUGIHWARAS,4346,716
0+500,0+600,Lokal Primer,SUGIHWARAS,4346,717
0+600,0+700,Lokal Primer,SUGIHWARAS,4346,718
0+700,0+800,Lokal Primer,SUGIHWARAS,4346,719
0+800,0+900,Lokal Primer,SUGIHWARAS,4346,720
0+900,1+000,Lokal Primer,SUGIHWARAS,4346,721
1+000,1+100,Lokal Primer,SUGIHWARAS,4346,722
1+100,1+200,Lokal Primer,SUGIHWARAS,4346,723
1+200,1+300,Lokal Primer,SUGIHWARAS,4346,724
1+300,1+400,Lokal Primer,SUGIHWARAS,4346,725
1+400,1+500,Lokal Primer,SUGIHWARAS,4346,726
1+500,1+600,Lokal Primer,SUGIHWARAS,4346,727
1+600,1+700,Lokal Primer,SUGIHWARAS,4346,728
1+700,1+800,Lokal Primer,SUGIHWARAS,4346,729
1+800,1+900,Lokal Primer,SUGIHWARAS,4346,730
1+900,2+000,Lokal Primer,SUGIHWARAS,4346,731
2+000,2+100,Lokal Primer,SUGIHWARAS,4346,732
2+100,2+200,Lokal Primer,SUGIHWARAS,4346,733
2+200,2+300,Lokal Primer,SUGIHWARAS,4346,734
2+300,2+400,Lokal Primer,SUGIHWARAS,4346,735
2+400,2+500,Lokal Primer,SUGIHWARAS,4346,736
2+500,2+600,Lokal Primer,SUGIHWARAS,4346,737
2+600,2+700,Lokal Primer,SUGIHWARAS,4346,738
2+700,2+800,Lokal Primer,SUGIHWARAS,4346,739
2+800,2+900,Lokal Primer,SUGIHWARAS,4346,740
2+900,3+000,Lokal Primer,SUGIHWARAS,4346,741
3+000,3+100,Lokal Primer,SUGIHWARAS,4346,742
3+100,3+200,Lokal Primer,SUGIHWARAS,4346,743
3+200,3+300,Lokal Primer,SUGIHWARAS,4346,744
3+300,3+400,Lokal Primer,SUGIHWARAS,4346,745
3+400,3+500,Lokal Primer,SUGIHWARAS,4346,746
3+500,3+600,Lokal Primer,SUGIHWARAS,4346,747
3+600,3+700,Lokal Primer,SUGIHWARAS,4346,748
3+700,3+800,Lokal Primer,SUGIHWARAS,4346,749
3+800,3+900,Lokal Primer,SUGIHWARAS,4346,750
3+900,4+000,Lokal Primer,SUGIHWARAS,4346,751
4+000,4+100,Lokal Primer,SUGIHWARAS,4346,752
4+100,4+200,Lokal Primer,SUGIHWARAS,4346,753
4+200,4+300,Lokal Primer,SUGIHWARAS,4346,754
4+300,4+345,Lokal Primer,SUGIHWARAS,4346,755
0+000,0+100,Lingkungan Primer,SULUK,824,199
0+100,0+200,Lingkungan Primer,SULUK,824,200
0+200,0+300,Lingkungan Primer,SULUK,824,201
0+300,0+400,Lingkungan Primer,SULUK,824,202
0+400,0+500,Lingkungan Primer,SULUK,824,203
0+500,0+600,Lingkungan Primer,SULUK,824,204
0+600,0+700,Lingkungan Primer,SULUK,824,205
0+700,0+800,Lingkungan Primer,SULUK,824,206
0+800,0+824,Lingkungan Primer,SULUK,824,207
0+000,0+100,Lingkungan Primer,SUMBERBENDO,1667,695
0+100,0+200,Lingkungan Primer,SUMBERBENDO,1667,696
0+200,0+300,Lingkungan Primer,SUMBERBENDO,1667,697
0+300,0+400,Lingkungan Primer,SUMBERBENDO,1667,698
0+400,0+500,Lingkungan Primer,SUMBERBENDO,1667,699
0+500,0+600,Lingkungan Primer,SUMBERBENDO,1667,700
0+600,0+700,Lingkungan Primer,SUMBERBENDO,1667,701
0+700,0+800,Lingkungan Primer,SUMBERBENDO,1667,702
0+800,0+900,Lingkungan Primer,SUMBERBENDO,1667,703
0+900,1+000,Lingkungan Primer,SUMBERBENDO,1667,704
1+000,1+100,Lingkungan Primer,SUMBERBENDO,1667,705
1+100,1+200,Lingkungan Primer,SUMBERBENDO,1667,706
1+200,1+300,Lingkungan Primer,SUMBERBENDO,1667,707
1+300,1+400,Lingkungan Primer,SUMBERBENDO,1667,708
1+400,1+500,Lingkungan Primer,SUMBERBENDO,1667,709
1+500,1+600,Lingkungan Primer,SUMBERBENDO,1667,710
1+600,1+667,Lingkungan Primer,SUMBERBENDO,1667,711
0+000,0+100,Lingkungan Primer,SUMBERBENING,1019,1350
0+100,0+200,Lingkungan Primer,SUMBERBENING,1019,1351
0+200,0+300,Lingkungan Primer,SUMBERBENING,1019,1352
0+300,0+400,Lingkungan Primer,SUMBERBENING,1019,1353
0+400,0+500,Lingkungan Primer,SUMBERBENING,1019,1354
0+500,0+600,Lingkungan Primer,SUMBERBENING,1019,1355
0+600,0+700,Lingkungan Primer,SUMBERBENING,1019,1356
0+700,0+800,Lingkungan Primer,SUMBERBENING,1019,1357
0+800,0+900,Lingkungan Primer,SUMBERBENING,1019,1358
0+900,1+000,Lingkungan Primer,SUMBERBENING,1019,1359
1+000,1+100,Lingkungan Primer,SUMBERBENING,1019,1360
1+100,1+126,Lingkungan Primer,SUMBERBENING,1019,1361
0+000,0+100,Lokal Primer,SUMBEREJO,3380,975
0+100,0+200,Lokal Primer,SUMBEREJO,3380,976
0+200,0+300,Lokal Primer,SUMBEREJO,3380,977
0+300,0+400,Lokal Primer,SUMBEREJO,3380,978
0+400,0+500,Lokal Primer,SUMBEREJO,3380,979
0+500,0+600,Lokal Primer,SUMBEREJO,3380,980
0+600,0+700,Lokal Primer,SUMBEREJO,3380,981
0+700,0+800,Lokal Primer,SUMBEREJO,3380,982
0+800,0+900,Lokal Primer,SUMBEREJO,3380,983
0+900,1+000,Lokal Primer,SUMBEREJO,3380,984
1+000,1+100,Lokal Primer,SUMBEREJO,3380,985
1+100,1+200,Lokal Primer,SUMBEREJO,3380,986
1+200,1+300,Lokal Primer,SUMBEREJO,3380,987
1+300,1+400,Lokal Primer,SUMBEREJO,3380,988
1+400,1+500,Lokal Primer,SUMBEREJO,3380,989
1+500,1+600,Lokal Primer,SUMBEREJO,3380,990
1+600,1+700,Lokal Primer,SUMBEREJO,3380,991
1+700,1+800,Lokal Primer,SUMBEREJO,3380,992
1+800,1+900,Lokal Primer,SUMBEREJO,3380,993
1+900,2+000,Lokal Primer,SUMBEREJO,3380,994
2+000,2+100,Lokal Primer,SUMBEREJO,3380,995
2+100,2+200,Lokal Primer,SUMBEREJO,3380,996
2+200,2+300,Lokal Primer,SUMBEREJO,3380,997
2+300,2+400,Lokal Primer,SUMBEREJO,3380,998
2+400,2+500,Lokal Primer,SUMBEREJO,3380,999
2+500,2+600,Lokal Primer,SUMBEREJO,3380,1000
2+600,2+700,Lokal Primer,SUMBEREJO,3380,1001
2+700,2+800,Lokal Primer,SUMBEREJO,3380,1002
2+800,2+900,Lokal Primer,SUMBEREJO,3380,1003
2+900,3+000,Lokal Primer,SUMBEREJO,3380,1004
3+000,3+100,Lokal Primer,SUMBEREJO,3380,1005
3+100,3+140,Lokal Primer,SUMBEREJO,3380,1006
0+000,0+100,Lokal Primer,SUMBEREJO,3380,1420
0+100,0+200,Lokal Primer,SUMBEREJO,3380,1421
0+200,0+300,Lokal Primer,SUMBEREJO,3380,1422
0+300,0+400,Lokal Primer,SUMBEREJO,3380,1423
0+400,0+500,Lokal Primer,SUMBEREJO,3380,1424
0+500,0+600,Lokal Primer,SUMBEREJO,3380,1425
0+600,0+700,Lokal Primer,SUMBEREJO,3380,1426
0+700,0+800,Lokal Primer,SUMBEREJO,3380,1427
0+800,0+900,Lokal Primer,SUMBEREJO,3380,1428
0+900,1+000,Lokal Primer,SUMBEREJO,3380,1429
1+000,1+100,Lokal Primer,SUMBEREJO,3380,1430
1+100,1+200,Lokal Primer,SUMBEREJO,3380,1431
1+200,1+300,Lokal Primer,SUMBEREJO,3380,1432
1+300,1+400,Lokal Primer,SUMBEREJO,3380,1433
1+400,1+400,Lokal Primer,SUMBEREJO,3380,1434
0+000,0+100,Lingkungan Primer,SUMBERSAMBI,1015,684
0+100,0+200,Lingkungan Primer,SUMBERSAMBI,1015,685
0+200,0+300,Lingkungan Primer,SUMBERSAMBI,1015,686
0+300,0+400,Lingkungan Primer,SUMBERSAMBI,1015,687
0+400,0+500,Lingkungan Primer,SUMBERSAMBI,1015,688
0+500,0+600,Lingkungan Primer,SUMBERSAMBI,1015,689
0+600,0+700,Lingkungan Primer,SUMBERSAMBI,1015,690
0+700,0+800,Lingkungan Primer,SUMBERSAMBI,1015,691
0+800,0+900,Lingkungan Primer,SUMBERSAMBI,1015,692
0+900,1+000,Lingkungan Primer,SUMBERSAMBI,1015,693
1+000,1+015,Lingkungan Primer,SUMBERSAMBI,1015,694
0+000,0+100,Lingkungan Primer,TEGUHAN,998,65
0+100,0+200,Lingkungan Primer,TEGUHAN,998,66
0+200,0+300,Lingkungan Primer,TEGUHAN,998,67
0+300,0+400,Lingkungan Primer,TEGUHAN,998,68
0+400,0+500,Lingkungan Primer,TEGUHAN,998,69
0+500,0+600,Lingkungan Primer,TEGUHAN,998,70
0+600,0+700,Lingkungan Primer,TEGUHAN,998,71
0+700,0+800,Lingkungan Primer,TEGUHAN,998,72
0+800,0+900,Lingkungan Primer,TEGUHAN,998,73
0+900,0+989,Lingkungan Primer,TEGUHAN,998,74
0+000,0+100,Lingkungan Primer,TEMPURSARI,936,380
0+100,0+200,Lingkungan Primer,TEMPURSARI,936,381
0+200,0+300,Lingkungan Primer,TEMPURSARI,936,382
0+300,0+400,Lingkungan Primer,TEMPURSARI,936,383
0+400,0+500,Lingkungan Primer,TEMPURSARI,936,384
0+500,0+600,Lingkungan Primer,TEMPURSARI,936,385
0+600,0+700,Lingkungan Primer,TEMPURSARI,936,386
0+700,0+800,Lingkungan Primer,TEMPURSARI,936,387
0+800,0+900,Lingkungan Primer,TEMPURSARI,936,388
0+900,0+935,Lingkungan Primer,TEMPURSARI,936,389
0+000,0+100,Lingkungan Primer,TILENG,1474,336
0+100,0+200,Lingkungan Primer,TILENG,1474,337
0+200,0+300,Lingkungan Primer,TILENG,1474,338
0+300,0+400,Lingkungan Primer,TILENG,1474,339
0+400,0+500,Lingkungan Primer,TILENG,1474,340
0+500,0+600,Lingkungan Primer,TILENG,1474,341
0+600,0+700,Lingkungan Primer,TILENG,1474,342
0+700,0+800,Lingkungan Primer,TILENG,1474,343
0+800,0+900,Lingkungan Primer,TILENG,1474,344
0+900,1+000,Lingkungan Primer,TILENG,1474,345
1+000,1+100,Lingkungan Primer,TILENG,1474,346
1+100,1+200,Lingkungan Primer,TILENG,1474,347
1+200,1+300,Lingkungan Primer,TILENG,1474,348
1+300,1+400,Lingkungan Primer,TILENG,1474,349
1+400,1+474,Lingkungan Primer,TILENG,1474,350
0+000,0+100,Lingkungan Primer,TULUNG,1220,671
0+100,0+200,Lingkungan Primer,TULUNG,1220,672
0+200,0+300,Lingkungan Primer,TULUNG,1220,673
0+300,0+400,Lingkungan Primer,TULUNG,1220,674
0+400,0+500,Lingkungan Primer,TULUNG,1220,675
0+500,0+600,Lingkungan Primer,TULUNG,1220,676
0+600,0+700,Lingkungan Primer,TULUNG,1220,677
0+700,0+800,Lingkungan Primer,TULUNG,1220,678
0+800,0+900,Lingkungan Primer,TULUNG,1220,679
0+900,1+000,Lingkungan Primer,TULUNG,1220,680
1+000,1+100,Lingkungan Primer,TULUNG,1220,681
1+100,1+200,Lingkungan Primer,TULUNG,1220,682
1+200,1+220,Lingkungan Primer,TULUNG,1220,683
0+000,0+100,Lingkungan Primer,WARUREJO I,2158,1064
0+100,0+200,Lingkungan Primer,WARUREJO I,2158,1065
0+200,0+300,Lingkungan Primer,WARUREJO I,2158,1066
0+300,0+400,Lingkungan Primer,WARUREJO I,2158,1067
0+400,0+500,Lingkungan Primer,WARUREJO I,2158,1068
0+500,0+600,Lingkungan Primer,WARUREJO I,2158,1069
0+600,0+700,Lingkungan Primer,WARUREJO I,2158,1070
0+700,0+800,Lingkungan Primer,WARUREJO I,2158,1071
0+800,0+900,Lingkungan Primer,WARUREJO I,2158,1072
0+900,1+000,Lingkungan Primer,WARUREJO I,2158,1073
1+000,1+100,Lingkungan Primer,WARUREJO I,2158,1074
1+100,1+200,Lingkungan Primer,WARUREJO I,2158,1075
1+200,1+300,Lingkungan Primer,WARUREJO I,2158,1076
1+300,1+400,Lingkungan Primer,WARUREJO I,2158,1077
1+400,1+500,Lingkungan Primer,WARUREJO I,2158,1078
1+500,1+600,Lingkungan Primer,WARUREJO I,2158,1079
1+600,1+700,Lingkungan Primer,WARUREJO I,2158,1080
1+700,1+800,Lingkungan Primer,WARUREJO I,2158,1081
1+800,1+900,Lingkungan Primer,WARUREJO I,2158,1082
1+900,2+000,Lingkungan Primer,WARUREJO I,2158,1083
2+000,2+100,Lingkungan Primer,WARUREJO I,2158,1084
2+100,2+158,Lingkungan Primer,WARUREJO I,2158,1085
0+000,0+100,Lingkungan Primer,WARUREJO II,1079,1086
0+100,0+200,Lingkungan Primer,WARUREJO II,1079,1087
0+200,0+300,Lingkungan Primer,WARUREJO II,1079,1088
0+300,0+400,Lingkungan Primer,WARUREJO II,1079,1089
0+400,0+500,Lingkungan Primer,WARUREJO II,1079,1090
0+500,0+600,Lingkungan Primer,WARUREJO II,1079,1091
0+600,0+700,Lingkungan Primer,WARUREJO II,1079,1092
0+700,0+800,Lingkungan Primer,WARUREJO II,1079,1093
0+800,0+900,Lingkungan Primer,WARUREJO II,1079,1094
0+900,1+000,Lingkungan Primer,WARUREJO II,1079,1095
1+000,1+085,Lingkungan Primer,WARUREJO II,1079,1096
0+000,0+100,Lingkungan Primer,WAYUT,1350,75
0+100,0+200,Lingkungan Primer,WAYUT,1350,76
0+200,0+300,Lingkungan Primer,WAYUT,1350,77
0+300,0+400,Lingkungan Primer,WAYUT,1350,78
0+400,0+500,Lingkungan Primer,WAYUT,1350,79
0+500,0+600,Lingkungan Primer,WAYUT,1350,80
0+600,0+700,Lingkungan Primer,WAYUT,1350,81
0+700,0+800,Lingkungan Primer,WAYUT,1350,82
0+800,0+900,Lingkungan Primer,WAYUT,1350,83
0+900,1+000,Lingkungan Primer,WAYUT,1350,84
1+000,1+100,Lingkungan Primer,WAYUT,1350,85
1+100,1+200,Lingkungan Primer,WAYUT,1350,86
1+200,1+300,Lingkungan Primer,WAYUT,1350,87
1+300,1+350,Lingkungan Primer,WAYUT,1350,88
0+000,0+100,Lingkungan Primer,WINONG,2324,511
0+100,0+200,Lingkungan Primer,WINONG,2324,512
0+200,0+300,Lingkungan Primer,WINONG,2324,513
0+300,0+400,Lingkungan Primer,WINONG,2324,514
0+400,0+500,Lingkungan Primer,WINONG,2324,515
0+500,0+600,Lingkungan Primer,WINONG,2324,516
0+600,0+700,Lingkungan Primer,WINONG,2324,517
0+700,0+800,Lingkungan Primer,WINONG,2324,518
0+800,0+900,Lingkungan Primer,WINONG,2324,519
0+900,1+000,Lingkungan Primer,WINONG,2324,520
1+000,1+100,Lingkungan Primer,WINONG,2324,521
1+100,1+200,Lingkungan Primer,WINONG,2324,522
1+200,1+300,Lingkungan Primer,WINONG,2324,523
1+300,1+400,Lingkungan Primer,WINONG,2324,524
1+400,1+500,Lingkungan Primer,WINONG,2324,525
1+500,1+600,Lingkungan Primer,WINONG,2324,526
1+600,1+700,Lingkungan Primer,WINONG,2324,527
1+700,1+800,Lingkungan Primer,WINONG,2324,528
1+800,1+900,Lingkungan Primer,WINONG,2324,529
1+900,2+000,Lingkungan Primer,WINONG,2324,530
2+000,2+100,Lingkungan Primer,WINONG,2324,531
2+100,2+196,Lingkungan Primer,WINONG,2324,532
0+000,0+100,Lingkungan Primer,WONOASRI,865,947
0+100,0+200,Lingkungan Primer,WONOASRI,865,948
0+200,0+300,Lingkungan Primer,WONOASRI,865,949
0+300,0+400,Lingkungan Primer,WONOASRI,865,950
0+400,0+500,Lingkungan Primer,WONOASRI,865,951
0+500,0+600,Lingkungan Primer,WONOASRI,865,952
0+600,0+700,Lingkungan Primer,WONOASRI,865,953
0+700,0+800,Lingkungan Primer,WONOASRI,865,954
0+800,0+800,Lingkungan Primer,WONOASRI,865,955
0+000,0+100,Lingkungan Primer,WONOREJO I,676,918
0+100,0+200,Lingkungan Primer,WONOREJO I,676,919
0+200,0+300,Lingkungan Primer,WONOREJO I,676,920
0+300,0+400,Lingkungan Primer,WONOREJO I,676,921
0+400,0+500,Lingkungan Primer,WONOREJO I,676,922
0+500,0+600,Lingkungan Primer,WONOREJO I,676,923
0+600,0+676,Lingkungan Primer,WONOREJO I,676,924
0+000,0+100,Lingkungan Primer,WONOREJO II,1358,925
0+100,0+200,Lingkungan Primer,WONOREJO II,1358,926
0+200,0+300,Lingkungan Primer,WONOREJO II,1358,927
0+300,0+400,Lingkungan Primer,WONOREJO II,1358,928
0+400,0+500,Lingkungan Primer,WONOREJO II,1358,929
0+500,0+600,Lingkungan Primer,WONOREJO II,1358,930
0+600,0+700,Lingkungan Primer,WONOREJO II,1358,931
0+700,0+800,Lingkungan Primer,WONOREJO II,1358,932
0+800,0+900,Lingkungan Primer,WONOREJO II,1358,933
0+900,1+000,Lingkungan Primer,WONOREJO II,1358,934
1+000,1+100,Lingkungan Primer,WONOREJO II,1358,935
1+100,1+200,Lingkungan Primer,WONOREJO II,1358,936
1+200,1+300,Lingkungan Primer,WONOREJO II,1358,937
1+300,1+358,Lingkungan Primer,WONOREJO II,1358,938
