Panjang,STA_AWAL,STA_AKHIR,Fungsi,No,Nm_Ruas
250,0+000,0+062,Lokal Sekunder,10,4093 - JL. CEMPAKA I
150,0+000,0+089,Lokal Sekunder,100,4079 - JL. BALI
300,0+000,0+095,Lokal Sekunder,1000,4083 - JL. FLORES
200,0+100,0+118,Lokal Sekunder,1001,4010 - JL. DAHLIA
200,0+000,0+100,Lokal Sekunder,1002,4010 - JL. DAHLIA
250,0+100,0+122,Lokal Sekunder,1003,4027 - JL. CISADANE
250,0+000,0+100,Lokal Sekunder,1004,4027 - JL. CISADANE
250,0+100,0+127,Lokal Sekunder,1005,4026 - JL. SERAYU
250,0+000,0+100,Lokal Sekunder,1006,4026 - JL. SERAYU
800,0+100,0+128,Lokal Sekunder,1007,4069 - JL. KARANGLO II
800,0+000,0+100,Lokal Sekunder,1008,4069 - JL. KARANGLO II
350,0+100,0+128,Lokal Sekunder,1009,4094 - JL. CEMPAKA II
350,0+000,0+100,Lokal Sekunder,101,4094 - JL. CEMPAKA II
250,0+100,0+100,Lokal Sekunder,1010,4029 - JL. CITARUM
250,0+000,0+100,Lokal Sekunder,1011,4029 - JL. CITARUM
150,0+100,0+145,Lokal Sekunder,1012,4054 - JL. SIRSAK
150,0+000,0+100,Lokal Sekunder,1013,4054 - JL. SIRSAK
250,0+100,0+145,Lokal Sekunder,1014,4053 - JL. MELON
250,0+000,0+100,Lokal Sekunder,1015,4053 - JL. MELON
300,0+100,0+153,Lokal Sekunder,1016,4095 - JL. CEMPAKA III
300,0+000,0+100,Lokal Sekunder,1017,4095 - JL. CEMPAKA III
450,0+100,0+159,Lokal Sekunder,1018,4074 - JL. KUTILANG
450,0+000,0+100,Lokal Sekunder,1019,4074 - JL. KUTILANG
400,0+100,0+161,Lokal Sekunder,102,4019 - JL. GARUDA
400,0+000,0+100,Lokal Sekunder,1020,4019 - JL. GARUDA
700,0+100,0+172,Lokal Sekunder,1021,4037 - JL. MELATI I
700,0+000,0+100,Lokal Sekunder,1022,4037 - JL. MELATI I
150,0+100,0+176,Lokal Sekunder,1023,4065 - JL. SAWO RAJA
150,0+000,0+100,Lokal Sekunder,1024,4065 - JL. SAWO RAJA
150,0+100,0+187,Lokal Sekunder,1025,4047 - JL. SAWO
150,0+000,0+100,Lokal Sekunder,1026,4047 - JL. SAWO
250,0+100,0+187,Lokal Sekunder,1027,4309 - JL. SERBA GUNA
250,0+000,0+100,Lokal Sekunder,1028,4309 - JL. SERBA GUNA
300,0+100,0+192,Lokal Sekunder,1029,4082 - JL. SULAWESI
300,0+000,0+100,Lokal Sekunder,103,4082 - JL. SULAWESI
400,0+100,0+194,Lokal Sekunder,1030,4312 - JL. SWANARDIPA
400,0+000,0+100,Lokal Sekunder,1031,4312 - JL. SWANARDIPA
200,0+100,0+196,Lokal Sekunder,1032,4050 - JL. KESEMEK
200,0+000,0+100,Lokal Sekunder,1033,4050 - JL. KESEMEK
300,0+100,0+197,Lokal Sekunder,1034,4078 - JL. SUMATRA
300,0+000,0+100,Lokal Sekunder,104,4078 - JL. SUMATRA
200,0+100,0+197,Lokal Sekunder,105,4097 - JL. ANGGREK II
200,0+000,0+100,Lokal Sekunder,106,4097 - JL. ANGGREK II
300,0+100,0+199,Lokal Sekunder,107,4040 - JL. YOS SUDARSO
300,0+000,0+100,Lokal Sekunder,108,4040 - JL. YOS SUDARSO
300,0+100,0+200,Lokal Sekunder,109,4220 - JL. WAKIDUN
300,0+000,0+100,Lokal Sekunder,11,4220 - JL. WAKIDUN
300,0+200,0+204,Lokal Sekunder,110,4220 - JL. WAKIDUN
280,0+100,0+200,Lokal Sekunder,111,4024 - JL. RINJANI
280,0+000,0+100,Lokal Sekunder,112,4024 - JL. RINJANI
280,0+200,0+205,Lokal Sekunder,113,4024 - JL. RINJANI
400,0+100,0+200,Lokal Sekunder,114,4015 - JL. TANJUNG
400,0+000,0+100,Lokal Sekunder,115,4015 - JL. TANJUNG
400,0+200,0+205,Lokal Sekunder,116,4015 - JL. TANJUNG
400,0+100,0+200,Lokal Sekunder,117,4063 - JL. PEPAYA RAJA
400,0+000,0+100,Lokal Sekunder,118,4063 - JL. PEPAYA RAJA
400,0+200,0+211,Lokal Sekunder,119,4063 - JL. PEPAYA RAJA
350,0+100,0+200,Lokal Sekunder,12,4084 - JL. SUMBAWA
350,0+000,0+100,Lokal Sekunder,120,4084 - JL. SUMBAWA
350,0+200,0+212,Lokal Sekunder,121,4084 - JL. SUMBAWA
150,0+100,0+200,Lokal Sekunder,122,4062 - JL. APEL RAJA
150,0+000,0+100,Lokal Sekunder,123,4062 - JL. APEL RAJA
150,0+200,0+212,Lokal Sekunder,124,4062 - JL. APEL RAJA
1100,0+100,0+200,Lokal Sekunder,125,4076 - JL. S. PARMAN
1100,0+000,0+100,Lokal Sekunder,126,4076 - JL. S. PARMAN
1100,0+200,0+212,Lokal Sekunder,127,4076 - JL. S. PARMAN
200,0+100,0+200,Lokal Sekunder,128,4044 - JL. MENDUT
200,0+000,0+100,Lokal Sekunder,129,4044 - JL. MENDUT
200,0+200,0+218,Lokal Sekunder,13,4044 - JL. MENDUT
150,0+100,0+200,Lokal Sekunder,130,4046 - JL. MANGGA
150,0+000,0+100,Lokal Sekunder,131,4046 - JL. MANGGA
150,0+200,0+228,Lokal Sekunder,132,4046 - JL. MANGGA
240,0+100,0+200,Lokal Sekunder,133,4021 - JL. PENANGGUNGAN
240,0+000,0+100,Lokal Sekunder,134,4021 - JL. PENANGGUNGAN
240,0+200,0+234,Lokal Sekunder,135,4021 - JL. PENANGGUNGAN
350,0+100,0+200,Lokal Sekunder,136,4048 - JL. STASIUN TIMUR
350,0+000,0+100,Lokal Sekunder,137,4048 - JL. STASIUN TIMUR
350,0+200,0+240,Lokal Sekunder,138,4048 - JL. STASIUN TIMUR
300,0+100,0+200,Lokal Sekunder,139,4072 - JL. KYAI SERANG
300,0+000,0+100,Lokal Sekunder,14,4072 - JL. KYAI SERANG
300,0+200,0+241,Lokal Sekunder,140,4072 - JL. KYAI SERANG
430,0+100,0+200,Lokal Sekunder,141,4302 - JL. SUMBERSAKTI
430,0+000,0+100,Lokal Sekunder,142,4302 - JL. SUMBERSAKTI
430,0+200,0+242,Lokal Sekunder,143,4302 - JL. SUMBERSAKTI
250,0+100,0+200,Lokal Sekunder,144,4233 - JL. SANDANG PANGAN
250,0+000,0+100,Lokal Sekunder,145,4233 - JL. SANDANG PANGAN
250,0+200,0+242,Lokal Sekunder,146,4233 - JL. SANDANG PANGAN
250,0+100,0+200,Lokal Sekunder,147,4022 - JL. PANDAN
250,0+000,0+100,Lokal Sekunder,148,4022 - JL. PANDAN
250,0+200,0+244,Lokal Sekunder,149,4022 - JL. PANDAN
240,0+100,0+200,Lokal Sekunder,15,4030 - JL. ANJASMORO
240,0+000,0+100,Lokal Sekunder,150,4030 - JL. ANJASMORO
240,0+200,0+247,Lokal Sekunder,151,4030 - JL. ANJASMORO
250,0+100,0+200,Lokal Sekunder,152,4051 - JL. ANGGUR
250,0+000,0+100,Lokal Sekunder,153,4051 - JL. ANGGUR
250,0+200,0+252,Lokal Sekunder,154,4051 - JL. ANGGUR
300,0+100,0+200,Lokal Sekunder,155,4102 - JL. MERPATI (MEJAYAN)
300,0+000,0+100,Lokal Sekunder,156,4102 - JL. MERPATI (MEJAYAN)
300,0+200,0+258,Lokal Sekunder,157,4102 - JL. MERPATI (MEJAYAN)
200,0+100,0+200,Lokal Sekunder,158,4306 - JL. BRANJANGAN I/B
200,0+000,0+100,Lokal Sekunder,159,4306 - JL. BRANJANGAN I/B
200,0+200,0+258,Lokal Sekunder,16,4306 - JL. BRANJANGAN I/B
250,0+100,0+200,Lokal Sekunder,160,4052 - JL. MANGGIS
250,0+000,0+100,Lokal Sekunder,161,4052 - JL. MANGGIS
250,0+200,0+260,Lokal Sekunder,162,4052 - JL. MANGGIS
300,0+100,0+200,Lokal Sekunder,163,4016 - JL. MELATI
300,0+000,0+100,Lokal Sekunder,164,4016 - JL. MELATI
300,0+200,0+262,Lokal Sekunder,165,4016 - JL. MELATI
700,0+100,0+200,Lokal Sekunder,166,4038 - JL. MELATI II
700,0+000,0+100,Lokal Sekunder,167,4038 - JL. MELATI II
700,0+200,0+263,Lokal Sekunder,168,4038 - JL. MELATI II
300,0+100,0+200,Lokal Sekunder,169,4313 - JL. SWASEMBADA
300,0+000,0+100,Lokal Sekunder,17,4313 - JL. SWASEMBADA
300,0+200,0+263,Lokal Sekunder,170,4313 - JL. SWASEMBADA
250,0+100,0+200,Lokal Sekunder,171,4243 - JL. K.H. MOJO II
250,0+000,0+100,Lokal Sekunder,172,4243 - JL. K.H. MOJO II
250,0+200,0+270,Lokal Sekunder,173,4243 - JL. K.H. MOJO II
270,0+100,0+200,Lokal Sekunder,174,4023 - JL. SEMERU
270,0+000,0+100,Lokal Sekunder,175,4023 - JL. SEMERU
270,0+200,0+270,Lokal Sekunder,176,4023 - JL. SEMERU
400,0+100,0+200,Lokal Sekunder,177,4055 - JL. RAMBUTAN
400,0+000,0+100,Lokal Sekunder,178,4055 - JL. RAMBUTAN
400,0+200,0+281,Lokal Sekunder,179,4055 - JL. RAMBUTAN
400,0+100,0+200,Lokal Sekunder,18,4071 - JL. SEMBADA
400,0+000,0+100,Lokal Sekunder,180,4071 - JL. SEMBADA
400,0+200,0+283,Lokal Sekunder,181,4071 - JL. SEMBADA
900,0+100,0+200,Lokal Sekunder,182,4088 - JL. NIAS
900,0+000,0+100,Lokal Sekunder,183,4088 - JL. NIAS
900,0+200,0+285,Lokal Sekunder,184,4088 - JL. NIAS
550,0+100,0+200,Lokal Sekunder,185,4101 - JL. RUSUNAWA
550,0+000,0+100,Lokal Sekunder,186,4101 - JL. RUSUNAWA
550,0+200,0+286,Lokal Sekunder,187,4101 - JL. RUSUNAWA
750,0+100,0+200,Lokal Sekunder,188,4090 - JL. PARKIT
750,0+000,0+100,Lokal Sekunder,189,4090 - JL. PARKIT
750,0+200,0+291,Lokal Sekunder,19,4090 - JL. PARKIT
350,0+100,0+200,Lokal Sekunder,190,4045 - JL. SALAK
350,0+000,0+100,Lokal Sekunder,191,4045 - JL. SALAK
350,0+200,0+292,Lokal Sekunder,192,4045 - JL. SALAK
300,0+200,0+300,Lokal Sekunder,193,4241 - JL. RADEN PATAH
300,0+000,0+100,Lokal Sekunder,194,4241 - JL. RADEN PATAH
300,0+100,0+200,Lokal Sekunder,195,4241 - JL. RADEN PATAH
300,0+300,0+315,Lokal Sekunder,196,4241 - JL. RADEN PATAH
300,0+200,0+300,Lokal Sekunder,197,4311 - JL. SWAKARYA
300,0+000,0+100,Lokal Sekunder,198,4311 - JL. SWAKARYA
300,0+100,0+200,Lokal Sekunder,199,4311 - JL. SWAKARYA
300,0+300,0+317,Lokal Sekunder,2,4311 - JL. SWAKARYA
300,0+200,0+300,Lokal Sekunder,20,4087 - JL. MENUR
300,0+000,0+100,Lokal Sekunder,200,4087 - JL. MENUR
300,0+100,0+200,Lokal Sekunder,201,4087 - JL. MENUR
300,0+300,0+319,Lokal Sekunder,202,4087 - JL. MENUR
300,0+200,0+300,Lokal Sekunder,203,4304 - JL. SUMBER MAS
300,0+000,0+100,Lokal Sekunder,204,4304 - JL. SUMBER MAS
300,0+100,0+200,Lokal Sekunder,205,4304 - JL. SUMBER MAS
300,0+300,0+323,Lokal Sekunder,206,4304 - JL. SUMBER MAS
600,0+200,0+300,Lokal Sekunder,207,4305 - JL. SENDANG BEJI
600,0+000,0+100,Lokal Sekunder,208,4305 - JL. SENDANG BEJI
600,0+100,0+200,Lokal Sekunder,209,4305 - JL. SENDANG BEJI
600,0+300,0+326,Lokal Sekunder,21,4305 - JL. SENDANG BEJI
300,0+200,0+300,Lokal Sekunder,210,4307 - JL. BRANJANGAN I
300,0+000,0+100,Lokal Sekunder,211,4307 - JL. BRANJANGAN I
300,0+100,0+200,Lokal Sekunder,212,4307 - JL. BRANJANGAN I
300,0+300,0+326,Lokal Sekunder,213,4307 - JL. BRANJANGAN I
400,0+200,0+300,Lokal Sekunder,214,4049 - JL. SEMANGKA
400,0+000,0+100,Lokal Sekunder,215,4049 - JL. SEMANGKA
400,0+100,0+200,Lokal Sekunder,216,4049 - JL. SEMANGKA
400,0+300,0+353,Lokal Sekunder,217,4049 - JL. SEMANGKA
400,0+200,0+300,Lokal Sekunder,218,4081 - JL. MADURA
400,0+000,0+100,Lokal Sekunder,219,4081 - JL. MADURA
400,0+100,0+200,Lokal Sekunder,22,4081 - JL. MADURA
400,0+300,0+353,Lokal Sekunder,220,4081 - JL. MADURA
380,0+200,0+300,Lokal Sekunder,221,4245 - JL. MELATI
380,0+000,0+100,Lokal Sekunder,222,4245 - JL. MELATI
380,0+100,0+200,Lokal Sekunder,223,4245 - JL. MELATI
380,0+300,0+357,Lokal Sekunder,224,4245 - JL. MELATI
400,0+200,0+300,Lokal Sekunder,225,4104 - JL. PRAWIRO DIPURAN
400,0+000,0+100,Lokal Sekunder,226,4104 - JL. PRAWIRO DIPURAN
400,0+100,0+200,Lokal Sekunder,227,4104 - JL. PRAWIRO DIPURAN
400,0+300,0+360,Lokal Sekunder,228,4104 - JL. PRAWIRO DIPURAN
600,0+200,0+300,Lokal Sekunder,229,4216 - JL. SIDOASIH
600,0+000,0+100,Lokal Sekunder,23,4216 - JL. SIDOASIH
600,0+100,0+200,Lokal Sekunder,230,4216 - JL. SIDOASIH
600,0+300,0+361,Lokal Sekunder,231,4216 - JL. SIDOASIH
450,0+200,0+300,Lokal Sekunder,232,4056 - JL. JAMBU
450,0+000,0+100,Lokal Sekunder,233,4056 - JL. JAMBU
450,0+100,0+200,Lokal Sekunder,234,4056 - JL. JAMBU
450,0+300,0+361,Lokal Sekunder,235,4056 - JL. JAMBU
200,0+200,0+300,Lokal Sekunder,236,4028 - JL. MUSI
200,0+000,0+100,Lokal Sekunder,237,4028 - JL. MUSI
200,0+100,0+200,Lokal Sekunder,238,4028 - JL. MUSI
200,0+300,0+369,Lokal Sekunder,239,4028 - JL. MUSI
700,0+200,0+300,Lokal Sekunder,24,4059 - JL. BOLODEWO
700,0+000,0+100,Lokal Sekunder,240,4059 - JL. BOLODEWO
700,0+100,0+200,Lokal Sekunder,241,4059 - JL. BOLODEWO
700,0+300,0+371,Lokal Sekunder,242,4059 - JL. BOLODEWO
380,0+200,0+300,Lokal Sekunder,243,4025 - JL. DIENG
380,0+000,0+100,Lokal Sekunder,244,4025 - JL. DIENG
380,0+100,0+200,Lokal Sekunder,245,4025 - JL. DIENG
380,0+300,0+375,Lokal Sekunder,246,4025 - JL. DIENG
150,0+200,0+300,Lokal Sekunder,247,4031 - JL. CILIWUNG
150,0+000,0+100,Lokal Sekunder,248,4031 - JL. CILIWUNG
150,0+100,0+200,Lokal Sekunder,249,4031 - JL. CILIWUNG
150,0+300,0+377,Lokal Sekunder,25,4031 - JL. CILIWUNG
750,0+200,0+300,Lokal Sekunder,250,4303 - JL. KARYAWAN
750,0+000,0+100,Lokal Sekunder,251,4303 - JL. KARYAWAN
750,0+100,0+200,Lokal Sekunder,252,4303 - JL. KARYAWAN
750,0+300,0+383,Lokal Sekunder,253,4303 - JL. KARYAWAN
500,0+200,0+300,Lokal Sekunder,254,4085 - JL. CENDRAWASIH
500,0+000,0+100,Lokal Sekunder,255,4085 - JL. CENDRAWASIH
500,0+100,0+200,Lokal Sekunder,256,4085 - JL. CENDRAWASIH
500,0+300,0+385,Lokal Sekunder,257,4085 - JL. CENDRAWASIH
1100,0+200,0+300,Lokal Sekunder,258,4222 - JL. PASIR WUKIR
1100,0+000,0+100,Lokal Sekunder,259,4222 - JL. PASIR WUKIR
1100,0+100,0+200,Lokal Sekunder,26,4222 - JL. PASIR WUKIR
1100,0+300,0+385,Lokal Sekunder,260,4222 - JL. PASIR WUKIR
500,0+200,0+300,Lokal Sekunder,261,4034 - JL. BOGO II
500,0+000,0+100,Lokal Sekunder,262,4034 - JL. BOGO II
500,0+100,0+200,Lokal Sekunder,263,4034 - JL. BOGO II
500,0+300,0+386,Lokal Sekunder,264,4034 - JL. BOGO II
370,0+200,0+300,Lokal Sekunder,265,4018 - JL. SERUNI
370,0+000,0+100,Lokal Sekunder,266,4018 - JL. SERUNI
370,0+100,0+200,Lokal Sekunder,267,4018 - JL. SERUNI
370,0+300,0+386,Lokal Sekunder,268,4018 - JL. SERUNI
600,0+200,0+300,Lokal Sekunder,269,4080 - JL. KALIMANTAN
600,0+000,0+100,Lokal Sekunder,27,4080 - JL. KALIMANTAN
600,0+100,0+200,Lokal Sekunder,270,4080 - JL. KALIMANTAN
600,0+300,0+300,Lokal Sekunder,271,4080 - JL. KALIMANTAN
450,0+300,0+400,Lokal Sekunder,272,4242 - JL. K.H. MOJO I
450,0+000,0+100,Lokal Sekunder,273,4242 - JL. K.H. MOJO I
450,0+100,0+200,Lokal Sekunder,274,4242 - JL. K.H. MOJO I
450,0+200,0+300,Lokal Sekunder,275,4242 - JL. K.H. MOJO I
450,0+400,0+413,Lokal Sekunder,276,4242 - JL. K.H. MOJO I
800,0+300,0+400,Lokal Sekunder,277,4223 - JL. TOTO TERTIB
800,0+000,0+100,Lokal Sekunder,278,4223 - JL. TOTO TERTIB
800,0+100,0+200,Lokal Sekunder,279,4223 - JL. TOTO TERTIB
800,0+200,0+300,Lokal Sekunder,28,4223 - JL. TOTO TERTIB
800,0+400,0+413,Lokal Sekunder,280,4223 - JL. TOTO TERTIB
400,0+300,0+400,Lokal Sekunder,281,4070 - JL. WIBOWO
400,0+000,0+100,Lokal Sekunder,282,4070 - JL. WIBOWO
400,0+100,0+200,Lokal Sekunder,283,4070 - JL. WIBOWO
400,0+200,0+300,Lokal Sekunder,284,4070 - JL. WIBOWO
400,0+400,0+414,Lokal Sekunder,285,4070 - JL. WIBOWO
1000,0+300,0+400,Lokal Sekunder,286,4237 - JL. LAPANGAN BERAN
1000,0+000,0+100,Lokal Sekunder,287,4237 - JL. LAPANGAN BERAN
1000,0+100,0+200,Lokal Sekunder,288,4237 - JL. LAPANGAN BERAN
1000,0+200,0+300,Lokal Sekunder,289,4237 - JL. LAPANGAN BERAN
1000,0+400,0+425,Lokal Sekunder,29,4237 - JL. LAPANGAN BERAN
460,0+300,0+400,Lokal Sekunder,290,4012 - JL. KENANGA
460,0+000,0+100,Lokal Sekunder,291,4012 - JL. KENANGA
460,0+100,0+200,Lokal Sekunder,292,4012 - JL. KENANGA
460,0+200,0+300,Lokal Sekunder,293,4012 - JL. KENANGA
460,0+400,0+430,Lokal Sekunder,294,4012 - JL. KENANGA
500,0+300,0+400,Lokal Sekunder,295,4225 - JL. JUWET/SURO
500,0+000,0+100,Lokal Sekunder,296,4225 - JL. JUWET/SURO
500,0+100,0+200,Lokal Sekunder,297,4225 - JL. JUWET/SURO
500,0+200,0+300,Lokal Sekunder,298,4225 - JL. JUWET/SURO
500,0+400,0+434,Lokal Sekunder,299,4225 - JL. JUWET/SURO
430,0+300,0+400,Lokal Sekunder,3,4011 - JL. NUSA INDAH
430,0+000,0+100,Lokal Sekunder,30,4011 - JL. NUSA INDAH
430,0+100,0+200,Lokal Sekunder,300,4011 - JL. NUSA INDAH
430,0+200,0+300,Lokal Sekunder,301,4011 - JL. NUSA INDAH
430,0+400,0+436,Lokal Sekunder,302,4011 - JL. NUSA INDAH
400,0+300,0+400,Lokal Sekunder,303,4103 - JL. IRIAN JAYA
400,0+000,0+100,Lokal Sekunder,304,4103 - JL. IRIAN JAYA
400,0+100,0+200,Lokal Sekunder,305,4103 - JL. IRIAN JAYA
400,0+200,0+300,Lokal Sekunder,306,4103 - JL. IRIAN JAYA
400,0+400,0+439,Lokal Sekunder,307,4103 - JL. IRIAN JAYA
500,0+300,0+400,Lokal Sekunder,308,4009 - JL. FLAMBOYAN
500,0+000,0+100,Lokal Sekunder,309,4009 - JL. FLAMBOYAN
500,0+100,0+200,Lokal Sekunder,31,4009 - JL. FLAMBOYAN
500,0+200,0+300,Lokal Sekunder,310,4009 - JL. FLAMBOYAN
500,0+400,0+444,Lokal Sekunder,311,4009 - JL. FLAMBOYAN
700,0+300,0+400,Lokal Sekunder,312,4221 - JL. SIDO AGUNG
700,0+000,0+100,Lokal Sekunder,313,4221 - JL. SIDO AGUNG
700,0+100,0+200,Lokal Sekunder,314,4221 - JL. SIDO AGUNG
700,0+200,0+300,Lokal Sekunder,315,4221 - JL. SIDO AGUNG
700,0+400,0+444,Lokal Sekunder,316,4221 - JL. SIDO AGUNG
650,0+300,0+400,Lokal Sekunder,317,4013 - JL. ANGGREK
650,0+000,0+100,Lokal Sekunder,318,4013 - JL. ANGGREK
650,0+100,0+200,Lokal Sekunder,319,4013 - JL. ANGGREK
650,0+200,0+300,Lokal Sekunder,32,4013 - JL. ANGGREK
650,0+400,0+455,Lokal Sekunder,320,4013 - JL. ANGGREK
600,0+300,0+400,Lokal Sekunder,321,4060 - JL. KRESNA
600,0+000,0+100,Lokal Sekunder,322,4060 - JL. KRESNA
600,0+100,0+200,Lokal Sekunder,323,4060 - JL. KRESNA
600,0+200,0+300,Lokal Sekunder,324,4060 - JL. KRESNA
600,0+400,0+457,Lokal Sekunder,325,4060 - JL. KRESNA
800,0+300,0+400,Lokal Sekunder,326,4206 - JL. SIDODADI
800,0+000,0+100,Lokal Sekunder,327,4206 - JL. SIDODADI
800,0+100,0+200,Lokal Sekunder,328,4206 - JL. SIDODADI
800,0+200,0+300,Lokal Sekunder,329,4206 - JL. SIDODADI
800,0+400,0+462,Lokal Sekunder,33,4206 - JL. SIDODADI
500,0+300,0+400,Lokal Sekunder,330,4043 - JL. KALASAN
500,0+000,0+100,Lokal Sekunder,331,4043 - JL. KALASAN
500,0+100,0+200,Lokal Sekunder,332,4043 - JL. KALASAN
500,0+200,0+300,Lokal Sekunder,333,4043 - JL. KALASAN
500,0+400,0+465,Lokal Sekunder,334,4043 - JL. KALASAN
400,0+300,0+400,Lokal Sekunder,335,4105 - JL. KURMA RAJA
400,0+000,0+100,Lokal Sekunder,336,4105 - JL. KURMA RAJA
400,0+100,0+200,Lokal Sekunder,337,4105 - JL. KURMA RAJA
400,0+200,0+300,Lokal Sekunder,338,4105 - JL. KURMA RAJA
400,0+400,0+466,Lokal Sekunder,339,4105 - JL. KURMA RAJA
520,0+300,0+400,Lokal Sekunder,34,4042 - JL. BOROBUDUR
520,0+000,0+100,Lokal Sekunder,340,4042 - JL. BOROBUDUR
520,0+100,0+200,Lokal Sekunder,341,4042 - JL. BOROBUDUR
520,0+200,0+300,Lokal Sekunder,342,4042 - JL. BOROBUDUR
520,0+400,0+474,Lokal Sekunder,343,4042 - JL. BOROBUDUR
600,0+300,0+400,Lokal Sekunder,344,4041 - JL. PRAMBANAN
600,0+000,0+100,Lokal Sekunder,345,4041 - JL. PRAMBANAN
600,0+100,0+200,Lokal Sekunder,346,4041 - JL. PRAMBANAN
600,0+200,0+300,Lokal Sekunder,347,4041 - JL. PRAMBANAN
600,0+400,0+481,Lokal Sekunder,348,4041 - JL. PRAMBANAN
550,0+300,0+400,Lokal Sekunder,349,4224 - JL. BERBUDI
550,0+000,0+100,Lokal Sekunder,35,4224 - JL. BERBUDI
550,0+100,0+200,Lokal Sekunder,350,4224 - JL. BERBUDI
550,0+200,0+300,Lokal Sekunder,351,4224 - JL. BERBUDI
550,0+400,0+485,Lokal Sekunder,352,4224 - JL. BERBUDI
500,0+300,0+400,Lokal Sekunder,353,4036 - JL. SRIGADING
500,0+000,0+100,Lokal Sekunder,354,4036 - JL. SRIGADING
500,0+100,0+200,Lokal Sekunder,355,4036 - JL. SRIGADING
500,0+200,0+300,Lokal Sekunder,356,4036 - JL. SRIGADING
500,0+400,0+492,Lokal Sekunder,357,4036 - JL. SRIGADING
550,0+300,0+400,Lokal Sekunder,358,4301 - JL. SUMBERMORO
550,0+000,0+100,Lokal Sekunder,359,4301 - JL. SUMBERMORO
550,0+100,0+200,Lokal Sekunder,36,4301 - JL. SUMBERMORO
550,0+200,0+300,Lokal Sekunder,360,4301 - JL. SUMBERMORO
550,0+400,0+499,Lokal Sekunder,361,4301 - JL. SUMBERMORO
400,0+300,0+400,Lokal Sekunder,362,4308 - JL. SETYA RUKUN
400,0+000,0+100,Lokal Sekunder,363,4308 - JL. SETYA RUKUN
400,0+100,0+200,Lokal Sekunder,364,4308 - JL. SETYA RUKUN
400,0+200,0+300,Lokal Sekunder,365,4308 - JL. SETYA RUKUN
400,0+400,0+499,Lokal Sekunder,366,4308 - JL. SETYA RUKUN
450,0+400,0+500,Lokal Sekunder,367,4234 - JL. TOTO TENTREM
450,0+000,0+100,Lokal Sekunder,368,4234 - JL. TOTO TENTREM
450,0+100,0+200,Lokal Sekunder,369,4234 - JL. TOTO TENTREM
450,0+200,0+300,Lokal Sekunder,37,4234 - JL. TOTO TENTREM
450,0+300,0+400,Lokal Sekunder,370,4234 - JL. TOTO TENTREM
450,0+500,0+508,Lokal Sekunder,371,4234 - JL. TOTO TENTREM
1500,0+400,0+500,Lokal Sekunder,372,4204 - JL. SASONO LOYO
1500,0+000,0+100,Lokal Sekunder,373,4204 - JL. SASONO LOYO
1500,0+100,0+200,Lokal Sekunder,374,4204 - JL. SASONO LOYO
1500,0+200,0+300,Lokal Sekunder,375,4204 - JL. SASONO LOYO
1500,0+300,0+400,Lokal Sekunder,376,4204 - JL. SASONO LOYO
1500,0+500,0+521,Lokal Sekunder,377,4204 - JL. SASONO LOYO
1500,0+400,0+500,Lokal Sekunder,378,4205 - JL. KEBODALEM
1500,0+000,0+100,Lokal Sekunder,379,4205 - JL. KEBODALEM
1500,0+100,0+200,Lokal Sekunder,38,4205 - JL. KEBODALEM
1500,0+200,0+300,Lokal Sekunder,380,4205 - JL. KEBODALEM
1500,0+300,0+400,Lokal Sekunder,381,4205 - JL. KEBODALEM
1500,0+500,0+531,Lokal Sekunder,382,4205 - JL. KEBODALEM
600,0+400,0+500,Lokal Sekunder,383,4017 - JL. KEMUNING
600,0+000,0+100,Lokal Sekunder,384,4017 - JL. KEMUNING
600,0+100,0+200,Lokal Sekunder,385,4017 - JL. KEMUNING
600,0+200,0+300,Lokal Sekunder,386,4017 - JL. KEMUNING
600,0+300,0+400,Lokal Sekunder,387,4017 - JL. KEMUNING
600,0+500,0+553,Lokal Sekunder,388,4017 - JL. KEMUNING
300,0+400,0+500,Lokal Sekunder,389,4035 - JL. KAMBOJA
300,0+000,0+100,Lokal Sekunder,39,4035 - JL. KAMBOJA
300,0+100,0+200,Lokal Sekunder,390,4035 - JL. KAMBOJA
300,0+200,0+300,Lokal Sekunder,391,4035 - JL. KAMBOJA
300,0+300,0+400,Lokal Sekunder,392,4035 - JL. KAMBOJA
300,0+500,0+565,Lokal Sekunder,393,4035 - JL. KAMBOJA
200,0+000,0+100,Lokal Sekunder,394,4066 - JL. MERPATI (BALEREJO)
200,0+100,0+200,Lokal Sekunder,395,4066 - JL. MERPATI (BALEREJO)
200,0+200,0+300,Lokal Sekunder,396,4066 - JL. MERPATI (BALEREJO)
200,0+300,0+400,Lokal Sekunder,397,4066 - JL. MERPATI (BALEREJO)
200,0+400,0+500,Lokal Sekunder,398,4066 - JL. MERPATI (BALEREJO)
200,0+500,0+576,Lokal Sekunder,399,4066 - JL. MERPATI (BALEREJO)
700,0+400,0+500,Lokal Sekunder,4,4213 - JL. KERTO RAHARJO
700,0+000,0+100,Lokal Sekunder,40,4213 - JL. KERTO RAHARJO
700,0+100,0+200,Lokal Sekunder,400,4213 - JL. KERTO RAHARJO
700,0+200,0+300,Lokal Sekunder,401,4213 - JL. KERTO RAHARJO
700,0+300,0+400,Lokal Sekunder,402,4213 - JL. KERTO RAHARJO
700,0+500,0+585,Lokal Sekunder,403,4213 - JL. KERTO RAHARJO
1300,0+400,0+500,Lokal Sekunder,404,4075 - JL. JL. MANYAR
1300,0+000,0+100,Lokal Sekunder,405,4075 - JL. JL. MANYAR
1300,0+100,0+200,Lokal Sekunder,406,4075 - JL. JL. MANYAR
1300,0+200,0+300,Lokal Sekunder,407,4075 - JL. JL. MANYAR
1300,0+300,0+400,Lokal Sekunder,408,4075 - JL. JL. MANYAR
1300,0+500,0+587,Lokal Sekunder,409,4075 - JL. JL. MANYAR
300,0+400,0+500,Lokal Sekunder,41,4092 - JL. SRITI
300,0+000,0+100,Lokal Sekunder,410,4092 - JL. SRITI
300,0+100,0+200,Lokal Sekunder,411,4092 - JL. SRITI
300,0+200,0+300,Lokal Sekunder,412,4092 - JL. SRITI
300,0+300,0+400,Lokal Sekunder,413,4092 - JL. SRITI
300,0+500,0+592,Lokal Sekunder,414,4092 - JL. SRITI
600,0+400,0+500,Lokal Sekunder,415,4032 - JL. SINGOLUDRO II
600,0+000,0+100,Lokal Sekunder,416,4032 - JL. SINGOLUDRO II
600,0+100,0+200,Lokal Sekunder,417,4032 - JL. SINGOLUDRO II
600,0+200,0+300,Lokal Sekunder,418,4032 - JL. SINGOLUDRO II
600,0+300,0+400,Lokal Sekunder,419,4032 - JL. SINGOLUDRO II
600,0+500,0+599,Lokal Sekunder,42,4032 - JL. SINGOLUDRO II
800,0+500,0+600,Lokal Sekunder,420,4231 - JL. COKRO AMINOTO
800,0+000,0+100,Lokal Sekunder,421,4231 - JL. COKRO AMINOTO
800,0+100,0+200,Lokal Sekunder,422,4231 - JL. COKRO AMINOTO
800,0+200,0+300,Lokal Sekunder,423,4231 - JL. COKRO AMINOTO
800,0+300,0+400,Lokal Sekunder,424,4231 - JL. COKRO AMINOTO
800,0+400,0+500,Lokal Sekunder,425,4231 - JL. COKRO AMINOTO
800,0+600,0+602,Lokal Sekunder,426,4231 - JL. COKRO AMINOTO
1300,0+500,0+600,Lokal Sekunder,427,4077 - JL. PANJAITAN
1300,0+000,0+100,Lokal Sekunder,428,4077 - JL. PANJAITAN
1300,0+100,0+200,Lokal Sekunder,429,4077 - JL. PANJAITAN
1300,0+200,0+300,Lokal Sekunder,43,4077 - JL. PANJAITAN
1300,0+300,0+400,Lokal Sekunder,430,4077 - JL. PANJAITAN
1300,0+400,0+500,Lokal Sekunder,431,4077 - JL. PANJAITAN
1300,0+600,0+608,Lokal Sekunder,432,4077 - JL. PANJAITAN
1000,0+500,0+600,Lokal Sekunder,433,4061 - JL. MARKISA RAJA
1000,0+000,0+100,Lokal Sekunder,434,4061 - JL. MARKISA RAJA
1000,0+100,0+200,Lokal Sekunder,435,4061 - JL. MARKISA RAJA
1000,0+200,0+300,Lokal Sekunder,436,4061 - JL. MARKISA RAJA
1000,0+300,0+400,Lokal Sekunder,437,4061 - JL. MARKISA RAJA
1000,0+400,0+500,Lokal Sekunder,438,4061 - JL. MARKISA RAJA
1000,0+600,0+609,Lokal Sekunder,439,4061 - JL. MARKISA RAJA
450,0+500,0+600,Lokal Sekunder,44,4246 - JL. MENUR
450,0+000,0+100,Lokal Sekunder,440,4246 - JL. MENUR
450,0+100,0+200,Lokal Sekunder,441,4246 - JL. MENUR
450,0+200,0+300,Lokal Sekunder,442,4246 - JL. MENUR
450,0+300,0+400,Lokal Sekunder,443,4246 - JL. MENUR
450,0+400,0+500,Lokal Sekunder,444,4246 - JL. MENUR
450,0+600,0+613,Lokal Sekunder,445,4246 - JL. MENUR
800,0+500,0+600,Lokal Sekunder,446,4226 - JL. PUNDEN
800,0+000,0+100,Lokal Sekunder,447,4226 - JL. PUNDEN
800,0+100,0+200,Lokal Sekunder,448,4226 - JL. PUNDEN
800,0+200,0+300,Lokal Sekunder,449,4226 - JL. PUNDEN
800,0+300,0+400,Lokal Sekunder,45,4226 - JL. PUNDEN
800,0+400,0+500,Lokal Sekunder,450,4226 - JL. PUNDEN
800,0+600,0+622,Lokal Sekunder,451,4226 - JL. PUNDEN
600,0+500,0+600,Lokal Sekunder,452,4235 - JL. LOHJINAWI
600,0+000,0+100,Lokal Sekunder,453,4235 - JL. LOHJINAWI
600,0+100,0+200,Lokal Sekunder,454,4235 - JL. LOHJINAWI
600,0+200,0+300,Lokal Sekunder,455,4235 - JL. LOHJINAWI
600,0+300,0+400,Lokal Sekunder,456,4235 - JL. LOHJINAWI
600,0+400,0+500,Lokal Sekunder,457,4235 - JL. LOHJINAWI
600,0+600,0+636,Lokal Sekunder,458,4235 - JL. LOHJINAWI
700,0+500,0+600,Lokal Sekunder,459,4014 - JL. CEMPAKA
700,0+000,0+100,Lokal Sekunder,46,4014 - JL. CEMPAKA
700,0+100,0+200,Lokal Sekunder,460,4014 - JL. CEMPAKA
700,0+200,0+300,Lokal Sekunder,461,4014 - JL. CEMPAKA
700,0+300,0+400,Lokal Sekunder,462,4014 - JL. CEMPAKA
700,0+400,0+500,Lokal Sekunder,463,4014 - JL. CEMPAKA
700,0+600,0+648,Lokal Sekunder,464,4014 - JL. CEMPAKA
800,0+500,0+600,Lokal Sekunder,465,4089 - JL. KENARI
800,0+000,0+100,Lokal Sekunder,466,4089 - JL. KENARI
800,0+100,0+200,Lokal Sekunder,467,4089 - JL. KENARI
800,0+200,0+300,Lokal Sekunder,468,4089 - JL. KENARI
800,0+300,0+400,Lokal Sekunder,469,4089 - JL. KENARI
800,0+400,0+500,Lokal Sekunder,47,4089 - JL. KENARI
800,0+600,0+657,Lokal Sekunder,470,4089 - JL. KENARI
650,0+500,0+600,Lokal Sekunder,471,4020 - JL. DR. SUTOMO
650,0+000,0+100,Lokal Sekunder,472,4020 - JL. DR. SUTOMO
650,0+100,0+200,Lokal Sekunder,473,4020 - JL. DR. SUTOMO
650,0+200,0+300,Lokal Sekunder,474,4020 - JL. DR. SUTOMO
650,0+300,0+400,Lokal Sekunder,475,4020 - JL. DR. SUTOMO
650,0+400,0+500,Lokal Sekunder,476,4020 - JL. DR. SUTOMO
650,0+600,0+685,Lokal Sekunder,477,4020 - JL. DR. SUTOMO
2000,0+500,0+600,Lokal Sekunder,478,4315 - JL. SETYA DARMA
2000,0+000,0+100,Lokal Sekunder,479,4315 - JL. SETYA DARMA
2000,0+100,0+200,Lokal Sekunder,48,4315 - JL. SETYA DARMA
2000,0+200,0+300,Lokal Sekunder,480,4315 - JL. SETYA DARMA
2000,0+300,0+400,Lokal Sekunder,481,4315 - JL. SETYA DARMA
2000,0+400,0+500,Lokal Sekunder,482,4315 - JL. SETYA DARMA
2000,0+600,0+667,Lokal Sekunder,483,4315 - JL. SETYA DARMA
800,0+500,0+600,Lokal Sekunder,484,4099 - JL. PROGO
800,0+000,0+100,Lokal Sekunder,485,4099 - JL. PROGO
800,0+100,0+200,Lokal Sekunder,486,4099 - JL. PROGO
800,0+200,0+300,Lokal Sekunder,487,4099 - JL. PROGO
800,0+300,0+400,Lokal Sekunder,488,4099 - JL. PROGO
800,0+400,0+500,Lokal Sekunder,489,4099 - JL. PROGO
800,0+600,0+678,Lokal Sekunder,49,4099 - JL. PROGO
610,0+500,0+600,Lokal Sekunder,490,4086 - JL. RAJAWALI
610,0+000,0+100,Lokal Sekunder,491,4086 - JL. RAJAWALI
610,0+100,0+200,Lokal Sekunder,492,4086 - JL. RAJAWALI
610,0+200,0+300,Lokal Sekunder,493,4086 - JL. RAJAWALI
610,0+300,0+400,Lokal Sekunder,494,4086 - JL. RAJAWALI
610,0+400,0+500,Lokal Sekunder,495,4086 - JL. RAJAWALI
610,0+600,0+694,Lokal Sekunder,496,4086 - JL. RAJAWALI
800,0+500,0+600,Lokal Primer,497,4006 - JL. KOL. MARHADI
800,0+000,0+100,Lokal Primer,498,4006 - JL. KOL. MARHADI
800,0+100,0+200,Lokal Primer,499,4006 - JL. KOL. MARHADI
800,0+200,0+300,Lokal Primer,5,4006 - JL. KOL. MARHADI
800,0+300,0+400,Lokal Primer,50,4006 - JL. KOL. MARHADI
800,0+400,0+500,Lokal Primer,500,4006 - JL. KOL. MARHADI
800,0+600,0+695,Lokal Primer,501,4006 - JL. KOL. MARHADI
660,0+500,0+600,Lokal Sekunder,502,4008 - JL. H. AGUS SALIM
660,0+000,0+100,Lokal Sekunder,503,4008 - JL. H. AGUS SALIM
660,0+100,0+200,Lokal Sekunder,504,4008 - JL. H. AGUS SALIM
660,0+200,0+300,Lokal Sekunder,505,4008 - JL. H. AGUS SALIM
660,0+300,0+400,Lokal Sekunder,506,4008 - JL. H. AGUS SALIM
660,0+400,0+500,Lokal Sekunder,507,4008 - JL. H. AGUS SALIM
660,0+600,0+696,Lokal Sekunder,508,4008 - JL. H. AGUS SALIM
700,0+600,0+700,Lokal Sekunder,509,4215 - JL. GEMAH RIPAH
700,0+000,0+100,Lokal Sekunder,51,4215 - JL. GEMAH RIPAH
700,0+100,0+200,Lokal Sekunder,510,4215 - JL. GEMAH RIPAH
700,0+200,0+300,Lokal Sekunder,511,4215 - JL. GEMAH RIPAH
700,0+300,0+400,Lokal Sekunder,512,4215 - JL. GEMAH RIPAH
700,0+400,0+500,Lokal Sekunder,513,4215 - JL. GEMAH RIPAH
700,0+500,0+600,Lokal Sekunder,514,4215 - JL. GEMAH RIPAH
700,0+700,0+712,Lokal Sekunder,515,4215 - JL. GEMAH RIPAH
1000,0+600,0+700,Lokal Sekunder,516,4228 - JL. M.I. BUNGA BANGSA
1000,0+000,0+100,Lokal Sekunder,517,4228 - JL. M.I. BUNGA BANGSA
1000,0+100,0+200,Lokal Sekunder,518,4228 - JL. M.I. BUNGA BANGSA
1000,0+200,0+300,Lokal Sekunder,519,4228 - JL. M.I. BUNGA BANGSA
1000,0+300,0+400,Lokal Sekunder,52,4228 - JL. M.I. BUNGA BANGSA
1000,0+400,0+500,Lokal Sekunder,520,4228 - JL. M.I. BUNGA BANGSA
1000,0+500,0+600,Lokal Sekunder,521,4228 - JL. M.I. BUNGA BANGSA
1000,0+700,0+725,Lokal Sekunder,522,4228 - JL. M.I. BUNGA BANGSA
800,0+600,0+700,Lokal Sekunder,523,4310 - JL. EKA BHAKTI
800,0+000,0+100,Lokal Sekunder,524,4310 - JL. EKA BHAKTI
800,0+100,0+200,Lokal Sekunder,525,4310 - JL. EKA BHAKTI
800,0+200,0+300,Lokal Sekunder,526,4310 - JL. EKA BHAKTI
800,0+300,0+400,Lokal Sekunder,527,4310 - JL. EKA BHAKTI
800,0+400,0+500,Lokal Sekunder,528,4310 - JL. EKA BHAKTI
800,0+500,0+600,Lokal Sekunder,529,4310 - JL. EKA BHAKTI
800,0+700,0+736,Lokal Sekunder,53,4310 - JL. EKA BHAKTI
1000,0+600,0+700,Lokal Sekunder,530,4227 - JL. PERHUTANI
1000,0+000,0+100,Lokal Sekunder,531,4227 - JL. PERHUTANI
1000,0+100,0+200,Lokal Sekunder,532,4227 - JL. PERHUTANI
1000,0+200,0+300,Lokal Sekunder,533,4227 - JL. PERHUTANI
1000,0+300,0+400,Lokal Sekunder,534,4227 - JL. PERHUTANI
1000,0+400,0+500,Lokal Sekunder,535,4227 - JL. PERHUTANI
1000,0+500,0+600,Lokal Sekunder,536,4227 - JL. PERHUTANI
1000,0+700,0+746,Lokal Sekunder,537,4227 - JL. PERHUTANI
1250,0+600,0+700,Lokal Sekunder,538,4219 - JL. SIDOMULYO
1250,0+000,0+100,Lokal Sekunder,539,4219 - JL. SIDOMULYO
1250,0+100,0+200,Lokal Sekunder,54,4219 - JL. SIDOMULYO
1250,0+200,0+300,Lokal Sekunder,540,4219 - JL. SIDOMULYO
1250,0+300,0+400,Lokal Sekunder,541,4219 - JL. SIDOMULYO
1250,0+400,0+500,Lokal Sekunder,542,4219 - JL. SIDOMULYO
1250,0+500,0+600,Lokal Sekunder,543,4219 - JL. SIDOMULYO
1250,0+700,0+748,Lokal Sekunder,544,4219 - JL. SIDOMULYO
850,0+600,0+700,Lokal Primer,545,4002 - JL. LETJEN SUTOYO
850,0+000,0+100,Lokal Primer,546,4002 - JL. LETJEN SUTOYO
850,0+100,0+200,Lokal Primer,547,4002 - JL. LETJEN SUTOYO
850,0+200,0+300,Lokal Primer,548,4002 - JL. LETJEN SUTOYO
850,0+300,0+400,Lokal Primer,549,4002 - JL. LETJEN SUTOYO
850,0+400,0+500,Lokal Primer,55,4002 - JL. LETJEN SUTOYO
850,0+500,0+600,Lokal Primer,550,4002 - JL. LETJEN SUTOYO
850,0+700,0+767,Lokal Primer,551,4002 - JL. LETJEN SUTOYO
750,0+600,0+700,Lokal Sekunder,552,4240 - JL. DIPONEGORO
750,0+000,0+100,Lokal Sekunder,553,4240 - JL. DIPONEGORO
750,0+100,0+200,Lokal Sekunder,554,4240 - JL. DIPONEGORO
750,0+200,0+300,Lokal Sekunder,555,4240 - JL. DIPONEGORO
750,0+300,0+400,Lokal Sekunder,556,4240 - JL. DIPONEGORO
750,0+400,0+500,Lokal Sekunder,557,4240 - JL. DIPONEGORO
750,0+500,0+600,Lokal Sekunder,558,4240 - JL. DIPONEGORO
750,0+700,0+773,Lokal Sekunder,559,4240 - JL. DIPONEGORO
800,0+600,0+700,Lokal Sekunder,56,4058 - JL. PARIKESIT
800,0+000,0+100,Lokal Sekunder,560,4058 - JL. PARIKESIT
800,0+100,0+200,Lokal Sekunder,561,4058 - JL. PARIKESIT
800,0+200,0+300,Lokal Sekunder,562,4058 - JL. PARIKESIT
800,0+300,0+400,Lokal Sekunder,563,4058 - JL. PARIKESIT
800,0+400,0+500,Lokal Sekunder,564,4058 - JL. PARIKESIT
800,0+500,0+600,Lokal Sekunder,565,4058 - JL. PARIKESIT
800,0+700,0+782,Lokal Sekunder,566,4058 - JL. PARIKESIT
900,0+600,0+700,Lokal Sekunder,567,4248 - JL. SAUR
900,0+000,0+100,Lokal Sekunder,568,4248 - JL. SAUR
900,0+100,0+200,Lokal Sekunder,569,4248 - JL. SAUR
900,0+200,0+300,Lokal Sekunder,57,4248 - JL. SAUR
900,0+300,0+400,Lokal Sekunder,570,4248 - JL. SAUR
900,0+400,0+500,Lokal Sekunder,571,4248 - JL. SAUR
900,0+500,0+600,Lokal Sekunder,572,4248 - JL. SAUR
900,0+700,0+782,Lokal Sekunder,573,4248 - JL. SAUR
1300,0+600,0+700,Lokal Sekunder,574,4091 - JL. BETET
1300,0+000,0+100,Lokal Sekunder,575,4091 - JL. BETET
1300,0+100,0+200,Lokal Sekunder,576,4091 - JL. BETET
1300,0+200,0+300,Lokal Sekunder,577,4091 - JL. BETET
1300,0+300,0+400,Lokal Sekunder,578,4091 - JL. BETET
1300,0+400,0+500,Lokal Sekunder,579,4091 - JL. BETET
1300,0+500,0+600,Lokal Sekunder,58,4091 - JL. BETET
1300,0+700,0+797,Lokal Sekunder,580,4091 - JL. BETET
900,0+700,0+800,Lokal Sekunder,581,4209 - JL. KEMANTREN
900,0+000,0+100,Lokal Sekunder,582,4209 - JL. KEMANTREN
900,0+100,0+200,Lokal Sekunder,583,4209 - JL. KEMANTREN
900,0+200,0+300,Lokal Sekunder,584,4209 - JL. KEMANTREN
900,0+300,0+400,Lokal Sekunder,585,4209 - JL. KEMANTREN
900,0+400,0+500,Lokal Sekunder,586,4209 - JL. KEMANTREN
900,0+500,0+600,Lokal Sekunder,587,4209 - JL. KEMANTREN
900,0+600,0+700,Lokal Sekunder,588,4209 - JL. KEMANTREN
900,0+800,0+826,Lokal Sekunder,589,4209 - JL. KEMANTREN
500,0+700,0+800,Lokal Sekunder,59,4033 - JL. BOGO
500,0+000,0+100,Lokal Sekunder,590,4033 - JL. BOGO
500,0+100,0+200,Lokal Sekunder,591,4033 - JL. BOGO
500,0+200,0+300,Lokal Sekunder,592,4033 - JL. BOGO
500,0+300,0+400,Lokal Sekunder,593,4033 - JL. BOGO
500,0+400,0+500,Lokal Sekunder,594,4033 - JL. BOGO
500,0+500,0+600,Lokal Sekunder,595,4033 - JL. BOGO
500,0+600,0+700,Lokal Sekunder,596,4033 - JL. BOGO
500,0+800,0+834,Lokal Sekunder,597,4033 - JL. BOGO
800,0+700,0+800,Lokal Sekunder,598,4229 - JL. M.I. FARHIN
800,0+000,0+100,Lokal Sekunder,599,4229 - JL. M.I. FARHIN
800,0+100,0+200,Lokal Sekunder,6,4229 - JL. M.I. FARHIN
800,0+200,0+300,Lokal Sekunder,60,4229 - JL. M.I. FARHIN
800,0+300,0+400,Lokal Sekunder,600,4229 - JL. M.I. FARHIN
800,0+400,0+500,Lokal Sekunder,601,4229 - JL. M.I. FARHIN
800,0+500,0+600,Lokal Sekunder,602,4229 - JL. M.I. FARHIN
800,0+600,0+700,Lokal Sekunder,603,4229 - JL. M.I. FARHIN
800,0+800,0+834,Lokal Sekunder,604,4229 - JL. M.I. FARHIN
800,0+700,0+800,Lokal Sekunder,605,4232 - JL. TENGKU UMAR
800,0+000,0+100,Lokal Sekunder,606,4232 - JL. TENGKU UMAR
800,0+100,0+200,Lokal Sekunder,607,4232 - JL. TENGKU UMAR
800,0+200,0+300,Lokal Sekunder,608,4232 - JL. TENGKU UMAR
800,0+300,0+400,Lokal Sekunder,609,4232 - JL. TENGKU UMAR
800,0+400,0+500,Lokal Sekunder,61,4232 - JL. TENGKU UMAR
800,0+500,0+600,Lokal Sekunder,610,4232 - JL. TENGKU UMAR
800,0+600,0+700,Lokal Sekunder,611,4232 - JL. TENGKU UMAR
800,0+800,0+844,Lokal Sekunder,612,4232 - JL. TENGKU UMAR
1000,0+700,0+800,Lokal Sekunder,613,4218 - JL. SIDOMUKTI
1000,0+000,0+100,Lokal Sekunder,614,4218 - JL. SIDOMUKTI
1000,0+100,0+200,Lokal Sekunder,615,4218 - JL. SIDOMUKTI
1000,0+200,0+300,Lokal Sekunder,616,4218 - JL. SIDOMUKTI
1000,0+300,0+400,Lokal Sekunder,617,4218 - JL. SIDOMUKTI
1000,0+400,0+500,Lokal Sekunder,618,4218 - JL. SIDOMUKTI
1000,0+500,0+600,Lokal Sekunder,619,4218 - JL. SIDOMUKTI
1000,0+600,0+700,Lokal Sekunder,62,4218 - JL. SIDOMUKTI
1000,0+800,0+858,Lokal Sekunder,620,4218 - JL. SIDOMUKTI
1000,0+700,0+800,Lokal Sekunder,621,4236 - JL. SANGGRAHAN
1000,0+000,0+100,Lokal Sekunder,622,4236 - JL. SANGGRAHAN
1000,0+100,0+200,Lokal Sekunder,623,4236 - JL. SANGGRAHAN
1000,0+200,0+300,Lokal Sekunder,624,4236 - JL. SANGGRAHAN
1000,0+300,0+400,Lokal Sekunder,625,4236 - JL. SANGGRAHAN
1000,0+400,0+500,Lokal Sekunder,626,4236 - JL. SANGGRAHAN
1000,0+500,0+600,Lokal Sekunder,627,4236 - JL. SANGGRAHAN
1000,0+600,0+700,Lokal Sekunder,628,4236 - JL. SANGGRAHAN
1000,0+800,0+863,Lokal Sekunder,629,4236 - JL. SANGGRAHAN
900,0+700,0+800,Lokal Sekunder,63,4057 - JL. BISMO
900,0+000,0+100,Lokal Sekunder,630,4057 - JL. BISMO
900,0+100,0+200,Lokal Sekunder,631,4057 - JL. BISMO
900,0+200,0+300,Lokal Sekunder,632,4057 - JL. BISMO
900,0+300,0+400,Lokal Sekunder,633,4057 - JL. BISMO
900,0+400,0+500,Lokal Sekunder,634,4057 - JL. BISMO
900,0+500,0+600,Lokal Sekunder,635,4057 - JL. BISMO
900,0+600,0+700,Lokal Sekunder,636,4057 - JL. BISMO
900,0+800,0+876,Lokal Sekunder,637,4057 - JL. BISMO
1000,0+800,0+900,Lokal Primer,638,4001 - JL. PATIMURA
1000,0+000,0+100,Lokal Primer,639,4001 - JL. PATIMURA
1000,0+100,0+200,Lokal Primer,64,4001 - JL. PATIMURA
1000,0+200,0+300,Lokal Primer,640,4001 - JL. PATIMURA
1000,0+300,0+400,Lokal Primer,641,4001 - JL. PATIMURA
1000,0+400,0+500,Lokal Primer,642,4001 - JL. PATIMURA
1000,0+500,0+600,Lokal Primer,643,4001 - JL. PATIMURA
1000,0+600,0+700,Lokal Primer,644,4001 - JL. PATIMURA
1000,0+700,0+800,Lokal Primer,645,4001 - JL. PATIMURA
1000,0+900,0+951,Lokal Primer,646,4001 - JL. PATIMURA
1000,0+800,0+900,Lokal Sekunder,647,4211 - JL. PANCA UPAYA
1000,0+000,0+100,Lokal Sekunder,648,4211 - JL. PANCA UPAYA
1000,0+100,0+200,Lokal Sekunder,649,4211 - JL. PANCA UPAYA
1000,0+200,0+300,Lokal Sekunder,65,4211 - JL. PANCA UPAYA
1000,0+300,0+400,Lokal Sekunder,650,4211 - JL. PANCA UPAYA
1000,0+400,0+500,Lokal Sekunder,651,4211 - JL. PANCA UPAYA
1000,0+500,0+600,Lokal Sekunder,652,4211 - JL. PANCA UPAYA
1000,0+600,0+700,Lokal Sekunder,653,4211 - JL. PANCA UPAYA
1000,0+700,0+800,Lokal Sekunder,654,4211 - JL. PANCA UPAYA
1000,0+900,0+961,Lokal Sekunder,655,4211 - JL. PANCA UPAYA
1300,0+800,0+900,Lokal Sekunder,656,4067 - JL. KAKAK TUA
1300,0+000,0+100,Lokal Sekunder,657,4067 - JL. KAKAK TUA
1300,0+100,0+200,Lokal Sekunder,658,4067 - JL. KAKAK TUA
1300,0+200,0+300,Lokal Sekunder,659,4067 - JL. KAKAK TUA
1300,0+300,0+400,Lokal Sekunder,66,4067 - JL. KAKAK TUA
1300,0+400,0+500,Lokal Sekunder,660,4067 - JL. KAKAK TUA
1300,0+500,0+600,Lokal Sekunder,661,4067 - JL. KAKAK TUA
1300,0+600,0+700,Lokal Sekunder,662,4067 - JL. KAKAK TUA
1300,0+700,0+800,Lokal Sekunder,663,4067 - JL. KAKAK TUA
1300,0+900,0+980,Lokal Sekunder,664,4067 - JL. KAKAK TUA
1600,0+000,0+100,Lokal Sekunder,665,4064 - JL. CAKRANINGRAT
1600,0+100,0+200,Lokal Sekunder,666,4064 - JL. CAKRANINGRAT
1600,0+200,0+300,Lokal Sekunder,667,4064 - JL. CAKRANINGRAT
1600,0+300,0+400,Lokal Sekunder,668,4064 - JL. CAKRANINGRAT
1600,0+400,0+500,Lokal Sekunder,669,4064 - JL. CAKRANINGRAT
1600,0+500,0+600,Lokal Sekunder,67,4064 - JL. CAKRANINGRAT
1600,0+600,0+700,Lokal Sekunder,670,4064 - JL. CAKRANINGRAT
1600,0+700,0+800,Lokal Sekunder,671,4064 - JL. CAKRANINGRAT
1600,0+800,0+900,Lokal Sekunder,672,4064 - JL. CAKRANINGRAT
1600,0+900,1+000,Lokal Sekunder,673,4064 - JL. CAKRANINGRAT
1600,1+000,1+026,Lokal Sekunder,674,4064 - JL. CAKRANINGRAT
1400,0+900,1+000,Lokal Primer,675,4005 - JL. SINGOLUDRO
1400,0+000,0+100,Lokal Primer,676,4005 - JL. SINGOLUDRO
1400,0+100,0+200,Lokal Primer,677,4005 - JL. SINGOLUDRO
1400,0+200,0+300,Lokal Primer,678,4005 - JL. SINGOLUDRO
1400,0+300,0+400,Lokal Primer,679,4005 - JL. SINGOLUDRO
1400,0+400,0+500,Lokal Primer,68,4005 - JL. SINGOLUDRO
1400,0+500,0+600,Lokal Primer,680,4005 - JL. SINGOLUDRO
1400,0+600,0+700,Lokal Primer,681,4005 - JL. SINGOLUDRO
1400,0+700,0+800,Lokal Primer,682,4005 - JL. SINGOLUDRO
1400,0+800,0+900,Lokal Primer,683,4005 - JL. SINGOLUDRO
1400,1+000,1+075,Lokal Primer,684,4005 - JL. SINGOLUDRO
1080,0+900,1+000,Lokal Sekunder,685,4314 - JL. KANAL TIMUR
1080,0+000,0+100,Lokal Sekunder,686,4314 - JL. KANAL TIMUR
1080,0+100,0+200,Lokal Sekunder,687,4314 - JL. KANAL TIMUR
1080,0+200,0+300,Lokal Sekunder,688,4314 - JL. KANAL TIMUR
1080,0+300,0+400,Lokal Sekunder,689,4314 - JL. KANAL TIMUR
1080,0+400,0+500,Lokal Sekunder,69,4314 - JL. KANAL TIMUR
1080,0+500,0+600,Lokal Sekunder,690,4314 - JL. KANAL TIMUR
1080,0+600,0+700,Lokal Sekunder,691,4314 - JL. KANAL TIMUR
1080,0+700,0+800,Lokal Sekunder,692,4314 - JL. KANAL TIMUR
1080,0+800,0+900,Lokal Sekunder,693,4314 - JL. KANAL TIMUR
1080,1+000,1+094,Lokal Sekunder,694,4314 - JL. KANAL TIMUR
1300,1+000,1+100,Lokal Sekunder,695,4239 - JL. MONTIKAN
1300,0+000,0+100,Lokal Sekunder,696,4239 - JL. MONTIKAN
1300,0+100,0+200,Lokal Sekunder,697,4239 - JL. MONTIKAN
1300,0+200,0+300,Lokal Sekunder,698,4239 - JL. MONTIKAN
1300,0+300,0+400,Lokal Sekunder,699,4239 - JL. MONTIKAN
1300,0+400,0+500,Lokal Sekunder,7,4239 - JL. MONTIKAN
1300,0+500,0+600,Lokal Sekunder,70,4239 - JL. MONTIKAN
1300,0+600,0+700,Lokal Sekunder,700,4239 - JL. MONTIKAN
1300,0+700,0+800,Lokal Sekunder,701,4239 - JL. MONTIKAN
1300,0+800,0+900,Lokal Sekunder,702,4239 - JL. MONTIKAN
1300,0+900,1+000,Lokal Sekunder,703,4239 - JL. MONTIKAN
1300,1+100,1+105,Lokal Sekunder,704,4239 - JL. MONTIKAN
2500,1+000,1+100,Lokal Sekunder,705,4202 - JL. JANOKO
2500,0+000,0+100,Lokal Sekunder,706,4202 - JL. JANOKO
2500,0+100,0+200,Lokal Sekunder,707,4202 - JL. JANOKO
2500,0+200,0+300,Lokal Sekunder,708,4202 - JL. JANOKO
2500,0+300,0+400,Lokal Sekunder,709,4202 - JL. JANOKO
2500,0+400,0+500,Lokal Sekunder,71,4202 - JL. JANOKO
2500,0+500,0+600,Lokal Sekunder,710,4202 - JL. JANOKO
2500,0+600,0+700,Lokal Sekunder,711,4202 - JL. JANOKO
2500,0+700,0+800,Lokal Sekunder,712,4202 - JL. JANOKO
2500,0+800,0+900,Lokal Sekunder,713,4202 - JL. JANOKO
2500,0+900,1+000,Lokal Sekunder,714,4202 - JL. JANOKO
2500,1+100,1+132,Lokal Sekunder,715,4202 - JL. JANOKO
1600,1+000,1+100,Lokal Sekunder,716,4210 - JL. NGRAWAN I
1600,0+000,0+100,Lokal Sekunder,717,4210 - JL. NGRAWAN I
1600,0+100,0+200,Lokal Sekunder,718,4210 - JL. NGRAWAN I
1600,0+200,0+300,Lokal Sekunder,719,4210 - JL. NGRAWAN I
1600,0+300,0+400,Lokal Sekunder,72,4210 - JL. NGRAWAN I
1600,0+400,0+500,Lokal Sekunder,720,4210 - JL. NGRAWAN I
1600,0+500,0+600,Lokal Sekunder,721,4210 - JL. NGRAWAN I
1600,0+600,0+700,Lokal Sekunder,722,4210 - JL. NGRAWAN I
1600,0+700,0+800,Lokal Sekunder,723,4210 - JL. NGRAWAN I
1600,0+800,0+900,Lokal Sekunder,724,4210 - JL. NGRAWAN I
1600,0+900,1+000,Lokal Sekunder,725,4210 - JL. NGRAWAN I
1600,1+100,1+155,Lokal Sekunder,726,4210 - JL. NGRAWAN I
1150,1+000,1+100,Lokal Primer,727,4004 - JL. DIPONEGORO
1150,0+000,0+100,Lokal Primer,728,4004 - JL. DIPONEGORO
1150,0+100,0+200,Lokal Primer,729,4004 - JL. DIPONEGORO
1150,0+200,0+300,Lokal Primer,73,4004 - JL. DIPONEGORO
1150,0+300,0+400,Lokal Primer,730,4004 - JL. DIPONEGORO
1150,0+400,0+500,Lokal Primer,731,4004 - JL. DIPONEGORO
1150,0+500,0+600,Lokal Primer,732,4004 - JL. DIPONEGORO
1150,0+600,0+700,Lokal Primer,733,4004 - JL. DIPONEGORO
1150,0+700,0+800,Lokal Primer,734,4004 - JL. DIPONEGORO
1150,0+800,0+900,Lokal Primer,735,4004 - JL. DIPONEGORO
1150,0+900,1+000,Lokal Primer,736,4004 - JL. DIPONEGORO
1150,1+100,1+170,Lokal Primer,737,4004 - JL. DIPONEGORO
1500,1+100,1+200,Lokal Sekunder,738,4238 - JL. TEGAL ASRI
1500,0+000,0+100,Lokal Sekunder,739,4238 - JL. TEGAL ASRI
1500,0+100,0+200,Lokal Sekunder,74,4238 - JL. TEGAL ASRI
1500,0+200,0+300,Lokal Sekunder,740,4238 - JL. TEGAL ASRI
1500,0+300,0+400,Lokal Sekunder,741,4238 - JL. TEGAL ASRI
1500,0+400,0+500,Lokal Sekunder,742,4238 - JL. TEGAL ASRI
1500,0+500,0+600,Lokal Sekunder,743,4238 - JL. TEGAL ASRI
1500,0+600,0+700,Lokal Sekunder,744,4238 - JL. TEGAL ASRI
1500,0+700,0+800,Lokal Sekunder,745,4238 - JL. TEGAL ASRI
1500,0+800,0+900,Lokal Sekunder,746,4238 - JL. TEGAL ASRI
1500,0+900,1+000,Lokal Sekunder,747,4238 - JL. TEGAL ASRI
1500,1+000,1+100,Lokal Sekunder,748,4238 - JL. TEGAL ASRI
1500,1+200,1+210,Lokal Sekunder,749,4238 - JL. TEGAL ASRI
1400,1+100,1+200,Lokal Sekunder,75,4247 - JL. NOGO
1400,0+000,0+100,Lokal Sekunder,750,4247 - JL. NOGO
1400,0+100,0+200,Lokal Sekunder,751,4247 - JL. NOGO
1400,0+200,0+300,Lokal Sekunder,752,4247 - JL. NOGO
1400,0+300,0+400,Lokal Sekunder,753,4247 - JL. NOGO
1400,0+400,0+500,Lokal Sekunder,754,4247 - JL. NOGO
1400,0+500,0+600,Lokal Sekunder,755,4247 - JL. NOGO
1400,0+600,0+700,Lokal Sekunder,756,4247 - JL. NOGO
1400,0+700,0+800,Lokal Sekunder,757,4247 - JL. NOGO
1400,0+800,0+900,Lokal Sekunder,758,4247 - JL. NOGO
1400,0+900,1+000,Lokal Sekunder,759,4247 - JL. NOGO
1400,1+000,1+100,Lokal Sekunder,76,4247 - JL. NOGO
1400,1+200,1+240,Lokal Sekunder,760,4247 - JL. NOGO
1200,1+100,1+200,Lokal Sekunder,761,4073 - JL SUHADA HAJI
1200,0+000,0+100,Lokal Sekunder,762,4073 - JL SUHADA HAJI
1200,0+100,0+200,Lokal Sekunder,763,4073 - JL SUHADA HAJI
1200,0+200,0+300,Lokal Sekunder,764,4073 - JL SUHADA HAJI
1200,0+300,0+400,Lokal Sekunder,765,4073 - JL SUHADA HAJI
1200,0+400,0+500,Lokal Sekunder,766,4073 - JL SUHADA HAJI
1200,0+500,0+600,Lokal Sekunder,767,4073 - JL SUHADA HAJI
1200,0+600,0+700,Lokal Sekunder,768,4073 - JL SUHADA HAJI
1200,0+700,0+800,Lokal Sekunder,769,4073 - JL SUHADA HAJI
1200,0+800,0+900,Lokal Sekunder,77,4073 - JL SUHADA HAJI
1200,0+900,1+000,Lokal Sekunder,770,4073 - JL SUHADA HAJI
1200,1+000,1+100,Lokal Sekunder,771,4073 - JL SUHADA HAJI
1200,1+200,1+273,Lokal Sekunder,772,4073 - JL SUHADA HAJI
300,1+100,1+200,Lokal Sekunder,773,4068 - JL. KARANGLO I
300,0+000,0+100,Lokal Sekunder,774,4068 - JL. KARANGLO I
300,0+100,0+200,Lokal Sekunder,775,4068 - JL. KARANGLO I
300,0+200,0+300,Lokal Sekunder,776,4068 - JL. KARANGLO I
300,0+300,0+400,Lokal Sekunder,777,4068 - JL. KARANGLO I
300,0+400,0+500,Lokal Sekunder,778,4068 - JL. KARANGLO I
300,0+500,0+600,Lokal Sekunder,779,4068 - JL. KARANGLO I
300,0+600,0+700,Lokal Sekunder,78,4068 - JL. KARANGLO I
300,0+700,0+800,Lokal Sekunder,780,4068 - JL. KARANGLO I
300,0+800,0+900,Lokal Sekunder,781,4068 - JL. KARANGLO I
300,0+900,1+000,Lokal Sekunder,782,4068 - JL. KARANGLO I
300,1+000,1+100,Lokal Sekunder,783,4068 - JL. KARANGLO I
300,1+200,1+276,Lokal Sekunder,784,4068 - JL. KARANGLO I
1400,0+000,0+100,Lokal Sekunder,785,4212 - JL. JEBLOK
1400,0+100,0+200,Lokal Sekunder,786,4212 - JL. JEBLOK
1400,0+200,0+300,Lokal Sekunder,787,4212 - JL. JEBLOK
1400,0+300,0+400,Lokal Sekunder,788,4212 - JL. JEBLOK
1400,0+400,0+500,Lokal Sekunder,789,4212 - JL. JEBLOK
1400,0+500,0+600,Lokal Sekunder,79,4212 - JL. JEBLOK
1400,0+600,0+700,Lokal Sekunder,790,4212 - JL. JEBLOK
1400,0+700,0+800,Lokal Sekunder,791,4212 - JL. JEBLOK
1400,0+800,0+900,Lokal Sekunder,792,4212 - JL. JEBLOK
1400,0+900,1+000,Lokal Sekunder,793,4212 - JL. JEBLOK
1400,1+000,1+100,Lokal Sekunder,794,4212 - JL. JEBLOK
1400,1+100,1+200,Lokal Sekunder,795,4212 - JL. JEBLOK
1400,1+300,1+306,Lokal Sekunder,796,4212 - JL. JEBLOK
1400,1+200,1+300,Lokal Sekunder,797,4212 - JL. JEBLOK
2000,1+200,1+300,Lokal Sekunder,798,4201 - JL. NGAGEL
2000,0+000,0+100,Lokal Sekunder,799,4201 - JL. NGAGEL
2000,0+100,0+200,Lokal Sekunder,8,4201 - JL. NGAGEL
2000,0+200,0+300,Lokal Sekunder,80,4201 - JL. NGAGEL
2000,0+300,0+400,Lokal Sekunder,800,4201 - JL. NGAGEL
2000,0+400,0+500,Lokal Sekunder,801,4201 - JL. NGAGEL
2000,0+500,0+600,Lokal Sekunder,802,4201 - JL. NGAGEL
2000,0+600,0+700,Lokal Sekunder,803,4201 - JL. NGAGEL
2000,0+700,0+800,Lokal Sekunder,804,4201 - JL. NGAGEL
2000,0+800,0+900,Lokal Sekunder,805,4201 - JL. NGAGEL
2000,0+900,1+000,Lokal Sekunder,806,4201 - JL. NGAGEL
2000,1+000,1+100,Lokal Sekunder,807,4201 - JL. NGAGEL
2000,1+100,1+200,Lokal Sekunder,808,4201 - JL. NGAGEL
2000,1+300,1+325,Lokal Sekunder,809,4201 - JL. NGAGEL
1100,1+300,1+400,Lokal Sekunder,81,4208 - JL. NGRAWAN II
1100,0+000,0+100,Lokal Sekunder,810,4208 - JL. NGRAWAN II
1100,0+100,0+200,Lokal Sekunder,811,4208 - JL. NGRAWAN II
1100,0+200,0+300,Lokal Sekunder,812,4208 - JL. NGRAWAN II
1100,0+300,0+400,Lokal Sekunder,813,4208 - JL. NGRAWAN II
1100,0+400,0+500,Lokal Sekunder,814,4208 - JL. NGRAWAN II
1100,0+500,0+600,Lokal Sekunder,815,4208 - JL. NGRAWAN II
1100,0+600,0+700,Lokal Sekunder,816,4208 - JL. NGRAWAN II
1100,0+700,0+800,Lokal Sekunder,817,4208 - JL. NGRAWAN II
1100,0+800,0+900,Lokal Sekunder,818,4208 - JL. NGRAWAN II
1100,0+900,1+000,Lokal Sekunder,819,4208 - JL. NGRAWAN II
1100,1+000,1+100,Lokal Sekunder,82,4208 - JL. NGRAWAN II
1100,1+100,1+200,Lokal Sekunder,820,4208 - JL. NGRAWAN II
1100,1+200,1+300,Lokal Sekunder,821,4208 - JL. NGRAWAN II
1100,1+400,1+400,Lokal Sekunder,822,4208 - JL. NGRAWAN II
1300,1+300,"1+400
",Lokal Sekunder,823,4244 - JL. AGUS SALIM
1300,0+000,0+100,Lokal Sekunder,824,4244 - JL. AGUS SALIM
1300,0+100,0+200,Lokal Sekunder,825,4244 - JL. AGUS SALIM
1300,0+200,0+300,Lokal Sekunder,826,4244 - JL. AGUS SALIM
1300,0+300,0+400,Lokal Sekunder,827,4244 - JL. AGUS SALIM
1300,0+400,0+500,Lokal Sekunder,828,4244 - JL. AGUS SALIM
1300,0+500,0+600,Lokal Sekunder,829,4244 - JL. AGUS SALIM
1300,0+600,0+700,Lokal Sekunder,83,4244 - JL. AGUS SALIM
1300,0+700,0+800,Lokal Sekunder,830,4244 - JL. AGUS SALIM
1300,0+800,0+900,Lokal Sekunder,831,4244 - JL. AGUS SALIM
1300,0+900,1+000,Lokal Sekunder,832,4244 - JL. AGUS SALIM
1300,1+000,1+100,Lokal Sekunder,833,4244 - JL. AGUS SALIM
1300,1+100,1+200,Lokal Sekunder,834,4244 - JL. AGUS SALIM
1300,1+200,1+300,Lokal Sekunder,835,4244 - JL. AGUS SALIM
1300,1+400,1+497,Lokal Sekunder,836,4244 - JL. AGUS SALIM
2500,1+400,1+500,Lokal Sekunder,837,4217 - JL. TEGAL ARUM
2500,0+000,0+100,Lokal Sekunder,838,4217 - JL. TEGAL ARUM
2500,0+100,0+200,Lokal Sekunder,839,4217 - JL. TEGAL ARUM
2500,0+200,0+300,Lokal Sekunder,84,4217 - JL. TEGAL ARUM
2500,0+300,0+400,Lokal Sekunder,840,4217 - JL. TEGAL ARUM
2500,0+400,0+500,Lokal Sekunder,841,4217 - JL. TEGAL ARUM
2500,0+500,0+600,Lokal Sekunder,842,4217 - JL. TEGAL ARUM
2500,0+600,0+700,Lokal Sekunder,843,4217 - JL. TEGAL ARUM
2500,0+700,0+800,Lokal Sekunder,844,4217 - JL. TEGAL ARUM
2500,0+800,0+900,Lokal Sekunder,845,4217 - JL. TEGAL ARUM
2500,0+900,1+000,Lokal Sekunder,846,4217 - JL. TEGAL ARUM
2500,1+000,1+100,Lokal Sekunder,847,4217 - JL. TEGAL ARUM
2500,1+100,1+200,Lokal Sekunder,848,4217 - JL. TEGAL ARUM
2500,1+200,1+300,Lokal Sekunder,849,4217 - JL. TEGAL ARUM
2500,1+300,1+400,Lokal Sekunder,85,4217 - JL. TEGAL ARUM
2500,1+500,1+552,Lokal Sekunder,850,4217 - JL. TEGAL ARUM
1650,1+400,1+500,Lokal Primer,851,4003 - JL. S. TENDEAN
1650,0+000,0+100,Lokal Primer,852,4003 - JL. S. TENDEAN
1650,0+100,0+200,Lokal Primer,853,4003 - JL. S. TENDEAN
1650,0+200,0+300,Lokal Primer,854,4003 - JL. S. TENDEAN
1650,0+300,0+400,Lokal Primer,855,4003 - JL. S. TENDEAN
1650,0+400,0+500,Lokal Primer,856,4003 - JL. S. TENDEAN
1650,0+500,0+600,Lokal Primer,857,4003 - JL. S. TENDEAN
1650,0+600,0+700,Lokal Primer,858,4003 - JL. S. TENDEAN
1650,0+700,0+800,Lokal Primer,859,4003 - JL. S. TENDEAN
1650,0+800,0+900,Lokal Primer,86,4003 - JL. S. TENDEAN
1650,0+900,1+000,Lokal Primer,860,4003 - JL. S. TENDEAN
1650,1+000,1+100,Lokal Primer,861,4003 - JL. S. TENDEAN
1650,1+100,1+200,Lokal Primer,862,4003 - JL. S. TENDEAN
1650,1+200,1+300,Lokal Primer,863,4003 - JL. S. TENDEAN
1650,1+300,1+400,Lokal Primer,864,4003 - JL. S. TENDEAN
1650,1+500,1+577,Lokal Primer,865,4003 - JL. S. TENDEAN
2100,1+500,1+600,Lokal Primer,866,4007 - JL. MT. HARYONO
2100,0+000,0+100,Lokal Primer,867,4007 - JL. MT. HARYONO
2100,0+100,0+200,Lokal Primer,868,4007 - JL. MT. HARYONO
2100,0+200,0+300,Lokal Primer,869,4007 - JL. MT. HARYONO
2100,0+300,0+400,Lokal Primer,87,4007 - JL. MT. HARYONO
2100,0+400,0+500,Lokal Primer,870,4007 - JL. MT. HARYONO
2100,0+500,0+600,Lokal Primer,871,4007 - JL. MT. HARYONO
2100,0+600,0+700,Lokal Primer,872,4007 - JL. MT. HARYONO
2100,0+700,0+800,Lokal Primer,873,4007 - JL. MT. HARYONO
2100,0+800,0+900,Lokal Primer,874,4007 - JL. MT. HARYONO
2100,0+900,1+000,Lokal Primer,875,4007 - JL. MT. HARYONO
2100,1+000,1+100,Lokal Primer,876,4007 - JL. MT. HARYONO
2100,1+100,1+200,Lokal Primer,877,4007 - JL. MT. HARYONO
2100,1+200,1+300,Lokal Primer,878,4007 - JL. MT. HARYONO
2100,1+300,1+400,Lokal Primer,879,4007 - JL. MT. HARYONO
2100,1+400,1+500,Lokal Primer,88,4007 - JL. MT. HARYONO
2100,1+600,1+625,Lokal Primer,880,4007 - JL. MT. HARYONO
1900,1+700,1+800,Lokal Sekunder,881,4203 - JL. SEDAH
1900,0+000,0+100,Lokal Sekunder,882,4203 - JL. SEDAH
1900,0+100,0+200,Lokal Sekunder,883,4203 - JL. SEDAH
1900,0+200,0+300,Lokal Sekunder,884,4203 - JL. SEDAH
1900,0+300,0+400,Lokal Sekunder,885,4203 - JL. SEDAH
1900,0+400,0+500,Lokal Sekunder,886,4203 - JL. SEDAH
1900,0+500,0+600,Lokal Sekunder,887,4203 - JL. SEDAH
1900,0+600,0+700,Lokal Sekunder,888,4203 - JL. SEDAH
1900,0+700,0+800,Lokal Sekunder,889,4203 - JL. SEDAH
1900,0+800,0+900,Lokal Sekunder,89,4203 - JL. SEDAH
1900,0+900,1+000,Lokal Sekunder,890,4203 - JL. SEDAH
1900,1+000,1+100,Lokal Sekunder,891,4203 - JL. SEDAH
1900,1+100,1+200,Lokal Sekunder,892,4203 - JL. SEDAH
1900,1+200,1+300,Lokal Sekunder,893,4203 - JL. SEDAH
1900,1+300,1+400,Lokal Sekunder,894,4203 - JL. SEDAH
1900,1+400,1+500,Lokal Sekunder,895,4203 - JL. SEDAH
1900,1+500,1+600,Lokal Sekunder,896,4203 - JL. SEDAH
1900,1+600,1+700,Lokal Sekunder,897,4203 - JL. SEDAH
1900,1+800,1+862,Lokal Sekunder,898,4203 - JL. SEDAH
1900,1+900,2+000,Lokal Sekunder,899,4039 - JL. KUNTO
1900,0+000,0+100,Lokal Sekunder,9,4039 - JL. KUNTO
1900,0+100,0+200,Lokal Sekunder,90,4039 - JL. KUNTO
1900,0+200,0+300,Lokal Sekunder,900,4039 - JL. KUNTO
1900,0+300,0+400,Lokal Sekunder,901,4039 - JL. KUNTO
1900,0+400,0+500,Lokal Sekunder,902,4039 - JL. KUNTO
1900,0+500,0+600,Lokal Sekunder,903,4039 - JL. KUNTO
1900,0+600,0+700,Lokal Sekunder,904,4039 - JL. KUNTO
1900,0+700,0+800,Lokal Sekunder,905,4039 - JL. KUNTO
1900,0+800,0+900,Lokal Sekunder,906,4039 - JL. KUNTO
1900,0+900,1+000,Lokal Sekunder,907,4039 - JL. KUNTO
1900,1+000,1+100,Lokal Sekunder,908,4039 - JL. KUNTO
1900,1+100,1+200,Lokal Sekunder,909,4039 - JL. KUNTO
1900,1+200,1+300,Lokal Sekunder,91,4039 - JL. KUNTO
1900,1+300,1+400,Lokal Sekunder,910,4039 - JL. KUNTO
1900,1+400,1+500,Lokal Sekunder,911,4039 - JL. KUNTO
1900,1+500,1+600,Lokal Sekunder,912,4039 - JL. KUNTO
1900,1+600,1+700,Lokal Sekunder,913,4039 - JL. KUNTO
1900,1+700,1+800,Lokal Sekunder,914,4039 - JL. KUNTO
1900,1+800,1+900,Lokal Sekunder,915,4039 - JL. KUNTO
1900,2+000,2+048,Lokal Sekunder,916,4039 - JL. KUNTO
2100,1+900,2+000,Lokal Sekunder,917,4214 - JL. PANJANG PUNJUNG
2100,0+000,0+100,Lokal Sekunder,918,4214 - JL. PANJANG PUNJUNG
2100,0+100,0+200,Lokal Sekunder,919,4214 - JL. PANJANG PUNJUNG
2100,0+200,0+300,Lokal Sekunder,92,4214 - JL. PANJANG PUNJUNG
2100,0+300,0+400,Lokal Sekunder,920,4214 - JL. PANJANG PUNJUNG
2100,0+400,0+500,Lokal Sekunder,921,4214 - JL. PANJANG PUNJUNG
2100,0+500,0+600,Lokal Sekunder,922,4214 - JL. PANJANG PUNJUNG
2100,0+600,0+700,Lokal Sekunder,923,4214 - JL. PANJANG PUNJUNG
2100,0+700,0+800,Lokal Sekunder,924,4214 - JL. PANJANG PUNJUNG
2100,0+800,0+900,Lokal Sekunder,925,4214 - JL. PANJANG PUNJUNG
2100,0+900,1+000,Lokal Sekunder,926,4214 - JL. PANJANG PUNJUNG
2100,1+000,1+100,Lokal Sekunder,927,4214 - JL. PANJANG PUNJUNG
2100,1+100,1+200,Lokal Sekunder,928,4214 - JL. PANJANG PUNJUNG
2100,1+200,1+300,Lokal Sekunder,929,4214 - JL. PANJANG PUNJUNG
2100,1+300,1+400,Lokal Sekunder,93,4214 - JL. PANJANG PUNJUNG
2100,1+400,1+500,Lokal Sekunder,930,4214 - JL. PANJANG PUNJUNG
2100,1+500,1+600,Lokal Sekunder,931,4214 - JL. PANJANG PUNJUNG
2100,1+600,1+700,Lokal Sekunder,932,4214 - JL. PANJANG PUNJUNG
2100,1+700,1+800,Lokal Sekunder,933,4214 - JL. PANJANG PUNJUNG
2100,1+800,1+900,Lokal Sekunder,934,4214 - JL. PANJANG PUNJUNG
2100,2+000,2+074,Lokal Sekunder,935,4214 - JL. PANJANG PUNJUNG
2000,2+100,2+200,Lokal Sekunder,936,4230 - JL. WAHID HASYIM
2000,0+000,0+100,Lokal Sekunder,937,4230 - JL. WAHID HASYIM
2000,0+100,0+200,Lokal Sekunder,938,4230 - JL. WAHID HASYIM
2000,0+200,0+300,Lokal Sekunder,939,4230 - JL. WAHID HASYIM
2000,0+300,0+400,Lokal Sekunder,94,4230 - JL. WAHID HASYIM
2000,0+400,0+500,Lokal Sekunder,940,4230 - JL. WAHID HASYIM
2000,0+500,0+600,Lokal Sekunder,941,4230 - JL. WAHID HASYIM
2000,0+600,0+700,Lokal Sekunder,942,4230 - JL. WAHID HASYIM
2000,0+700,0+800,Lokal Sekunder,943,4230 - JL. WAHID HASYIM
2000,0+800,0+900,Lokal Sekunder,944,4230 - JL. WAHID HASYIM
2000,0+900,1+000,Lokal Sekunder,945,4230 - JL. WAHID HASYIM
2000,1+000,1+100,Lokal Sekunder,946,4230 - JL. WAHID HASYIM
2000,1+100,1+200,Lokal Sekunder,947,4230 - JL. WAHID HASYIM
2000,1+200,1+300,Lokal Sekunder,948,4230 - JL. WAHID HASYIM
2000,1+300,1+400,Lokal Sekunder,949,4230 - JL. WAHID HASYIM
2000,1+400,1+500,Lokal Sekunder,95,4230 - JL. WAHID HASYIM
2000,1+500,1+600,Lokal Sekunder,950,4230 - JL. WAHID HASYIM
2000,1+600,1+700,Lokal Sekunder,951,4230 - JL. WAHID HASYIM
2000,1+700,1+800,Lokal Sekunder,952,4230 - JL. WAHID HASYIM
2000,1+800,1+900,Lokal Sekunder,953,4230 - JL. WAHID HASYIM
2000,1+900,2+000,Lokal Sekunder,954,4230 - JL. WAHID HASYIM
2000,2+000,2+100,Lokal Sekunder,955,4230 - JL. WAHID HASYIM
2000,2+200,2+271,Lokal Sekunder,956,4230 - JL. WAHID HASYIM
2500,2+200,2+300,Lokal Sekunder,957,4207 - JL. TEGALREJO
2500,0+000,0+100,Lokal Sekunder,958,4207 - JL. TEGALREJO
2500,0+100,0+200,Lokal Sekunder,959,4207 - JL. TEGALREJO
2500,0+200,0+300,Lokal Sekunder,96,4207 - JL. TEGALREJO
2500,0+300,0+400,Lokal Sekunder,960,4207 - JL. TEGALREJO
2500,0+400,0+500,Lokal Sekunder,961,4207 - JL. TEGALREJO
2500,0+500,0+600,Lokal Sekunder,962,4207 - JL. TEGALREJO
2500,0+600,0+700,Lokal Sekunder,963,4207 - JL. TEGALREJO
2500,0+700,0+800,Lokal Sekunder,964,4207 - JL. TEGALREJO
2500,0+800,0+900,Lokal Sekunder,965,4207 - JL. TEGALREJO
2500,0+900,1+000,Lokal Sekunder,966,4207 - JL. TEGALREJO
2500,1+000,1+100,Lokal Sekunder,967,4207 - JL. TEGALREJO
2500,1+100,1+200,Lokal Sekunder,968,4207 - JL. TEGALREJO
2500,1+200,1+300,Lokal Sekunder,969,4207 - JL. TEGALREJO
2500,1+300,1+400,Lokal Sekunder,97,4207 - JL. TEGALREJO
2500,1+400,1+500,Lokal Sekunder,970,4207 - JL. TEGALREJO
2500,1+500,1+600,Lokal Sekunder,971,4207 - JL. TEGALREJO
2500,1+600,1+700,Lokal Sekunder,972,4207 - JL. TEGALREJO
2500,1+700,1+800,Lokal Sekunder,973,4207 - JL. TEGALREJO
2500,1+800,1+900,Lokal Sekunder,974,4207 - JL. TEGALREJO
2500,1+900,2+000,Lokal Sekunder,975,4207 - JL. TEGALREJO
2500,2+000,2+100,Lokal Sekunder,976,4207 - JL. TEGALREJO
2500,2+100,2+200,Lokal Sekunder,977,4207 - JL. TEGALREJO
2500,2+300,2+332,Lokal Sekunder,978,4207 - JL. TEGALREJO
2000,2+200,2+300,Lokal Sekunder,979,4098 - JL. JUANDA
2000,0+000,0+100,Lokal Sekunder,98,4098 - JL. JUANDA
2000,0+100,0+200,Lokal Sekunder,980,4098 - JL. JUANDA
2000,0+200,0+300,Lokal Sekunder,981,4098 - JL. JUANDA
2000,0+300,0+400,Lokal Sekunder,982,4098 - JL. JUANDA
2000,0+400,0+500,Lokal Sekunder,983,4098 - JL. JUANDA
2000,0+500,0+600,Lokal Sekunder,984,4098 - JL. JUANDA
2000,0+600,0+700,Lokal Sekunder,985,4098 - JL. JUANDA
2000,0+700,0+800,Lokal Sekunder,986,4098 - JL. JUANDA
2000,0+800,0+900,Lokal Sekunder,987,4098 - JL. JUANDA
2000,0+900,1+000,Lokal Sekunder,988,4098 - JL. JUANDA
2000,1+000,1+100,Lokal Sekunder,989,4098 - JL. JUANDA
2000,1+100,1+200,Lokal Sekunder,99,4098 - JL. JUANDA
2000,1+200,1+300,Lokal Sekunder,990,4098 - JL. JUANDA
2000,1+300,1+400,Lokal Sekunder,991,4098 - JL. JUANDA
2000,1+400,1+500,Lokal Sekunder,992,4098 - JL. JUANDA
2000,1+500,1+600,Lokal Sekunder,993,4098 - JL. JUANDA
2000,1+600,1+700,Lokal Sekunder,994,4098 - JL. JUANDA
2000,1+700,1+800,Lokal Sekunder,995,4098 - JL. JUANDA
2000,1+800,1+900,Lokal Sekunder,996,4098 - JL. JUANDA
2000,1+900,2+000,Lokal Sekunder,997,4098 - JL. JUANDA
2000,2+000,2+100,Lokal Sekunder,998,4098 - JL. JUANDA
2000,2+100,2+200,Lokal Sekunder,999,4098 - JL. JUANDA
2000,2+300,2+348,Lokal Sekunder,No,4098 - JL. JUANDA
