FID;Name;Panjang;STA_AWAL;STA_AKHIR;Kondisi;Tipe_Perke;Lebar_STA
1;4001 - JL. PATIMURA;951,29985818500;0+800;0+900;baik ;aspal;6
2;4002 - JL. LETJEN SUTOYO;767,04205801200;0+600;0+700;baik ;aspal;6
3;4003 - JL. S. TENDEAN;1577,94351783000;1+400;1+500;baik ;aspal;6
4;4004 - JL. DIPONEGORO;1170,07889407000;1+000;1+100;baik ;aspal;6
5;4005 - JL. SINGOLUDRO;1075,21828042000;0+900;1+000;baik ;aspal;6
6;4006 - JL. KOL. MARHADI;695,28340880500;0+500;0+600;baik ;aspal;6
7;4007 - JL. MT. HARYONO;1625,38510805000;1+500;1+600;baik ;aspal;6
8;4008 - JL. H. AGUS SALIM;696,67154366900;0+500;0+600;baik ;aspal;6
9;4009 - JL. FLAMBOYAN;444,84859355300;0+300;0+400;baik ;aspal;6
10;4010 - JL. DAHLIA;118,46596733600;0+100;0+118;baik ;aspal;6
11;4011 - JL. NUSA INDAH;436,39962923100;0+300;0+400;baik ;aspal;6
12;4012 - JL. KENANGA;430,16901950000;0+300;0+400;baik ;aspal;6
13;4013 - JL. ANGGREK;455,82925345400;0+300;0+400;baik ;aspal;6
14;4014 - JL. CEMPAKA;648,53833525500;0+500;0+600;baik ;aspal;6
15;4015 - JL. TANJUNG;205,79138812700;0+100;0+200;baik ;aspal;6
16;4016 - JL. MELATI;262,26581516300;0+100;0+200;baik ;aspal;6
17;4017 - JL. KEMUNING;553,06629999800;0+400;0+500;baik ;aspal;6
18;4018 - JL. SERUNI;386,64964338000;0+200;0+300;baik ;aspal;6
19;4019 - JL. GARUDA;161,76861117900;0+100;0+161;baik ;aspal;6
20;4020 - JL. DR. SUTOMO;665,14385003500;0+500;0+600;baik ;aspal;6
21;4021 - JL. PENANGGUNGAN;234,47697718200;0+100;0+200;baik ;aspal;6
22;4022 - JL. PANDAN;244,76979559900;0+100;0+200;baik ;aspal;6
23;4023 - JL. SEMERU;270,75358416200;0+100;0+200;baik ;aspal;6
24;4024 - JL. RINJANI;205,55865545300;0+100;0+200;baik ;aspal;6
25;4025 - JL. DIENG;375,20757709400;0+200;0+300;baik ;aspal;6
26;4026 - JL. SERAYU;127,20048371000;0+100;0+127;baik ;aspal;6
27;4027 - JL. CISADANE;122,91038172000;0+100;0+122;baik ;aspal;6
28;4028 - JL. MUSI;369,66270448100;0+200;0+300;baik ;aspal;6
29;4029 - JL. CITARUM;129,89632832300;0+100;0+100;baik ;aspal;6
30;4030 - JL. ANJASMORO;247,23504242600;0+100;0+200;baik ;aspal;6
31;4031 - JL. CILIWUNG;377,66743090000;0+200;0+300;baik ;aspal;6
32;4032 - JL. SINGOLUDRO II;599,56119156300;0+400;0+500;baik ;aspal;6
33;4033 - JL. BOGO;834,24218159800;0+700;0+800;baik ;aspal;6
34;4034 - JL. BOGO II;386,53061591800;0+200;0+300;baik ;aspal;6
35;4035 - JL. KAMBOJA;565,32962159700;0+400;0+500;baik ;aspal;6
36;4036 - JL. SRIGADING;492,11393880600;0+300;0+400;baik ;aspal;6
37;4037 - JL. MELATI I;172,51194191300;0+100;0+172;baik ;aspal;6
38;4038 - JL. MELATI II;263,19516325000;0+100;0+200;baik ;aspal;6
39;4039 - JL. KUNTO;2048,21134482000;1+900;2+000;baik ;aspal;6
40;4040 - JL. YOS SUDARSO;199,60171612600;0+100;0+199;baik ;aspal;6
41;4041 - JL. PRAMBANAN;481,86077505400;0+300;0+400;baik ;aspal;6
42;4042 - JL. BOROBUDUR;474,23355585300;0+300;0+400;baik ;aspal;6
43;4043 - JL. KALASAN;465,17438971600;0+300;0+400;baik ;aspal;6
44;4044 - JL. MENDUT;218,26553446300;0+100;0+200;baik ;aspal;6
45;4045 - JL. SALAK;292,61760449500;0+100;0+200;baik ;aspal;6
46;4046 - JL. MANGGA;228,71491476800;0+100;0+200;baik ;aspal;6
47;4047 - JL. SAWO;187,55837507400;0+100;0+187;baik ;aspal;6
48;4048 - JL. STASIUN TIMUR;240,62255904800;0+100;0+200;baik ;aspal;6
49;4049 - JL. SEMANGKA;353,56320842100;0+200;0+300;baik ;aspal;6
50;4050 - JL. KESEMEK;196,63278516800;0+100;0+196;baik ;aspal;6
51;4051 - JL. ANGGUR;252,72524343500;0+100;0+200;baik ;aspal;6
52;4052 - JL. MANGGIS;260,87935805000;0+100;0+200;baik ;aspal;6
53;4053 - JL. MELON;145,74291885800;0+100;0+145;baik ;aspal;6
54;4054 - JL. SIRSAK;145,68679615400;0+100;0+145;baik ;aspal;6
55;4055 - JL. RAMBUTAN;281,67572800300;0+100;0+200;baik ;aspal;6
56;4056 - JL. JAMBU;361,34822618700;0+200;0+300;baik ;aspal;6
57;4057 - JL. BISMO;876,84216251800;0+700;0+800;baik ;aspal;6
58;4058 - JL. PARIKESIT;782,61647842900;0+600;0+700;baik ;aspal;6
59;4059 - JL. BOLODEWO;371,68072955100;0+200;0+300;baik ;aspal;6
60;4060 - JL. KRESNA;457,14735601400;0+300;0+400;baik ;aspal;6
61;4061 - JL. MARKISA RAJA;609,96038908600;0+500;0+600;baik ;aspal;6
62;4062 - JL. APEL RAJA;212,59714887300;0+100;0+200;baik ;aspal;6
63;4063 - JL. PEPAYA RAJA;211,57021953000;0+100;0+200;baik ;aspal;6
64;4065 - JL. SAWO RAJA;176,87391026000;0+100;0+176;baik ;aspal;6
65;4067 - JL. KAKAK TUA;980,38845641400;0+800;0+900;baik ;aspal;6
66;4068 - JL. KARANGLO I;1278,61304597000;1+100;1+200;baik ;aspal;6
67;4069 - JL. KARANGLO II;128,62837824100;0+100;0+128;baik ;aspal;6
68;4071 - JL. SEMBADA;283,70035586800;0+100;0+200;baik ;aspal;6
69;4072 - JL. KYAI SERANG;241,21844653400;0+100;0+200;baik ;aspal;6
70;4073 - JL SUHADA HAJI;1273,49095589000;1+100;1+200;baik ;aspal;6
71;4074 - JL. KUTILANG;159,41779441000;0+100;0+159;baik ;aspal;6
72;4075 - JL. JL. MANYAR;587,81234804000;0+400;0+500;baik ;aspal;6
73;4076 - JL. S. PARMAN;212,72821791000;0+100;0+200;baik ;aspal;6
74;4077 - JL. PANJAITAN;608,25528260300;0+500;0+600;baik ;aspal;6
75;4078 - JL. SUMATRA;197,59607567900;0+100;0+197;baik ;aspal;6
76;4079 - JL. BALI;89,85126267840;0+000;0+089;baik ;aspal;6
77;4080 - JL. KALIMANTAN;395,86291941400;0+200;0+300;baik ;aspal;6
78;4081 - JL. MADURA;353,75838164800;0+200;0+300;baik ;aspal;6
79;4082 - JL. SULAWESI;192,24043788000;0+100;0+192;baik ;aspal;6
80;4083 - JL. FLORES;95,47079023120;0+000;0+095;baik ;aspal;6
81;4084 - JL. SUMBAWA;212,44624901900;0+100;0+200;baik ;aspal;6
82;4085 - JL. CENDRAWASIH;385,05539182300;0+200;0+300;baik ;aspal;6
83;4086 - JL. RAJAWALI;694,68675667100;0+500;0+600;baik ;aspal;6
84;4087 - JL. MENUR;319,35300893800;0+200;0+300;baik ;aspal;6
85;4088 - JL. NIAS;285,03591913600;0+100;0+200;baik ;aspal;6
86;4089 - JL. KENARI;657,00116993000;0+500;0+600;baik ;aspal;6
87;4090 - JL. PARKIT;291,26954464800;0+100;0+200;baik ;aspal;6
88;4091 - JL. BETET;797,86521984500;0+600;0+700;baik ;aspal;6
89;4092 - JL. SRITI;592,57136006800;0+400;0+500;baik ;aspal;6
90;4094 - JL. CEMPAKA II;128,91534048900;0+100;0+128;baik ;aspal;6
91;4095 - JL. CEMPAKA III;153,06134520100;0+100;0+153;baik ;aspal;6
92;4097 - JL. ANGGREK II;197,97097587100;0+100;0+197;baik ;aspal;6
93;4098 - JL. JUANDA;2348,19164622000;2+200;2+300;baik ;aspal;6
94;4099 - JL. PROGO;678,32983934200;0+500;0+600;baik ;aspal;6
95;4101 - JL. RUSUNAWA;286,27587689900;0+100;0+200;baik ;aspal;6
96;4102 - JL. MERPATI (MEJAYAN);258,00740021800;0+100;0+200;baik ;aspal;6
97;4103 - JL. IRIAN JAYA;439,90107498900;0+300;0+400;baik ;aspal;6
98;4104 - JL. PRAWIRO DIPURAN;360,67387664600;0+200;0+300;baik ;aspal;6
99;4105 - JL. KURMA RAJA;466,72191802300;0+300;0+400;baik ;aspal;6
100;4201 - JL. NGAGEL;1325,85497889000;1+200;1+300;baik ;aspal;6
101;4202 - JL. JANOKO;1132,68715871000;1+000;1+100;baik ;aspal;6
102;4203 - JL. SEDAH;1862,65725332000;1+700;1+800;sedang;aspal;6
103;4204 - JL. SASONO LOYO;521,67098022900;0+400;0+500;sedang;aspal;6
104;4205 - JL. KEBODALEM;531,35360653700;0+400;0+500;sedang;aspal;6
105;4206 - JL. SIDODADI;462,79544994400;0+300;0+400;sedang;aspal;6
106;4207 - JL. TEGALREJO;2332,83407444000;2+200;2+300;sedang;aspal;6
107;4208 - JL. NGRAWAN II;1413,45276358000;1+300;1+400;sedang;aspal;6
108;4209 - JL. KEMANTREN;826,44605615700;0+700;0+800;sedang;aspal;6
109;4210 - JL. NGRAWAN I;1155,42791786000;1+000;1+100;sedang;aspal;6
110;4211 - JL. PANCA UPAYA;961,61411783500;0+800;0+900;sedang;aspal;6
111;4213 - JL. KERTO RAHARJO;585,99744852400;0+400;0+500;sedang;aspal;6
112;4214 - JL. PANJANG PUNJUNG;2074,50368773000;1+900;2+000;sedang;aspal;6
113;4215 - JL. GEMAH RIPAH;712,50898891000;0+600;0+700;sedang;aspal;6
114;4216 - JL. SIDOASIH;361,34353677800;0+200;0+300;sedang;aspal;6
115;4217 - JL. TEGAL ARUM;1552,15940249000;1+400;1+500;sedang;aspal;6
116;4218 - JL. SIDOMUKTI;858,69791372800;0+700;0+800;sedang;aspal;6
117;4219 - JL. SIDOMULYO;748,63588736900;0+600;0+700;sedang;aspal;6
118;4220 - JL. WAKIDUN;204,66535392100;0+100;0+200;sedang;aspal;6
119;4221 - JL. SIDO AGUNG;444,96372360100;0+300;0+400;sedang;aspal;6
120;4222 - JL. PASIR WUKIR;385,24984704800;0+200;0+300;sedang;aspal;6
121;4223 - JL. TOTO TERTIB;413,51647972500;0+300;0+400;sedang;aspal;6
122;4224 - JL. BERBUDI;485,79429328200;0+300;0+400;sedang;aspal;6
123;4225 - JL. JUWET/SURO;434,43253240900;0+300;0+400;sedang;aspal;6
124;4226 - JL. PUNDEN;622,27962137100;0+500;0+600;sedang;aspal;6
125;4227 - JL. PERHUTANI;746,67467471800;0+600;0+700;sedang;aspal;6
126;4228 - JL. M.I. BUNGA BANGSA;725,51840692900;0+600;0+700;sedang;aspal;6
127;4229 - JL. M.I. FARHIN;834,95945907100;0+700;0+800;sedang;aspal;6
128;4230 - JL. WAHID HASYIM;2271,13715372000;2+100;2+200;sedang;aspal;6
129;4231 - JL. COKRO AMINOTO;602,97421387100;0+500;0+600;sedang;aspal;6
130;4232 - JL. TENGKU UMAR;844,32678304000;0+700;0+800;sedang;aspal;6
131;4233 - JL. SANDANG PANGAN;242,68323260700;0+100;0+200;sedang;aspal;6
132;4234 - JL. TOTO TENTREM;508,59464834900;0+400;0+500;sedang;aspal;6
133;4235 - JL. LOHJINAWI;636,14806304800;0+500;0+600;sedang;aspal;6
134;4236 - JL. SANGGRAHAN;863,08723822400;0+700;0+800;sedang;aspal;6
135;4237 - JL. LAPANGAN BERAN;425,09622046500;0+300;0+400;sedang;aspal;6
136;4238 - JL. TEGAL ASRI;1210,69022402000;1+100;1+200;sedang;aspal;6
137;4239 - JL. MONTIKAN;1105,38157050000;1+000;1+100;sedang;aspal;6
138;4240 - JL. DIPONEGORO;773,58497002300;0+600;0+700;sedang;aspal;6
139;4241 - JL. RADEN PATAH;315,44661654300;0+200;0+300;sedang;aspal;6
140;4242 - JL. K.H. MOJO I;413,39363302100;0+300;0+400;sedang;aspal;6
141;4243 - JL. K.H. MOJO II;270,69605066900;0+100;0+200;sedang;aspal;6
142;4244 - JL. AGUS SALIM;1497,33011671000;1+300;"1+400
";sedang;aspal;6
143;4245 - JL. MELATI;357,98665952100;0+200;0+300;sedang;aspal;6
144;4246 - JL. MENUR;613,40238051800;0+500;0+600;sedang;aspal;6
145;4247 - JL. NOGO;1240,61743196000;1+100;1+200;sedang;aspal;6
146;4248 - JL. SAUR;782,66877475000;0+600;0+700;sedang;aspal;6
147;4301 - JL. SUMBERMORO;499,51708759100;0+300;0+400;sedang;aspal;6
148;4302 - JL. SUMBERSAKTI;242,39656392800;0+100;0+200;sedang;aspal;6
149;4303 - JL. KARYAWAN;383,00097081800;0+200;0+300;sedang;aspal;6
150;4304 - JL. SUMBER MAS;323,47411211600;0+200;0+300;sedang;aspal;6
151;4305 - JL. SENDANG BEJI;326,79403212500;0+200;0+300;sedang;aspal;6
152;4306 - JL. BRANJANGAN I/B;258,10697930000;0+100;0+200;sedang;aspal;6
153;4307 - JL. BRANJANGAN I;326,90905547000;0+200;0+300;sedang;aspal;6
154;4308 - JL. SETYA RUKUN;499,86503043400;0+300;0+400;sedang;aspal;6
155;4309 - JL. SERBA GUNA;187,76493032000;0+100;0+187;sedang;aspal;6
156;4310 - JL. EKA BHAKTI;736,05812977500;0+600;0+700;sedang;aspal;6
157;4311 - JL. SWAKARYA;317,36517683600;0+200;0+300;sedang;aspal;6
158;4312 - JL. SWANARDIPA;194,83354163100;0+100;0+194;sedang;aspal;6
159;4313 - JL. SWASEMBADA;263,43414567200;0+100;0+200;sedang;aspal;6
160;4314 - JL. KANAL TIMUR;1094,12449977000;0+900;1+000;sedang;aspal;6
161;4315 - JL. SETYA DARMA;667,64032957900;0+500;0+600;sedang;aspal;6
162;4001 - JL. PATIMURA;951,29985818500;0+000;0+100;sedang;aspal;6
163;4001 - JL. PATIMURA;951,29985818500;0+100;0+200;sedang;aspal;6
164;4001 - JL. PATIMURA;951,29985818500;0+200;0+300;sedang;aspal;6
165;4001 - JL. PATIMURA;951,29985818500;0+300;0+400;sedang;aspal;6
166;4001 - JL. PATIMURA;951,29985818500;0+400;0+500;sedang;aspal;6
167;4001 - JL. PATIMURA;951,29985818500;0+500;0+600;sedang;aspal;6
168;4001 - JL. PATIMURA;951,29985818500;0+600;0+700;sedang;aspal;6
169;4001 - JL. PATIMURA;951,29985818500;0+700;0+800;sedang;aspal;6
170;4001 - JL. PATIMURA;951,29985818500;0+900;0+951;sedang;aspal;6
171;4002 - JL. LETJEN SUTOYO;767,04205801200;0+000;0+100;sedang;aspal;6
172;4002 - JL. LETJEN SUTOYO;767,04205801200;0+100;0+200;sedang;aspal;6
173;4002 - JL. LETJEN SUTOYO;767,04205801200;0+200;0+300;sedang;aspal;6
174;4002 - JL. LETJEN SUTOYO;767,04205801200;0+300;0+400;sedang;aspal;6
175;4002 - JL. LETJEN SUTOYO;767,04205801200;0+400;0+500;sedang;aspal;6
176;4002 - JL. LETJEN SUTOYO;767,04205801200;0+500;0+600;sedang;aspal;6
177;4002 - JL. LETJEN SUTOYO;767,04205801200;0+700;0+767;sedang;aspal;6
178;4003 - JL. S. TENDEAN;1577,94351783000;0+000;0+100;sedang;aspal;6
179;4003 - JL. S. TENDEAN;1577,94351783000;0+100;0+200;sedang;aspal;6
180;4003 - JL. S. TENDEAN;1577,94351783000;0+200;0+300;sedang;aspal;6
181;4003 - JL. S. TENDEAN;1577,94351783000;0+300;0+400;sedang;aspal;6
182;4003 - JL. S. TENDEAN;1577,94351783000;0+400;0+500;sedang;aspal;6
183;4003 - JL. S. TENDEAN;1577,94351783000;0+500;0+600;sedang;aspal;6
184;4003 - JL. S. TENDEAN;1577,94351783000;0+600;0+700;sedang;aspal;6
185;4003 - JL. S. TENDEAN;1577,94351783000;0+700;0+800;sedang;aspal;6
186;4003 - JL. S. TENDEAN;1577,94351783000;0+800;0+900;sedang;aspal;6
187;4003 - JL. S. TENDEAN;1577,94351783000;0+900;1+000;sedang;aspal;6
188;4003 - JL. S. TENDEAN;1577,94351783000;1+000;1+100;sedang;aspal;6
189;4003 - JL. S. TENDEAN;1577,94351783000;1+100;1+200;sedang;aspal;6
190;4003 - JL. S. TENDEAN;1577,94351783000;1+200;1+300;sedang;aspal;6
191;4003 - JL. S. TENDEAN;1577,94351783000;1+300;1+400;sedang;aspal;6
192;4003 - JL. S. TENDEAN;1577,94351783000;1+500;1+577;sedang;aspal;6
193;4004 - JL. DIPONEGORO;1170,07889407000;0+000;0+100;sedang;aspal;6
194;4004 - JL. DIPONEGORO;1170,07889407000;0+100;0+200;sedang;aspal;6
195;4004 - JL. DIPONEGORO;1170,07889407000;0+200;0+300;sedang;aspal;6
196;4004 - JL. DIPONEGORO;1170,07889407000;0+300;0+400;sedang;aspal;6
197;4004 - JL. DIPONEGORO;1170,07889407000;0+400;0+500;sedang;aspal;6
198;4004 - JL. DIPONEGORO;1170,07889407000;0+500;0+600;sedang;aspal;6
199;4004 - JL. DIPONEGORO;1170,07889407000;0+600;0+700;sedang;aspal;6
200;4004 - JL. DIPONEGORO;1170,07889407000;0+700;0+800;sedang;aspal;6
201;4004 - JL. DIPONEGORO;1170,07889407000;0+800;0+900;sedang;aspal;6
202;4004 - JL. DIPONEGORO;1170,07889407000;0+900;1+000;sedang;aspal;6
203;4004 - JL. DIPONEGORO;1170,07889407000;1+100;1+170;sedang;aspal;6
204;4005 - JL. SINGOLUDRO;1075,21828042000;0+000;0+100;sedang;aspal;6
205;4005 - JL. SINGOLUDRO;1075,21828042000;0+100;0+200;sedang;aspal;6
206;4005 - JL. SINGOLUDRO;1075,21828042000;0+200;0+300;sedang;aspal;6
207;4005 - JL. SINGOLUDRO;1075,21828042000;0+300;0+400;sedang;aspal;6
208;4005 - JL. SINGOLUDRO;1075,21828042000;0+400;0+500;sedang;aspal;6
209;4005 - JL. SINGOLUDRO;1075,21828042000;0+500;0+600;sedang;aspal;6
210;4005 - JL. SINGOLUDRO;1075,21828042000;0+600;0+700;sedang;aspal;6
211;4005 - JL. SINGOLUDRO;1075,21828042000;0+700;0+800;sedang;aspal;6
212;4005 - JL. SINGOLUDRO;1075,21828042000;0+800;0+900;sedang;aspal;6
213;4005 - JL. SINGOLUDRO;1075,21828042000;1+000;1+075;sedang;aspal;6
214;4006 - JL. KOL. MARHADI;695,28340880500;0+000;0+100;sedang;aspal;6
215;4006 - JL. KOL. MARHADI;695,28340880500;0+100;0+200;sedang;aspal;6
216;4006 - JL. KOL. MARHADI;695,28340880500;0+200;0+300;sedang;aspal;6
217;4006 - JL. KOL. MARHADI;695,28340880500;0+300;0+400;sedang;aspal;6
218;4006 - JL. KOL. MARHADI;695,28340880500;0+400;0+500;sedang;aspal;6
219;4006 - JL. KOL. MARHADI;695,28340880500;0+600;0+695;sedang;aspal;6
220;4007 - JL. MT. HARYONO;1625,38510805000;0+000;0+100;sedang;aspal;6
221;4007 - JL. MT. HARYONO;1625,38510805000;0+100;0+200;sedang;aspal;6
222;4007 - JL. MT. HARYONO;1625,38510805000;0+200;0+300;sedang;aspal;6
223;4007 - JL. MT. HARYONO;1625,38510805000;0+300;0+400;sedang;aspal;6
224;4007 - JL. MT. HARYONO;1625,38510805000;0+400;0+500;sedang;aspal;6
225;4007 - JL. MT. HARYONO;1625,38510805000;0+500;0+600;sedang;aspal;6
226;4007 - JL. MT. HARYONO;1625,38510805000;0+600;0+700;sedang;aspal;6
227;4007 - JL. MT. HARYONO;1625,38510805000;0+700;0+800;sedang;aspal;6
228;4007 - JL. MT. HARYONO;1625,38510805000;0+800;0+900;sedang;aspal;6
229;4007 - JL. MT. HARYONO;1625,38510805000;0+900;1+000;sedang;aspal;6
230;4007 - JL. MT. HARYONO;1625,38510805000;1+000;1+100;sedang;aspal;6
231;4007 - JL. MT. HARYONO;1625,38510805000;1+100;1+200;sedang;aspal;6
232;4007 - JL. MT. HARYONO;1625,38510805000;1+200;1+300;sedang;aspal;6
233;4007 - JL. MT. HARYONO;1625,38510805000;1+300;1+400;sedang;aspal;6
234;4007 - JL. MT. HARYONO;1625,38510805000;1+400;1+500;sedang;aspal;6
235;4007 - JL. MT. HARYONO;1625,38510805000;1+600;1+625;sedang;aspal;6
236;4008 - JL. H. AGUS SALIM;696,67154366900;0+000;0+100;sedang;aspal;6
237;4008 - JL. H. AGUS SALIM;696,67154366900;0+100;0+200;sedang;aspal;6
238;4008 - JL. H. AGUS SALIM;696,67154366900;0+200;0+300;sedang;aspal;6
239;4008 - JL. H. AGUS SALIM;696,67154366900;0+300;0+400;sedang;aspal;6
240;4008 - JL. H. AGUS SALIM;696,67154366900;0+400;0+500;sedang;aspal;6
241;4008 - JL. H. AGUS SALIM;696,67154366900;0+600;0+696;sedang;aspal;6
242;4009 - JL. FLAMBOYAN;444,84859355300;0+000;0+100;sedang;aspal;6
243;4009 - JL. FLAMBOYAN;444,84859355300;0+100;0+200;sedang;aspal;6
244;4009 - JL. FLAMBOYAN;444,84859355300;0+200;0+300;sedang;aspal;6
245;4009 - JL. FLAMBOYAN;444,84859355300;0+400;0+444;sedang;aspal;6
246;4010 - JL. DAHLIA;118,46596733600;0+000;0+100;sedang;aspal;6
247;4011 - JL. NUSA INDAH;436,39962923100;0+000;0+100;sedang;aspal;6
248;4011 - JL. NUSA INDAH;436,39962923100;0+100;0+200;sedang;aspal;6
249;4011 - JL. NUSA INDAH;436,39962923100;0+200;0+300;sedang;aspal;6
250;4011 - JL. NUSA INDAH;436,39962923100;0+400;0+436;sedang;aspal;6
251;4012 - JL. KENANGA;430,16901950000;0+000;0+100;sedang;aspal;6
252;4012 - JL. KENANGA;430,16901950000;0+100;0+200;sedang;aspal;6
253;4012 - JL. KENANGA;430,16901950000;0+200;0+300;sedang;aspal;6
254;4012 - JL. KENANGA;430,16901950000;0+400;0+430;sedang;aspal;6
255;4013 - JL. ANGGREK;455,82925345400;0+000;0+100;sedang;aspal;6
256;4013 - JL. ANGGREK;455,82925345400;0+100;0+200;sedang;aspal;6
257;4013 - JL. ANGGREK;455,82925345400;0+200;0+300;sedang;aspal;6
258;4013 - JL. ANGGREK;455,82925345400;0+400;0+455;sedang;aspal;6
259;4014 - JL. CEMPAKA;648,53833525500;0+000;0+100;sedang;aspal;6
260;4014 - JL. CEMPAKA;648,53833525500;0+100;0+200;sedang;aspal;6
261;4014 - JL. CEMPAKA;648,53833525500;0+200;0+300;sedang;aspal;6
262;4014 - JL. CEMPAKA;648,53833525500;0+300;0+400;sedang;aspal;6
263;4014 - JL. CEMPAKA;648,53833525500;0+400;0+500;sedang;aspal;6
264;4014 - JL. CEMPAKA;648,53833525500;0+600;0+648;sedang;aspal;6
265;4015 - JL. TANJUNG;205,79138812700;0+000;0+100;sedang;aspal;6
266;4015 - JL. TANJUNG;205,79138812700;0+200;0+205;sedang;aspal;6
267;4016 - JL. MELATI;262,26581516300;0+000;0+100;sedang;aspal;6
268;4016 - JL. MELATI;262,26581516300;0+200;0+262;sedang;aspal;6
269;4017 - JL. KEMUNING;553,06629999800;0+000;0+100;sedang;aspal;6
270;4017 - JL. KEMUNING;553,06629999800;0+100;0+200;sedang;aspal;6
271;4017 - JL. KEMUNING;553,06629999800;0+200;0+300;sedang;aspal;6
272;4017 - JL. KEMUNING;553,06629999800;0+300;0+400;sedang;aspal;6
273;4017 - JL. KEMUNING;553,06629999800;0+500;0+553;sedang;aspal;6
274;4018 - JL. SERUNI;386,64964338000;0+000;0+100;sedang;aspal;6
275;4018 - JL. SERUNI;386,64964338000;0+100;0+200;sedang;aspal;6
276;4018 - JL. SERUNI;386,64964338000;0+300;0+386;sedang;aspal;6
277;4019 - JL. GARUDA;161,76861117900;0+000;0+100;sedang;aspal;6
278;4020 - JL. DR. SUTOMO;665,14385003500;0+000;0+100;sedang;aspal;6
279;4020 - JL. DR. SUTOMO;665,14385003500;0+100;0+200;sedang;aspal;6
280;4020 - JL. DR. SUTOMO;665,14385003500;0+200;0+300;sedang;aspal;6
281;4020 - JL. DR. SUTOMO;665,14385003500;0+300;0+400;sedang;aspal;6
282;4020 - JL. DR. SUTOMO;665,14385003500;0+400;0+500;sedang;aspal;6
283;4020 - JL. DR. SUTOMO;665,14385003500;0+600;0+685;sedang;aspal;6
284;4021 - JL. PENANGGUNGAN;234,47697718200;0+000;0+100;sedang;aspal;6
285;4021 - JL. PENANGGUNGAN;234,47697718200;0+200;0+234;sedang;aspal;6
286;4022 - JL. PANDAN;244,76979559900;0+000;0+100;sedang;aspal;6
287;4022 - JL. PANDAN;244,76979559900;0+200;0+244;sedang;aspal;6
288;4023 - JL. SEMERU;270,75358416200;0+000;0+100;sedang;aspal;6
289;4023 - JL. SEMERU;270,75358416200;0+200;0+270;sedang;aspal;6
290;4024 - JL. RINJANI;205,55865545300;0+000;0+100;sedang;aspal;6
291;4024 - JL. RINJANI;205,55865545300;0+200;0+205;sedang;aspal;6
292;4025 - JL. DIENG;375,20757709400;0+000;0+100;sedang;aspal;6
293;4025 - JL. DIENG;375,20757709400;0+100;0+200;sedang;aspal;6
294;4025 - JL. DIENG;375,20757709400;0+300;0+375;sedang;aspal;6
295;4026 - JL. SERAYU;127,20048371000;0+000;0+100;sedang;aspal;6
296;4027 - JL. CISADANE;122,91038172000;0+000;0+100;sedang;aspal;6
297;4028 - JL. MUSI;369,66270448100;0+000;0+100;sedang;aspal;6
298;4028 - JL. MUSI;369,66270448100;0+100;0+200;sedang;aspal;6
299;4028 - JL. MUSI;369,66270448100;0+300;0+369;sedang;aspal;6
300;4029 - JL. CITARUM;129,89632832300;0+000;0+100;sedang;aspal;6
301;4030 - JL. ANJASMORO;247,23504242600;0+000;0+100;sedang;aspal;6
302;4030 - JL. ANJASMORO;247,23504242600;0+200;0+247;sedang;aspal;6
303;4031 - JL. CILIWUNG;377,66743090000;0+000;0+100;sedang;aspal;6
304;4031 - JL. CILIWUNG;377,66743090000;0+100;0+200;sedang;aspal;6
305;4031 - JL. CILIWUNG;377,66743090000;0+300;0+377;sedang;aspal;6
306;4032 - JL. SINGOLUDRO II;599,56119156300;0+000;0+100;sedang;aspal;6
307;4032 - JL. SINGOLUDRO II;599,56119156300;0+100;0+200;sedang;aspal;6
308;4032 - JL. SINGOLUDRO II;599,56119156300;0+200;0+300;sedang;aspal;6
309;4032 - JL. SINGOLUDRO II;599,56119156300;0+300;0+400;sedang;aspal;6
310;4032 - JL. SINGOLUDRO II;599,56119156300;0+500;0+599;sedang;aspal;6
311;4033 - JL. BOGO;834,24218159800;0+000;0+100;sedang;aspal;6
312;4033 - JL. BOGO;834,24218159800;0+100;0+200;sedang;aspal;6
313;4033 - JL. BOGO;834,24218159800;0+200;0+300;sedang;aspal;6
314;4033 - JL. BOGO;834,24218159800;0+300;0+400;sedang;aspal;6
315;4033 - JL. BOGO;834,24218159800;0+400;0+500;sedang;aspal;6
316;4033 - JL. BOGO;834,24218159800;0+500;0+600;sedang;aspal;6
317;4033 - JL. BOGO;834,24218159800;0+600;0+700;sedang;aspal;6
318;4033 - JL. BOGO;834,24218159800;0+800;0+834;sedang;aspal;6
319;4034 - JL. BOGO II;386,53061591800;0+000;0+100;sedang;aspal;6
320;4034 - JL. BOGO II;386,53061591800;0+100;0+200;sedang;aspal;6
321;4034 - JL. BOGO II;386,53061591800;0+300;0+386;sedang;aspal;6
322;4035 - JL. KAMBOJA;565,32962159700;0+000;0+100;sedang;aspal;6
323;4035 - JL. KAMBOJA;565,32962159700;0+100;0+200;sedang;aspal;6
324;4035 - JL. KAMBOJA;565,32962159700;0+200;0+300;sedang;aspal;6
325;4035 - JL. KAMBOJA;565,32962159700;0+300;0+400;sedang;aspal;6
326;4035 - JL. KAMBOJA;565,32962159700;0+500;0+565;sedang;aspal;6
327;4036 - JL. SRIGADING;492,11393880600;0+000;0+100;sedang;aspal;6
328;4036 - JL. SRIGADING;492,11393880600;0+100;0+200;sedang;aspal;6
329;4036 - JL. SRIGADING;492,11393880600;0+200;0+300;sedang;aspal;6
330;4036 - JL. SRIGADING;492,11393880600;0+400;0+492;sedang;aspal;6
331;4037 - JL. MELATI I;172,51194191300;0+000;0+100;sedang;aspal;6
332;4038 - JL. MELATI II;263,19516325000;0+000;0+100;sedang;aspal;6
333;4038 - JL. MELATI II;263,19516325000;0+200;0+263;sedang;aspal;6
334;4039 - JL. KUNTO;2048,21134482000;0+000;0+100;sedang;aspal;6
335;4039 - JL. KUNTO;2048,21134482000;0+100;0+200;sedang;aspal;6
336;4039 - JL. KUNTO;2048,21134482000;0+200;0+300;sedang;aspal;6
337;4039 - JL. KUNTO;2048,21134482000;0+300;0+400;sedang;aspal;6
338;4039 - JL. KUNTO;2048,21134482000;0+400;0+500;sedang;aspal;6
339;4039 - JL. KUNTO;2048,21134482000;0+500;0+600;sedang;aspal;6
340;4039 - JL. KUNTO;2048,21134482000;0+600;0+700;sedang;aspal;6
341;4039 - JL. KUNTO;2048,21134482000;0+700;0+800;sedang;aspal;6
342;4039 - JL. KUNTO;2048,21134482000;0+800;0+900;sedang;aspal;6
343;4039 - JL. KUNTO;2048,21134482000;0+900;1+000;sedang;aspal;6
344;4039 - JL. KUNTO;2048,21134482000;1+000;1+100;sedang;aspal;6
345;4039 - JL. KUNTO;2048,21134482000;1+100;1+200;sedang;aspal;6
346;4039 - JL. KUNTO;2048,21134482000;1+200;1+300;sedang;aspal;6
347;4039 - JL. KUNTO;2048,21134482000;1+300;1+400;sedang;aspal;6
348;4039 - JL. KUNTO;2048,21134482000;1+400;1+500;sedang;aspal;6
349;4039 - JL. KUNTO;2048,21134482000;1+500;1+600;sedang;aspal;6
350;4039 - JL. KUNTO;2048,21134482000;1+600;1+700;sedang;aspal;6
351;4039 - JL. KUNTO;2048,21134482000;1+700;1+800;sedang;aspal;6
352;4039 - JL. KUNTO;2048,21134482000;1+800;1+900;sedang;aspal;6
353;4039 - JL. KUNTO;2048,21134482000;2+000;2+048;sedang;aspal;6
354;4040 - JL. YOS SUDARSO;199,60171612600;0+000;0+100;sedang;aspal;6
355;4041 - JL. PRAMBANAN;481,86077505400;0+000;0+100;sedang;aspal;6
356;4041 - JL. PRAMBANAN;481,86077505400;0+100;0+200;sedang;aspal;6
357;4041 - JL. PRAMBANAN;481,86077505400;0+200;0+300;sedang;aspal;6
358;4041 - JL. PRAMBANAN;481,86077505400;0+400;0+481;sedang;aspal;6
359;4042 - JL. BOROBUDUR;474,23355585300;0+000;0+100;sedang;aspal;6
360;4042 - JL. BOROBUDUR;474,23355585300;0+100;0+200;sedang;aspal;6
361;4042 - JL. BOROBUDUR;474,23355585300;0+200;0+300;sedang;aspal;6
362;4042 - JL. BOROBUDUR;474,23355585300;0+400;0+474;sedang;aspal;6
363;4043 - JL. KALASAN;465,17438971600;0+000;0+100;sedang;aspal;6
364;4043 - JL. KALASAN;465,17438971600;0+100;0+200;sedang;aspal;6
365;4043 - JL. KALASAN;465,17438971600;0+200;0+300;sedang;aspal;6
366;4043 - JL. KALASAN;465,17438971600;0+400;0+465;sedang;aspal;6
367;4044 - JL. MENDUT;218,26553446300;0+000;0+100;sedang;aspal;6
368;4044 - JL. MENDUT;218,26553446300;0+200;0+218;sedang;aspal;6
369;4045 - JL. SALAK;292,61760449500;0+000;0+100;sedang;aspal;6
370;4045 - JL. SALAK;292,61760449500;0+200;0+292;sedang;aspal;6
371;4046 - JL. MANGGA;228,71491476800;0+000;0+100;sedang;aspal;6
372;4046 - JL. MANGGA;228,71491476800;0+200;0+228;sedang;aspal;6
373;4047 - JL. SAWO;187,55837507400;0+000;0+100;sedang;aspal;6
374;4048 - JL. STASIUN TIMUR;240,62255904800;0+000;0+100;sedang;aspal;6
375;4048 - JL. STASIUN TIMUR;240,62255904800;0+200;0+240;sedang;aspal;6
376;4049 - JL. SEMANGKA;353,56320842100;0+000;0+100;sedang;aspal;6
377;4049 - JL. SEMANGKA;353,56320842100;0+100;0+200;sedang;aspal;6
378;4049 - JL. SEMANGKA;353,56320842100;0+300;0+353;sedang;aspal;6
379;4050 - JL. KESEMEK;196,63278516800;0+000;0+100;sedang;aspal;6
380;4051 - JL. ANGGUR;252,72524343500;0+000;0+100;sedang;aspal;6
381;4051 - JL. ANGGUR;252,72524343500;0+200;0+252;sedang;aspal;6
382;4052 - JL. MANGGIS;260,87935805000;0+000;0+100;sedang;aspal;6
383;4052 - JL. MANGGIS;260,87935805000;0+200;0+260;sedang;aspal;6
384;4053 - JL. MELON;145,74291885800;0+000;0+100;sedang;aspal;6
385;4054 - JL. SIRSAK;145,68679615400;0+000;0+100;sedang;aspal;6
386;4055 - JL. RAMBUTAN;281,67572800300;0+000;0+100;sedang;aspal;6
387;4055 - JL. RAMBUTAN;281,67572800300;0+200;0+281;sedang;aspal;6
388;4056 - JL. JAMBU;361,34822618700;0+000;0+100;sedang;aspal;6
389;4056 - JL. JAMBU;361,34822618700;0+100;0+200;sedang;aspal;6
390;4056 - JL. JAMBU;361,34822618700;0+300;0+361;sedang;aspal;6
391;4057 - JL. BISMO;876,84216251800;0+000;0+100;sedang;aspal;6
392;4057 - JL. BISMO;876,84216251800;0+100;0+200;sedang;aspal;6
393;4057 - JL. BISMO;876,84216251800;0+200;0+300;sedang;aspal;6
394;4057 - JL. BISMO;876,84216251800;0+300;0+400;sedang;aspal;6
395;4057 - JL. BISMO;876,84216251800;0+400;0+500;sedang;aspal;6
396;4057 - JL. BISMO;876,84216251800;0+500;0+600;sedang;aspal;6
397;4057 - JL. BISMO;876,84216251800;0+600;0+700;sedang;aspal;6
398;4057 - JL. BISMO;876,84216251800;0+800;0+876;sedang;aspal;6
399;4058 - JL. PARIKESIT;782,61647842900;0+000;0+100;sedang;aspal;6
400;4058 - JL. PARIKESIT;782,61647842900;0+100;0+200;sedang;aspal;6
401;4058 - JL. PARIKESIT;782,61647842900;0+200;0+300;sedang;aspal;6
402;4058 - JL. PARIKESIT;782,61647842900;0+300;0+400;sedang;aspal;6
403;4058 - JL. PARIKESIT;782,61647842900;0+400;0+500;sedang;aspal;6
404;4058 - JL. PARIKESIT;782,61647842900;0+500;0+600;sedang;aspal;6
405;4058 - JL. PARIKESIT;782,61647842900;0+700;0+782;sedang;aspal;6
406;4059 - JL. BOLODEWO;371,68072955100;0+000;0+100;sedang;aspal;6
407;4059 - JL. BOLODEWO;371,68072955100;0+100;0+200;sedang;aspal;6
408;4059 - JL. BOLODEWO;371,68072955100;0+300;0+371;sedang;aspal;6
409;4060 - JL. KRESNA;457,14735601400;0+000;0+100;sedang;aspal;6
410;4060 - JL. KRESNA;457,14735601400;0+100;0+200;sedang;aspal;6
411;4060 - JL. KRESNA;457,14735601400;0+200;0+300;sedang;aspal;6
412;4060 - JL. KRESNA;457,14735601400;0+400;0+457;sedang;aspal;6
413;4061 - JL. MARKISA RAJA;609,96038908600;0+000;0+100;sedang;aspal;6
414;4061 - JL. MARKISA RAJA;609,96038908600;0+100;0+200;sedang;aspal;6
415;4061 - JL. MARKISA RAJA;609,96038908600;0+200;0+300;sedang;aspal;6
416;4061 - JL. MARKISA RAJA;609,96038908600;0+300;0+400;sedang;aspal;6
417;4061 - JL. MARKISA RAJA;609,96038908600;0+400;0+500;sedang;aspal;6
418;4061 - JL. MARKISA RAJA;609,96038908600;0+600;0+609;sedang;aspal;6
419;4062 - JL. APEL RAJA;212,59714887300;0+000;0+100;sedang;aspal;6
420;4062 - JL. APEL RAJA;212,59714887300;0+200;0+212;sedang;aspal;6
421;4063 - JL. PEPAYA RAJA;211,57021953000;0+000;0+100;sedang;aspal;6
422;4063 - JL. PEPAYA RAJA;211,57021953000;0+200;0+211;sedang;aspal;6
423;4065 - JL. SAWO RAJA;176,87391026000;0+000;0+100;sedang;aspal;6
424;4067 - JL. KAKAK TUA;980,38845641400;0+000;0+100;sedang;aspal;6
425;4067 - JL. KAKAK TUA;980,38845641400;0+100;0+200;sedang;aspal;6
426;4067 - JL. KAKAK TUA;980,38845641400;0+200;0+300;sedang;aspal;6
427;4067 - JL. KAKAK TUA;980,38845641400;0+300;0+400;sedang;aspal;6
428;4067 - JL. KAKAK TUA;980,38845641400;0+400;0+500;sedang;aspal;6
429;4067 - JL. KAKAK TUA;980,38845641400;0+500;0+600;sedang;aspal;6
430;4067 - JL. KAKAK TUA;980,38845641400;0+600;0+700;sedang;aspal;6
431;4067 - JL. KAKAK TUA;980,38845641400;0+700;0+800;sedang;aspal;6
432;4067 - JL. KAKAK TUA;980,38845641400;0+900;0+980;sedang;aspal;6
433;4068 - JL. KARANGLO I;1278,61304597000;0+000;0+100;sedang;aspal;6
434;4068 - JL. KARANGLO I;1278,61304597000;0+100;0+200;sedang;aspal;6
435;4068 - JL. KARANGLO I;1278,61304597000;0+200;0+300;sedang;aspal;6
436;4068 - JL. KARANGLO I;1278,61304597000;0+300;0+400;sedang;aspal;6
437;4068 - JL. KARANGLO I;1278,61304597000;0+400;0+500;sedang;aspal;6
438;4068 - JL. KARANGLO I;1278,61304597000;0+500;0+600;sedang;aspal;6
439;4068 - JL. KARANGLO I;1278,61304597000;0+600;0+700;sedang;aspal;6
440;4068 - JL. KARANGLO I;1278,61304597000;0+700;0+800;sedang;aspal;6
441;4068 - JL. KARANGLO I;1278,61304597000;0+800;0+900;sedang;aspal;6
442;4068 - JL. KARANGLO I;1278,61304597000;0+900;1+000;sedang;aspal;6
443;4068 - JL. KARANGLO I;1278,61304597000;1+000;1+100;sedang;aspal;6
444;4068 - JL. KARANGLO I;1278,61304597000;1+200;1+276;sedang;aspal;6
445;4069 - JL. KARANGLO II;128,62837824100;0+000;0+100;sedang;aspal;6
446;4071 - JL. SEMBADA;283,70035586800;0+000;0+100;sedang;aspal;6
447;4071 - JL. SEMBADA;283,70035586800;0+200;0+283;sedang;aspal;6
448;4072 - JL. KYAI SERANG;241,21844653400;0+000;0+100;sedang;aspal;6
449;4072 - JL. KYAI SERANG;241,21844653400;0+200;0+241;sedang;aspal;6
450;4073 - JL SUHADA HAJI;1273,49095589000;0+000;0+100;sedang;aspal;6
451;4073 - JL SUHADA HAJI;1273,49095589000;0+100;0+200;sedang;aspal;6
452;4073 - JL SUHADA HAJI;1273,49095589000;0+200;0+300;sedang;aspal;6
453;4073 - JL SUHADA HAJI;1273,49095589000;0+300;0+400;sedang;aspal;6
454;4073 - JL SUHADA HAJI;1273,49095589000;0+400;0+500;sedang;aspal;6
455;4073 - JL SUHADA HAJI;1273,49095589000;0+500;0+600;sedang;aspal;6
456;4073 - JL SUHADA HAJI;1273,49095589000;0+600;0+700;sedang;aspal;6
457;4073 - JL SUHADA HAJI;1273,49095589000;0+700;0+800;sedang;aspal;6
458;4073 - JL SUHADA HAJI;1273,49095589000;0+800;0+900;sedang;aspal;6
459;4073 - JL SUHADA HAJI;1273,49095589000;0+900;1+000;sedang;aspal;6
460;4073 - JL SUHADA HAJI;1273,49095589000;1+000;1+100;sedang;aspal;6
461;4073 - JL SUHADA HAJI;1273,49095589000;1+200;1+273;sedang;aspal;6
462;4074 - JL. KUTILANG;159,41779441000;0+000;0+100;sedang;aspal;6
463;4075 - JL. JL. MANYAR;587,81234804000;0+000;0+100;sedang;aspal;6
464;4075 - JL. JL. MANYAR;587,81234804000;0+100;0+200;sedang;aspal;6
465;4075 - JL. JL. MANYAR;587,81234804000;0+200;0+300;sedang;aspal;6
466;4075 - JL. JL. MANYAR;587,81234804000;0+300;0+400;sedang;aspal;6
467;4075 - JL. JL. MANYAR;587,81234804000;0+500;0+587;sedang;aspal;6
468;4076 - JL. S. PARMAN;212,72821791000;0+000;0+100;sedang;aspal;6
469;4076 - JL. S. PARMAN;212,72821791000;0+200;0+212;sedang;aspal;6
470;4077 - JL. PANJAITAN;608,25528260300;0+000;0+100;sedang;aspal;6
471;4077 - JL. PANJAITAN;608,25528260300;0+100;0+200;sedang;aspal;6
472;4077 - JL. PANJAITAN;608,25528260300;0+200;0+300;sedang;beton;6
473;4077 - JL. PANJAITAN;608,25528260300;0+300;0+400;sedang;beton;6
474;4077 - JL. PANJAITAN;608,25528260300;0+400;0+500;sedang;beton;6
475;4077 - JL. PANJAITAN;608,25528260300;0+600;0+608;sedang;beton;6
476;4078 - JL. SUMATRA;197,59607567900;0+000;0+100;sedang;beton;6
477;4080 - JL. KALIMANTAN;395,86291941400;0+000;0+100;sedang;beton;6
478;4080 - JL. KALIMANTAN;395,86291941400;0+100;0+200;sedang;beton;6
479;4080 - JL. KALIMANTAN;395,86291941400;0+300;0+300;sedang;beton;6
480;4081 - JL. MADURA;353,75838164800;0+000;0+100;sedang;beton;6
481;4081 - JL. MADURA;353,75838164800;0+100;0+200;sedang;beton;6
482;4081 - JL. MADURA;353,75838164800;0+300;0+353;sedang;beton;6
483;4082 - JL. SULAWESI;192,24043788000;0+000;0+100;sedang;beton;6
484;4084 - JL. SUMBAWA;212,44624901900;0+000;0+100;sedang;beton;6
485;4084 - JL. SUMBAWA;212,44624901900;0+200;0+212;sedang;beton;6
486;4085 - JL. CENDRAWASIH;385,05539182300;0+000;0+100;sedang;beton;6
487;4085 - JL. CENDRAWASIH;385,05539182300;0+100;0+200;sedang;beton;6
488;4085 - JL. CENDRAWASIH;385,05539182300;0+300;0+385;sedang;beton;6
489;4086 - JL. RAJAWALI;694,68675667100;0+000;0+100;sedang;beton;6
490;4086 - JL. RAJAWALI;694,68675667100;0+100;0+200;sedang;beton;6
491;4086 - JL. RAJAWALI;694,68675667100;0+200;0+300;sedang;beton;6
492;4086 - JL. RAJAWALI;694,68675667100;0+300;0+400;sedang;beton;6
493;4086 - JL. RAJAWALI;694,68675667100;0+400;0+500;sedang;beton;6
494;4086 - JL. RAJAWALI;694,68675667100;0+600;0+694;sedang;beton;6
495;4087 - JL. MENUR;319,35300893800;0+000;0+100;sedang;beton;6
496;4087 - JL. MENUR;319,35300893800;0+100;0+200;sedang;beton;6
497;4087 - JL. MENUR;319,35300893800;0+300;0+319;sedang;beton;6
498;4088 - JL. NIAS;285,03591913600;0+000;0+100;sedang;beton;6
499;4088 - JL. NIAS;285,03591913600;0+200;0+285;sedang;beton;6
500;4089 - JL. KENARI;657,00116993000;0+000;0+100;sedang;beton;6
501;4089 - JL. KENARI;657,00116993000;0+100;0+200;sedang;beton;6
502;4089 - JL. KENARI;657,00116993000;0+200;0+300;sedang;beton;6
503;4089 - JL. KENARI;657,00116993000;0+300;0+400;sedang;beton;6
504;4089 - JL. KENARI;657,00116993000;0+400;0+500;sedang;beton;6
505;4089 - JL. KENARI;657,00116993000;0+600;0+657;sedang;beton;6
506;4090 - JL. PARKIT;291,26954464800;0+000;0+100;sedang;beton;6
507;4090 - JL. PARKIT;291,26954464800;0+200;0+291;sedang;beton;6
508;4091 - JL. BETET;797,86521984500;0+000;0+100;sedang;beton;6
509;4091 - JL. BETET;797,86521984500;0+100;0+200;sedang;beton;6
510;4091 - JL. BETET;797,86521984500;0+200;0+300;sedang;beton;6
511;4091 - JL. BETET;797,86521984500;0+300;0+400;sedang;beton;6
512;4091 - JL. BETET;797,86521984500;0+400;0+500;sedang;beton;6
513;4091 - JL. BETET;797,86521984500;0+500;0+600;sedang;beton;6
514;4091 - JL. BETET;797,86521984500;0+700;0+797;sedang;beton;6
515;4092 - JL. SRITI;592,57136006800;0+000;0+100;sedang;beton;6
516;4092 - JL. SRITI;592,57136006800;0+100;0+200;sedang;beton;6
517;4092 - JL. SRITI;592,57136006800;0+200;0+300;sedang;beton;6
518;4092 - JL. SRITI;592,57136006800;0+300;0+400;sedang;beton;6
519;4092 - JL. SRITI;592,57136006800;0+500;0+592;sedang;beton;6
520;4094 - JL. CEMPAKA II;128,91534048900;0+000;0+100;sedang;beton;6
521;4095 - JL. CEMPAKA III;153,06134520100;0+000;0+100;sedang;beton;6
522;4097 - JL. ANGGREK II;197,97097587100;0+000;0+100;sedang;beton;6
523;4098 - JL. JUANDA;2348,19164622000;0+000;0+100;sedang;beton;6
524;4098 - JL. JUANDA;2348,19164622000;0+100;0+200;sedang;beton;6
525;4098 - JL. JUANDA;2348,19164622000;0+200;0+300;sedang;beton;6
526;4098 - JL. JUANDA;2348,19164622000;0+300;0+400;sedang;beton;6
527;4098 - JL. JUANDA;2348,19164622000;0+400;0+500;sedang;beton;6
528;4098 - JL. JUANDA;2348,19164622000;0+500;0+600;sedang;beton;6
529;4098 - JL. JUANDA;2348,19164622000;0+600;0+700;sedang;beton;6
530;4098 - JL. JUANDA;2348,19164622000;0+700;0+800;sedang;beton;6
531;4098 - JL. JUANDA;2348,19164622000;0+800;0+900;sedang;beton;6
532;4098 - JL. JUANDA;2348,19164622000;0+900;1+000;sedang;beton;6
533;4098 - JL. JUANDA;2348,19164622000;1+000;1+100;sedang;beton;6
534;4098 - JL. JUANDA;2348,19164622000;1+100;1+200;sedang;beton;6
535;4098 - JL. JUANDA;2348,19164622000;1+200;1+300;sedang;beton;6
536;4098 - JL. JUANDA;2348,19164622000;1+300;1+400;sedang;beton;6
537;4098 - JL. JUANDA;2348,19164622000;1+400;1+500;sedang;beton;6
538;4098 - JL. JUANDA;2348,19164622000;1+500;1+600;sedang;beton;6
539;4098 - JL. JUANDA;2348,19164622000;1+600;1+700;sedang;beton;6
540;4098 - JL. JUANDA;2348,19164622000;1+700;1+800;sedang;beton;6
541;4098 - JL. JUANDA;2348,19164622000;1+800;1+900;sedang;beton;6
542;4098 - JL. JUANDA;2348,19164622000;1+900;2+000;sedang;beton;6
543;4098 - JL. JUANDA;2348,19164622000;2+000;2+100;sedang;beton;6
544;4098 - JL. JUANDA;2348,19164622000;2+100;2+200;sedang;beton;6
545;4098 - JL. JUANDA;2348,19164622000;2+300;2+348;sedang;beton;6
546;4099 - JL. PROGO;678,32983934200;0+000;0+100;sedang;beton;6
547;4099 - JL. PROGO;678,32983934200;0+100;0+200;sedang;beton;6
548;4099 - JL. PROGO;678,32983934200;0+200;0+300;sedang;beton;6
549;4099 - JL. PROGO;678,32983934200;0+300;0+400;sedang;beton;6
550;4099 - JL. PROGO;678,32983934200;0+400;0+500;sedang;beton;6
551;4099 - JL. PROGO;678,32983934200;0+600;0+678;sedang;beton;6
552;4101 - JL. RUSUNAWA;286,27587689900;0+000;0+100;sedang;beton;6
553;4101 - JL. RUSUNAWA;286,27587689900;0+200;0+286;sedang;beton;6
554;4102 - JL. MERPATI (MEJAYAN);258,00740021800;0+000;0+100;sedang;beton;6
555;4102 - JL. MERPATI (MEJAYAN);258,00740021800;0+200;0+258;sedang;beton;6
556;4103 - JL. IRIAN JAYA;439,90107498900;0+000;0+100;sedang;beton;6
557;4103 - JL. IRIAN JAYA;439,90107498900;0+100;0+200;sedang;beton;6
558;4103 - JL. IRIAN JAYA;439,90107498900;0+200;0+300;sedang;beton;6
559;4103 - JL. IRIAN JAYA;439,90107498900;0+400;0+439;sedang;beton;6
560;4104 - JL. PRAWIRO DIPURAN;360,67387664600;0+000;0+100;sedang;beton;6
561;4104 - JL. PRAWIRO DIPURAN;360,67387664600;0+100;0+200;sedang;beton;6
562;4104 - JL. PRAWIRO DIPURAN;360,67387664600;0+300;0+360;sedang;beton;6
563;4105 - JL. KURMA RAJA;466,72191802300;0+000;0+100;sedang;beton;6
564;4105 - JL. KURMA RAJA;466,72191802300;0+100;0+200;sedang;beton;6
565;4105 - JL. KURMA RAJA;466,72191802300;0+200;0+300;sedang;beton;6
566;4105 - JL. KURMA RAJA;466,72191802300;0+400;0+466;sedang;beton;6
567;4201 - JL. NGAGEL;1325,85497889000;0+000;0+100;sedang;beton;6
568;4201 - JL. NGAGEL;1325,85497889000;0+100;0+200;sedang;beton;6
569;4201 - JL. NGAGEL;1325,85497889000;0+200;0+300;sedang;beton;6
570;4201 - JL. NGAGEL;1325,85497889000;0+300;0+400;sedang;beton;6
571;4201 - JL. NGAGEL;1325,85497889000;0+400;0+500;sedang;beton;6
572;4201 - JL. NGAGEL;1325,85497889000;0+500;0+600;sedang;beton;6
573;4201 - JL. NGAGEL;1325,85497889000;0+600;0+700;sedang;beton;6
574;4201 - JL. NGAGEL;1325,85497889000;0+700;0+800;sedang;beton;6
575;4201 - JL. NGAGEL;1325,85497889000;0+800;0+900;sedang;beton;6
576;4201 - JL. NGAGEL;1325,85497889000;0+900;1+000;sedang;beton;6
577;4201 - JL. NGAGEL;1325,85497889000;1+000;1+100;sedang;beton;6
578;4201 - JL. NGAGEL;1325,85497889000;1+100;1+200;sedang;beton;6
579;4201 - JL. NGAGEL;1325,85497889000;1+300;1+325;sedang;beton;6
580;4202 - JL. JANOKO;1132,68715871000;0+000;0+100;sedang;beton;6
581;4202 - JL. JANOKO;1132,68715871000;0+100;0+200;sedang;beton;6
582;4202 - JL. JANOKO;1132,68715871000;0+200;0+300;sedang;beton;6
583;4202 - JL. JANOKO;1132,68715871000;0+300;0+400;sedang;beton;6
584;4202 - JL. JANOKO;1132,68715871000;0+400;0+500;sedang;beton;6
585;4202 - JL. JANOKO;1132,68715871000;0+500;0+600;sedang;beton;6
586;4202 - JL. JANOKO;1132,68715871000;0+600;0+700;sedang;beton;6
587;4202 - JL. JANOKO;1132,68715871000;0+700;0+800;sedang;beton;6
588;4202 - JL. JANOKO;1132,68715871000;0+800;0+900;sedang;beton;6
589;4202 - JL. JANOKO;1132,68715871000;0+900;1+000;sedang;beton;6
590;4202 - JL. JANOKO;1132,68715871000;1+100;1+132;sedang;beton;6
591;4203 - JL. SEDAH;1862,65725332000;0+000;0+100;sedang;beton;6
592;4203 - JL. SEDAH;1862,65725332000;0+100;0+200;sedang;beton;6
593;4203 - JL. SEDAH;1862,65725332000;0+200;0+300;sedang;beton;6
594;4203 - JL. SEDAH;1862,65725332000;0+300;0+400;sedang;beton;6
595;4203 - JL. SEDAH;1862,65725332000;0+400;0+500;sedang;beton;6
596;4203 - JL. SEDAH;1862,65725332000;0+500;0+600;sedang;beton;6
597;4203 - JL. SEDAH;1862,65725332000;0+600;0+700;sedang;beton;6
598;4203 - JL. SEDAH;1862,65725332000;0+700;0+800;sedang;beton;6
599;4203 - JL. SEDAH;1862,65725332000;0+800;0+900;sedang;beton;6
600;4203 - JL. SEDAH;1862,65725332000;0+900;1+000;sedang;beton;6
601;4203 - JL. SEDAH;1862,65725332000;1+000;1+100;sedang;beton;6
602;4203 - JL. SEDAH;1862,65725332000;1+100;1+200;sedang;beton;6
603;4203 - JL. SEDAH;1862,65725332000;1+200;1+300;sedang;beton;6
604;4203 - JL. SEDAH;1862,65725332000;1+300;1+400;sedang;beton;6
605;4203 - JL. SEDAH;1862,65725332000;1+400;1+500;sedang;beton;6
606;4203 - JL. SEDAH;1862,65725332000;1+500;1+600;sedang;beton;6
607;4203 - JL. SEDAH;1862,65725332000;1+600;1+700;sedang;beton;6
608;4203 - JL. SEDAH;1862,65725332000;1+800;1+862;sedang;beton;6
609;4204 - JL. SASONO LOYO;521,67098022900;0+000;0+100;sedang;beton;6
610;4204 - JL. SASONO LOYO;521,67098022900;0+100;0+200;sedang;beton;6
611;4204 - JL. SASONO LOYO;521,67098022900;0+200;0+300;sedang;beton;6
612;4204 - JL. SASONO LOYO;521,67098022900;0+300;0+400;sedang;beton;6
613;4204 - JL. SASONO LOYO;521,67098022900;0+500;0+521;sedang;beton;6
614;4205 - JL. KEBODALEM;531,35360653700;0+000;0+100;sedang;beton;6
615;4205 - JL. KEBODALEM;531,35360653700;0+100;0+200;sedang;beton;6
616;4205 - JL. KEBODALEM;531,35360653700;0+200;0+300;sedang;beton;6
617;4205 - JL. KEBODALEM;531,35360653700;0+300;0+400;sedang;beton;6
618;4205 - JL. KEBODALEM;531,35360653700;0+500;0+531;sedang;beton;6
619;4206 - JL. SIDODADI;462,79544994400;0+000;0+100;sedang;beton;6
620;4206 - JL. SIDODADI;462,79544994400;0+100;0+200;sedang;beton;6
621;4206 - JL. SIDODADI;462,79544994400;0+200;0+300;sedang;beton;6
622;4206 - JL. SIDODADI;462,79544994400;0+400;0+462;sedang;beton;6
623;4207 - JL. TEGALREJO;2332,83407444000;0+000;0+100;sedang;beton;6
624;4207 - JL. TEGALREJO;2332,83407444000;0+100;0+200;sedang;beton;6
625;4207 - JL. TEGALREJO;2332,83407444000;0+200;0+300;sedang;beton;6
626;4207 - JL. TEGALREJO;2332,83407444000;0+300;0+400;sedang;beton;6
627;4207 - JL. TEGALREJO;2332,83407444000;0+400;0+500;sedang;beton;6
628;4207 - JL. TEGALREJO;2332,83407444000;0+500;0+600;sedang;beton;6
629;4207 - JL. TEGALREJO;2332,83407444000;0+600;0+700;sedang;beton;6
630;4207 - JL. TEGALREJO;2332,83407444000;0+700;0+800;sedang;beton;6
631;4207 - JL. TEGALREJO;2332,83407444000;0+800;0+900;sedang;beton;6
632;4207 - JL. TEGALREJO;2332,83407444000;0+900;1+000;sedang;beton;6
633;4207 - JL. TEGALREJO;2332,83407444000;1+000;1+100;sedang;beton;6
634;4207 - JL. TEGALREJO;2332,83407444000;1+100;1+200;sedang;beton;6
635;4207 - JL. TEGALREJO;2332,83407444000;1+200;1+300;sedang;beton;6
636;4207 - JL. TEGALREJO;2332,83407444000;1+300;1+400;sedang;beton;6
637;4207 - JL. TEGALREJO;2332,83407444000;1+400;1+500;sedang;beton;6
638;4207 - JL. TEGALREJO;2332,83407444000;1+500;1+600;sedang;beton;6
639;4207 - JL. TEGALREJO;2332,83407444000;1+600;1+700;sedang;beton;6
640;4207 - JL. TEGALREJO;2332,83407444000;1+700;1+800;sedang;beton;6
641;4207 - JL. TEGALREJO;2332,83407444000;1+800;1+900;sedang;beton;6
642;4207 - JL. TEGALREJO;2332,83407444000;1+900;2+000;sedang;beton;6
643;4207 - JL. TEGALREJO;2332,83407444000;2+000;2+100;sedang;beton;6
644;4207 - JL. TEGALREJO;2332,83407444000;2+100;2+200;sedang;beton;6
645;4207 - JL. TEGALREJO;2332,83407444000;2+300;2+332;sedang;beton;6
646;4208 - JL. NGRAWAN II;1413,45276358000;0+000;0+100;sedang;beton;6
647;4208 - JL. NGRAWAN II;1413,45276358000;0+100;0+200;sedang;beton;6
648;4208 - JL. NGRAWAN II;1413,45276358000;0+200;0+300;sedang;beton;6
649;4208 - JL. NGRAWAN II;1413,45276358000;0+300;0+400;sedang;beton;6
650;4208 - JL. NGRAWAN II;1413,45276358000;0+400;0+500;sedang;beton;6
651;4208 - JL. NGRAWAN II;1413,45276358000;0+500;0+600;sedang;beton;6
652;4208 - JL. NGRAWAN II;1413,45276358000;0+600;0+700;sedang;beton;6
653;4208 - JL. NGRAWAN II;1413,45276358000;0+700;0+800;sedang;beton;6
654;4208 - JL. NGRAWAN II;1413,45276358000;0+800;0+900;sedang;beton;6
655;4208 - JL. NGRAWAN II;1413,45276358000;0+900;1+000;sedang;beton;6
656;4208 - JL. NGRAWAN II;1413,45276358000;1+000;1+100;sedang;beton;6
657;4208 - JL. NGRAWAN II;1413,45276358000;1+100;1+200;sedang;beton;6
658;4208 - JL. NGRAWAN II;1413,45276358000;1+200;1+300;sedang;beton;6
659;4208 - JL. NGRAWAN II;1413,45276358000;1+400;1+400;sedang;beton;6
660;4209 - JL. KEMANTREN;826,44605615700;0+000;0+100;sedang;beton;6
661;4209 - JL. KEMANTREN;826,44605615700;0+100;0+200;sedang;beton;6
662;4209 - JL. KEMANTREN;826,44605615700;0+200;0+300;sedang;beton;6
663;4209 - JL. KEMANTREN;826,44605615700;0+300;0+400;sedang;beton;6
664;4209 - JL. KEMANTREN;826,44605615700;0+400;0+500;sedang;beton;6
665;4209 - JL. KEMANTREN;826,44605615700;0+500;0+600;sedang;beton;6
666;4209 - JL. KEMANTREN;826,44605615700;0+600;0+700;sedang;beton;6
667;4209 - JL. KEMANTREN;826,44605615700;0+800;0+826;sedang;beton;6
668;4210 - JL. NGRAWAN I;1155,42791786000;0+000;0+100;sedang;beton;6
669;4210 - JL. NGRAWAN I;1155,42791786000;0+100;0+200;sedang;beton;6
670;4210 - JL. NGRAWAN I;1155,42791786000;0+200;0+300;sedang;beton;6
671;4210 - JL. NGRAWAN I;1155,42791786000;0+300;0+400;sedang;beton;6
672;4210 - JL. NGRAWAN I;1155,42791786000;0+400;0+500;sedang;beton;6
673;4210 - JL. NGRAWAN I;1155,42791786000;0+500;0+600;sedang;beton;6
674;4210 - JL. NGRAWAN I;1155,42791786000;0+600;0+700;sedang;beton;6
675;4210 - JL. NGRAWAN I;1155,42791786000;0+700;0+800;sedang;beton;6
676;4210 - JL. NGRAWAN I;1155,42791786000;0+800;0+900;sedang;beton;6
677;4210 - JL. NGRAWAN I;1155,42791786000;0+900;1+000;sedang;beton;6
678;4210 - JL. NGRAWAN I;1155,42791786000;1+100;1+155;sedang;beton;6
679;4211 - JL. PANCA UPAYA;961,61411783500;0+000;0+100;sedang;beton;6
680;4211 - JL. PANCA UPAYA;961,61411783500;0+100;0+200;sedang;beton;6
681;4211 - JL. PANCA UPAYA;961,61411783500;0+200;0+300;sedang;beton;6
682;4211 - JL. PANCA UPAYA;961,61411783500;0+300;0+400;sedang;beton;6
683;4211 - JL. PANCA UPAYA;961,61411783500;0+400;0+500;sedang;beton;6
684;4211 - JL. PANCA UPAYA;961,61411783500;0+500;0+600;sedang;beton;6
685;4211 - JL. PANCA UPAYA;961,61411783500;0+600;0+700;sedang;beton;6
686;4211 - JL. PANCA UPAYA;961,61411783500;0+700;0+800;sedang;beton;6
687;4211 - JL. PANCA UPAYA;961,61411783500;0+900;0+961;sedang;beton;6
688;4212 - JL. JEBLOK;1306,86555615000;0+000;0+100;sedang;beton;6
689;4212 - JL. JEBLOK;1306,86555615000;0+100;0+200;sedang;beton;6
690;4212 - JL. JEBLOK;1306,86555615000;0+200;0+300;sedang;beton;6
691;4212 - JL. JEBLOK;1306,86555615000;0+300;0+400;sedang;beton;6
692;4212 - JL. JEBLOK;1306,86555615000;0+400;0+500;sedang;beton;6
693;4212 - JL. JEBLOK;1306,86555615000;0+500;0+600;sedang;beton;6
694;4212 - JL. JEBLOK;1306,86555615000;0+600;0+700;sedang;beton;6
695;4212 - JL. JEBLOK;1306,86555615000;0+700;0+800;sedang;beton;6
696;4212 - JL. JEBLOK;1306,86555615000;0+800;0+900;sedang;beton;6
697;4212 - JL. JEBLOK;1306,86555615000;0+900;1+000;sedang;beton;6
698;4212 - JL. JEBLOK;1306,86555615000;1+000;1+100;sedang;beton;6
699;4212 - JL. JEBLOK;1306,86555615000;1+100;1+200;sedang;beton;6
700;4212 - JL. JEBLOK;1306,86555615000;1+300;1+306;sedang;beton;6
701;4212 - JL. JEBLOK;1306,86555615000;1+200;1+300;sedang;beton;6
702;4213 - JL. KERTO RAHARJO;585,99744852400;0+000;0+100;sedang;beton;6
703;4213 - JL. KERTO RAHARJO;585,99744852400;0+100;0+200;sedang;beton;6
704;4213 - JL. KERTO RAHARJO;585,99744852400;0+200;0+300;sedang;beton;6
705;4213 - JL. KERTO RAHARJO;585,99744852400;0+300;0+400;sedang;beton;6
706;4213 - JL. KERTO RAHARJO;585,99744852400;0+500;0+585;sedang;beton;6
707;4214 - JL. PANJANG PUNJUNG;2074,50368773000;0+000;0+100;sedang;beton;6
708;4214 - JL. PANJANG PUNJUNG;2074,50368773000;0+100;0+200;sedang;beton;6
709;4214 - JL. PANJANG PUNJUNG;2074,50368773000;0+200;0+300;sedang;beton;6
710;4214 - JL. PANJANG PUNJUNG;2074,50368773000;0+300;0+400;sedang;beton;6
711;4214 - JL. PANJANG PUNJUNG;2074,50368773000;0+400;0+500;sedang;beton;6
712;4214 - JL. PANJANG PUNJUNG;2074,50368773000;0+500;0+600;sedang;beton;6
713;4214 - JL. PANJANG PUNJUNG;2074,50368773000;0+600;0+700;sedang;beton;6
714;4214 - JL. PANJANG PUNJUNG;2074,50368773000;0+700;0+800;sedang;beton;6
715;4214 - JL. PANJANG PUNJUNG;2074,50368773000;0+800;0+900;sedang;beton;6
716;4214 - JL. PANJANG PUNJUNG;2074,50368773000;0+900;1+000;sedang;beton;6
717;4214 - JL. PANJANG PUNJUNG;2074,50368773000;1+000;1+100;sedang;beton;6
718;4214 - JL. PANJANG PUNJUNG;2074,50368773000;1+100;1+200;sedang;beton;6
719;4214 - JL. PANJANG PUNJUNG;2074,50368773000;1+200;1+300;sedang;beton;6
720;4214 - JL. PANJANG PUNJUNG;2074,50368773000;1+300;1+400;sedang;beton;6
721;4214 - JL. PANJANG PUNJUNG;2074,50368773000;1+400;1+500;sedang;beton;6
722;4214 - JL. PANJANG PUNJUNG;2074,50368773000;1+500;1+600;sedang;beton;6
723;4214 - JL. PANJANG PUNJUNG;2074,50368773000;1+600;1+700;sedang;beton;6
724;4214 - JL. PANJANG PUNJUNG;2074,50368773000;1+700;1+800;sedang;beton;6
725;4214 - JL. PANJANG PUNJUNG;2074,50368773000;1+800;1+900;sedang;beton;6
726;4214 - JL. PANJANG PUNJUNG;2074,50368773000;2+000;2+074;sedang;beton;6
727;4215 - JL. GEMAH RIPAH;712,50898891000;0+000;0+100;sedang;beton;6
728;4215 - JL. GEMAH RIPAH;712,50898891000;0+100;0+200;sedang;beton;6
729;4215 - JL. GEMAH RIPAH;712,50898891000;0+200;0+300;sedang;beton;6
730;4215 - JL. GEMAH RIPAH;712,50898891000;0+300;0+400;sedang;beton;6
731;4215 - JL. GEMAH RIPAH;712,50898891000;0+400;0+500;sedang;beton;6
732;4215 - JL. GEMAH RIPAH;712,50898891000;0+500;0+600;sedang;beton;6
733;4215 - JL. GEMAH RIPAH;712,50898891000;0+700;0+712;sedang;beton;6
734;4216 - JL. SIDOASIH;361,34353677800;0+000;0+100;sedang;beton;6
735;4216 - JL. SIDOASIH;361,34353677800;0+100;0+200;sedang;beton;6
736;4216 - JL. SIDOASIH;361,34353677800;0+300;0+361;sedang;beton;6
737;4217 - JL. TEGAL ARUM;1552,15940249000;0+000;0+100;sedang;beton;6
738;4217 - JL. TEGAL ARUM;1552,15940249000;0+100;0+200;sedang;beton;6
739;4217 - JL. TEGAL ARUM;1552,15940249000;0+200;0+300;sedang;beton;6
740;4217 - JL. TEGAL ARUM;1552,15940249000;0+300;0+400;sedang;beton;6
741;4217 - JL. TEGAL ARUM;1552,15940249000;0+400;0+500;sedang;beton;6
742;4217 - JL. TEGAL ARUM;1552,15940249000;0+500;0+600;sedang;beton;6
743;4217 - JL. TEGAL ARUM;1552,15940249000;0+600;0+700;sedang;beton;6
744;4217 - JL. TEGAL ARUM;1552,15940249000;0+700;0+800;sedang;beton;6
745;4217 - JL. TEGAL ARUM;1552,15940249000;0+800;0+900;sedang;beton;6
746;4217 - JL. TEGAL ARUM;1552,15940249000;0+900;1+000;sedang;beton;6
747;4217 - JL. TEGAL ARUM;1552,15940249000;1+000;1+100;sedang;beton;6
748;4217 - JL. TEGAL ARUM;1552,15940249000;1+100;1+200;sedang;beton;6
749;4217 - JL. TEGAL ARUM;1552,15940249000;1+200;1+300;sedang;beton;6
750;4217 - JL. TEGAL ARUM;1552,15940249000;1+300;1+400;sedang;beton;6
751;4217 - JL. TEGAL ARUM;1552,15940249000;1+500;1+552;sedang;beton;6
752;4218 - JL. SIDOMUKTI;858,69791372800;0+000;0+100;sedang;beton;6
753;4218 - JL. SIDOMUKTI;858,69791372800;0+100;0+200;sedang;beton;6
754;4218 - JL. SIDOMUKTI;858,69791372800;0+200;0+300;sedang;beton;6
755;4218 - JL. SIDOMUKTI;858,69791372800;0+300;0+400;sedang;beton;6
756;4218 - JL. SIDOMUKTI;858,69791372800;0+400;0+500;sedang;beton;6
757;4218 - JL. SIDOMUKTI;858,69791372800;0+500;0+600;sedang;beton;6
758;4218 - JL. SIDOMUKTI;858,69791372800;0+600;0+700;sedang;beton;6
759;4218 - JL. SIDOMUKTI;858,69791372800;0+800;0+858;sedang;beton;6
760;4219 - JL. SIDOMULYO;748,63588736900;0+000;0+100;sedang;beton;6
761;4219 - JL. SIDOMULYO;748,63588736900;0+100;0+200;sedang;beton;6
762;4219 - JL. SIDOMULYO;748,63588736900;0+200;0+300;sedang;beton;6
763;4219 - JL. SIDOMULYO;748,63588736900;0+300;0+400;sedang;beton;6
764;4219 - JL. SIDOMULYO;748,63588736900;0+400;0+500;sedang;beton;6
765;4219 - JL. SIDOMULYO;748,63588736900;0+500;0+600;sedang;beton;6
766;4219 - JL. SIDOMULYO;748,63588736900;0+700;0+748;sedang;beton;6
767;4220 - JL. WAKIDUN;204,66535392100;0+000;0+100;sedang;beton;6
768;4220 - JL. WAKIDUN;204,66535392100;0+200;0+204;sedang;beton;6
769;4221 - JL. SIDO AGUNG;444,96372360100;0+000;0+100;sedang;beton;6
770;4221 - JL. SIDO AGUNG;444,96372360100;0+100;0+200;sedang;beton;6
771;4221 - JL. SIDO AGUNG;444,96372360100;0+200;0+300;sedang;beton;6
772;4221 - JL. SIDO AGUNG;444,96372360100;0+400;0+444;sedang;beton;6
773;4222 - JL. PASIR WUKIR;385,24984704800;0+000;0+100;sedang;beton;6
774;4222 - JL. PASIR WUKIR;385,24984704800;0+100;0+200;sedang;beton;6
775;4222 - JL. PASIR WUKIR;385,24984704800;0+300;0+385;sedang;beton;6
776;4223 - JL. TOTO TERTIB;413,51647972500;0+000;0+100;sedang;beton;6
777;4223 - JL. TOTO TERTIB;413,51647972500;0+100;0+200;sedang;beton;6
778;4223 - JL. TOTO TERTIB;413,51647972500;0+200;0+300;sedang;beton;6
779;4223 - JL. TOTO TERTIB;413,51647972500;0+400;0+413;sedang;beton;6
780;4224 - JL. BERBUDI;485,79429328200;0+000;0+100;sedang;beton;6
781;4224 - JL. BERBUDI;485,79429328200;0+100;0+200;RR;beton;6
782;4224 - JL. BERBUDI;485,79429328200;0+200;0+300;RR;beton;6
783;4224 - JL. BERBUDI;485,79429328200;0+400;0+485;RR;beton;6
784;4225 - JL. JUWET/SURO;434,43253240900;0+000;0+100;RR;beton;6
785;4225 - JL. JUWET/SURO;434,43253240900;0+100;0+200;RR;beton;6
786;4225 - JL. JUWET/SURO;434,43253240900;0+200;0+300;RR;beton;6
787;4225 - JL. JUWET/SURO;434,43253240900;0+400;0+434;RR;beton;6
788;4226 - JL. PUNDEN;622,27962137100;0+000;0+100;RR;beton;6
789;4226 - JL. PUNDEN;622,27962137100;0+100;0+200;RR;beton;6
790;4226 - JL. PUNDEN;622,27962137100;0+200;0+300;RR;beton;6
791;4226 - JL. PUNDEN;622,27962137100;0+300;0+400;RR;beton;6
792;4226 - JL. PUNDEN;622,27962137100;0+400;0+500;RR;beton;6
793;4226 - JL. PUNDEN;622,27962137100;0+600;0+622;RR;beton;6
794;4227 - JL. PERHUTANI;746,67467471800;0+000;0+100;RR;beton;6
795;4227 - JL. PERHUTANI;746,67467471800;0+100;0+200;RR;beton;6
796;4227 - JL. PERHUTANI;746,67467471800;0+200;0+300;RR;beton;6
797;4227 - JL. PERHUTANI;746,67467471800;0+300;0+400;RR;beton;6
798;4227 - JL. PERHUTANI;746,67467471800;0+400;0+500;RR;beton;6
799;4227 - JL. PERHUTANI;746,67467471800;0+500;0+600;RR;beton;6
800;4227 - JL. PERHUTANI;746,67467471800;0+700;0+746;RR;beton;6
801;4228 - JL. M.I. BUNGA BANGSA;725,51840692900;0+000;0+100;RR;beton;6
802;4228 - JL. M.I. BUNGA BANGSA;725,51840692900;0+100;0+200;RR;beton;6
803;4228 - JL. M.I. BUNGA BANGSA;725,51840692900;0+200;0+300;RR;beton;6
804;4228 - JL. M.I. BUNGA BANGSA;725,51840692900;0+300;0+400;RR;beton;6
805;4228 - JL. M.I. BUNGA BANGSA;725,51840692900;0+400;0+500;RR;beton;6
806;4228 - JL. M.I. BUNGA BANGSA;725,51840692900;0+500;0+600;RR;beton;6
807;4228 - JL. M.I. BUNGA BANGSA;725,51840692900;0+700;0+725;RR;beton;6
808;4229 - JL. M.I. FARHIN;834,95945907100;0+000;0+100;RR;beton;6
809;4229 - JL. M.I. FARHIN;834,95945907100;0+100;0+200;RR;beton;6
810;4229 - JL. M.I. FARHIN;834,95945907100;0+200;0+300;RR;beton;6
811;4229 - JL. M.I. FARHIN;834,95945907100;0+300;0+400;RR;beton;6
812;4229 - JL. M.I. FARHIN;834,95945907100;0+400;0+500;RR;beton;6
813;4229 - JL. M.I. FARHIN;834,95945907100;0+500;0+600;RR;beton;6
814;4229 - JL. M.I. FARHIN;834,95945907100;0+600;0+700;RR;beton;6
815;4229 - JL. M.I. FARHIN;834,95945907100;0+800;0+834;RR;beton;6
816;4230 - JL. WAHID HASYIM;2271,13715372000;0+000;0+100;RR;beton;6
817;4230 - JL. WAHID HASYIM;2271,13715372000;0+100;0+200;RR;beton;6
818;4230 - JL. WAHID HASYIM;2271,13715372000;0+200;0+300;RR;beton;6
819;4230 - JL. WAHID HASYIM;2271,13715372000;0+300;0+400;RR;beton;6
820;4230 - JL. WAHID HASYIM;2271,13715372000;0+400;0+500;RR;beton;6
821;4230 - JL. WAHID HASYIM;2271,13715372000;0+500;0+600;RR;beton;6
822;4230 - JL. WAHID HASYIM;2271,13715372000;0+600;0+700;RR;beton;6
823;4230 - JL. WAHID HASYIM;2271,13715372000;0+700;0+800;RR;beton;6
824;4230 - JL. WAHID HASYIM;2271,13715372000;0+800;0+900;RR;beton;6
825;4230 - JL. WAHID HASYIM;2271,13715372000;0+900;1+000;RR;beton;6
826;4230 - JL. WAHID HASYIM;2271,13715372000;1+000;1+100;RR;beton;6
827;4230 - JL. WAHID HASYIM;2271,13715372000;1+100;1+200;RR;beton;6
828;4230 - JL. WAHID HASYIM;2271,13715372000;1+200;1+300;RR;beton;6
829;4230 - JL. WAHID HASYIM;2271,13715372000;1+300;1+400;RR;beton;6
830;4230 - JL. WAHID HASYIM;2271,13715372000;1+400;1+500;RR;beton;6
831;4230 - JL. WAHID HASYIM;2271,13715372000;1+500;1+600;RR;beton;6
832;4230 - JL. WAHID HASYIM;2271,13715372000;1+600;1+700;RR;beton;6
833;4230 - JL. WAHID HASYIM;2271,13715372000;1+700;1+800;RR;beton;6
834;4230 - JL. WAHID HASYIM;2271,13715372000;1+800;1+900;RR;beton;6
835;4230 - JL. WAHID HASYIM;2271,13715372000;1+900;2+000;RR;beton;6
836;4230 - JL. WAHID HASYIM;2271,13715372000;2+000;2+100;RR;beton;6
837;4230 - JL. WAHID HASYIM;2271,13715372000;2+200;2+271;RR;beton;6
838;4231 - JL. COKRO AMINOTO;602,97421387100;0+000;0+100;RR;beton;6
839;4231 - JL. COKRO AMINOTO;602,97421387100;0+100;0+200;RR;beton;6
840;4231 - JL. COKRO AMINOTO;602,97421387100;0+200;0+300;RR;beton;6
841;4231 - JL. COKRO AMINOTO;602,97421387100;0+300;0+400;RR;beton;6
842;4231 - JL. COKRO AMINOTO;602,97421387100;0+400;0+500;RR;beton;6
843;4231 - JL. COKRO AMINOTO;602,97421387100;0+600;0+602;RR;beton;6
844;4232 - JL. TENGKU UMAR;844,32678304000;0+000;0+100;RR;beton;6
845;4232 - JL. TENGKU UMAR;844,32678304000;0+100;0+200;RR;beton;6
846;4232 - JL. TENGKU UMAR;844,32678304000;0+200;0+300;RR;beton;6
847;4232 - JL. TENGKU UMAR;844,32678304000;0+300;0+400;RR;beton;6
848;4232 - JL. TENGKU UMAR;844,32678304000;0+400;0+500;RR;beton;6
849;4232 - JL. TENGKU UMAR;844,32678304000;0+500;0+600;RR;beton;6
850;4232 - JL. TENGKU UMAR;844,32678304000;0+600;0+700;RR;beton;6
851;4232 - JL. TENGKU UMAR;844,32678304000;0+800;0+844;RR;beton;6
852;4233 - JL. SANDANG PANGAN;242,68323260700;0+000;0+100;RR;beton;6
853;4233 - JL. SANDANG PANGAN;242,68323260700;0+200;0+242;RR;beton;6
854;4234 - JL. TOTO TENTREM;508,59464834900;0+000;0+100;RR;beton;6
855;4234 - JL. TOTO TENTREM;508,59464834900;0+100;0+200;RR;beton;6
856;4234 - JL. TOTO TENTREM;508,59464834900;0+200;0+300;RR;beton;6
857;4234 - JL. TOTO TENTREM;508,59464834900;0+300;0+400;RR;beton;6
858;4234 - JL. TOTO TENTREM;508,59464834900;0+500;0+508;RR;beton;6
859;4235 - JL. LOHJINAWI;636,14806304800;0+000;0+100;RR;beton;6
860;4235 - JL. LOHJINAWI;636,14806304800;0+100;0+200;RR;beton;6
861;4235 - JL. LOHJINAWI;636,14806304800;0+200;0+300;RR;beton;6
862;4235 - JL. LOHJINAWI;636,14806304800;0+300;0+400;RR;beton;6
863;4235 - JL. LOHJINAWI;636,14806304800;0+400;0+500;RR;beton;6
864;4235 - JL. LOHJINAWI;636,14806304800;0+600;0+636;RR;beton;6
865;4236 - JL. SANGGRAHAN;863,08723822400;0+000;0+100;RR;beton;6
866;4236 - JL. SANGGRAHAN;863,08723822400;0+100;0+200;RR;beton;6
867;4236 - JL. SANGGRAHAN;863,08723822400;0+200;0+300;RR;beton;6
868;4236 - JL. SANGGRAHAN;863,08723822400;0+300;0+400;RR;beton;6
869;4236 - JL. SANGGRAHAN;863,08723822400;0+400;0+500;RR;beton;6
870;4236 - JL. SANGGRAHAN;863,08723822400;0+500;0+600;RR;beton;6
871;4236 - JL. SANGGRAHAN;863,08723822400;0+600;0+700;RR;beton;6
872;4236 - JL. SANGGRAHAN;863,08723822400;0+800;0+863;RR;beton;6
873;4237 - JL. LAPANGAN BERAN;425,09622046500;0+000;0+100;RR;beton;6
874;4237 - JL. LAPANGAN BERAN;425,09622046500;0+100;0+200;RR;beton;6
875;4237 - JL. LAPANGAN BERAN;425,09622046500;0+200;0+300;RR;beton;6
876;4237 - JL. LAPANGAN BERAN;425,09622046500;0+400;0+425;RR;beton;6
877;4238 - JL. TEGAL ASRI;1210,69022402000;0+000;0+100;RR;beton;6
878;4238 - JL. TEGAL ASRI;1210,69022402000;0+100;0+200;RR;beton;6
879;4238 - JL. TEGAL ASRI;1210,69022402000;0+200;0+300;RR;beton;6
880;4238 - JL. TEGAL ASRI;1210,69022402000;0+300;0+400;RR;beton;6
881;4238 - JL. TEGAL ASRI;1210,69022402000;0+400;0+500;RR;beton;6
882;4238 - JL. TEGAL ASRI;1210,69022402000;0+500;0+600;RR;beton;6
883;4238 - JL. TEGAL ASRI;1210,69022402000;0+600;0+700;RR;beton;6
884;4238 - JL. TEGAL ASRI;1210,69022402000;0+700;0+800;RR;beton;6
885;4238 - JL. TEGAL ASRI;1210,69022402000;0+800;0+900;RR;beton;6
886;4238 - JL. TEGAL ASRI;1210,69022402000;0+900;1+000;RR;beton;6
887;4238 - JL. TEGAL ASRI;1210,69022402000;1+000;1+100;RR;beton;6
888;4238 - JL. TEGAL ASRI;1210,69022402000;1+200;1+210;RR;beton;6
889;4239 - JL. MONTIKAN;1105,38157050000;0+000;0+100;RR;beton;6
890;4239 - JL. MONTIKAN;1105,38157050000;0+100;0+200;RR;beton;6
891;4239 - JL. MONTIKAN;1105,38157050000;0+200;0+300;RR;beton;6
892;4239 - JL. MONTIKAN;1105,38157050000;0+300;0+400;RR;beton;6
893;4239 - JL. MONTIKAN;1105,38157050000;0+400;0+500;RR;beton;6
894;4239 - JL. MONTIKAN;1105,38157050000;0+500;0+600;RR;beton;6
895;4239 - JL. MONTIKAN;1105,38157050000;0+600;0+700;RR;beton;6
896;4239 - JL. MONTIKAN;1105,38157050000;0+700;0+800;RR;beton;6
897;4239 - JL. MONTIKAN;1105,38157050000;0+800;0+900;RR;beton;6
898;4239 - JL. MONTIKAN;1105,38157050000;0+900;1+000;RR;beton;6
899;4239 - JL. MONTIKAN;1105,38157050000;1+100;1+105;RR;beton;6
900;4240 - JL. DIPONEGORO;773,58497002300;0+000;0+100;RR;beton;6
901;4240 - JL. DIPONEGORO;773,58497002300;0+100;0+200;RR;beton;6
902;4240 - JL. DIPONEGORO;773,58497002300;0+200;0+300;RR;beton;6
903;4240 - JL. DIPONEGORO;773,58497002300;0+300;0+400;RR;beton;6
904;4240 - JL. DIPONEGORO;773,58497002300;0+400;0+500;RR;beton;6
905;4240 - JL. DIPONEGORO;773,58497002300;0+500;0+600;RR;beton;6
906;4240 - JL. DIPONEGORO;773,58497002300;0+700;0+773;RR;beton;6
907;4241 - JL. RADEN PATAH;315,44661654300;0+000;0+100;RR;beton;6
908;4241 - JL. RADEN PATAH;315,44661654300;0+100;0+200;RR;beton;6
909;4241 - JL. RADEN PATAH;315,44661654300;0+300;0+315;RR;beton;6
910;4242 - JL. K.H. MOJO I;413,39363302100;0+000;0+100;RR;beton;6
911;4242 - JL. K.H. MOJO I;413,39363302100;0+100;0+200;RR;beton;6
912;4242 - JL. K.H. MOJO I;413,39363302100;0+200;0+300;RR;beton;6
913;4242 - JL. K.H. MOJO I;413,39363302100;0+400;0+413;RR;beton;6
914;4243 - JL. K.H. MOJO II;270,69605066900;0+000;0+100;RR;beton;6
915;4243 - JL. K.H. MOJO II;270,69605066900;0+200;0+270;RR;beton;6
916;4244 - JL. AGUS SALIM;1497,33011671000;0+000;0+100;RR;beton;6
917;4244 - JL. AGUS SALIM;1497,33011671000;0+100;0+200;RR;beton;6
918;4244 - JL. AGUS SALIM;1497,33011671000;0+200;0+300;RR;beton;6
919;4244 - JL. AGUS SALIM;1497,33011671000;0+300;0+400;RR;beton;6
920;4244 - JL. AGUS SALIM;1497,33011671000;0+400;0+500;RR;beton;6
921;4244 - JL. AGUS SALIM;1497,33011671000;0+500;0+600;RR;beton;6
922;4244 - JL. AGUS SALIM;1497,33011671000;0+600;0+700;RR;beton;6
923;4244 - JL. AGUS SALIM;1497,33011671000;0+700;0+800;RR;beton;6
924;4244 - JL. AGUS SALIM;1497,33011671000;0+800;0+900;RR;beton;6
925;4244 - JL. AGUS SALIM;1497,33011671000;0+900;1+000;RR;beton;7
926;4244 - JL. AGUS SALIM;1497,33011671000;1+000;1+100;RR;beton;7
927;4244 - JL. AGUS SALIM;1497,33011671000;1+100;1+200;RR;beton;7
928;4244 - JL. AGUS SALIM;1497,33011671000;1+200;1+300;RR;beton;7
929;4244 - JL. AGUS SALIM;1497,33011671000;1+400;1+497;RR;beton;7
930;4245 - JL. MELATI;357,98665952100;0+000;0+100;RR;beton;7
931;4245 - JL. MELATI;357,98665952100;0+100;0+200;RR;beton;7
932;4245 - JL. MELATI;357,98665952100;0+300;0+357;RR;beton;7
933;4246 - JL. MENUR;613,40238051800;0+000;0+100;RR;beton;7
934;4246 - JL. MENUR;613,40238051800;0+100;0+200;RR;beton;7
935;4246 - JL. MENUR;613,40238051800;0+200;0+300;RR;beton;7
936;4246 - JL. MENUR;613,40238051800;0+300;0+400;RR;beton;7
937;4246 - JL. MENUR;613,40238051800;0+400;0+500;RR;beton;7
938;4246 - JL. MENUR;613,40238051800;0+600;0+613;RR;beton;7
939;4247 - JL. NOGO;1240,61743196000;0+000;0+100;RR;beton;7
940;4247 - JL. NOGO;1240,61743196000;0+100;0+200;RR;beton;7
941;4247 - JL. NOGO;1240,61743196000;0+200;0+300;RR;beton;7
942;4247 - JL. NOGO;1240,61743196000;0+300;0+400;RR;beton;7
943;4247 - JL. NOGO;1240,61743196000;0+400;0+500;RR;beton;7
944;4247 - JL. NOGO;1240,61743196000;0+500;0+600;RR;beton;7
945;4247 - JL. NOGO;1240,61743196000;0+600;0+700;RR;beton;7
946;4247 - JL. NOGO;1240,61743196000;0+700;0+800;RR;beton;7
947;4247 - JL. NOGO;1240,61743196000;0+800;0+900;RR;beton;7
948;4247 - JL. NOGO;1240,61743196000;0+900;1+000;RR;beton;7
949;4247 - JL. NOGO;1240,61743196000;1+000;1+100;RR;beton;7
950;4247 - JL. NOGO;1240,61743196000;1+200;1+240;RR;beton;7
951;4248 - JL. SAUR;782,66877475000;0+000;0+100;RR;beton;7
952;4248 - JL. SAUR;782,66877475000;0+100;0+200;RR;beton;7
953;4248 - JL. SAUR;782,66877475000;0+200;0+300;RR;beton;7
954;4248 - JL. SAUR;782,66877475000;0+300;0+400;RR;beton;7
955;4248 - JL. SAUR;782,66877475000;0+400;0+500;RR;beton;7
956;4248 - JL. SAUR;782,66877475000;0+500;0+600;RR;beton;7
957;4248 - JL. SAUR;782,66877475000;0+700;0+782;RR;beton;7
958;4301 - JL. SUMBERMORO;499,51708759100;0+000;0+100;RR;beton;7
959;4301 - JL. SUMBERMORO;499,51708759100;0+100;0+200;RR;beton;7
960;4301 - JL. SUMBERMORO;499,51708759100;0+200;0+300;RR;beton;7
961;4301 - JL. SUMBERMORO;499,51708759100;0+400;0+499;RR;beton;7
962;4302 - JL. SUMBERSAKTI;242,39656392800;0+000;0+100;RR;beton;7
963;4302 - JL. SUMBERSAKTI;242,39656392800;0+200;0+242;RR;beton;7
964;4303 - JL. KARYAWAN;383,00097081800;0+000;0+100;RR;beton;7
965;4303 - JL. KARYAWAN;383,00097081800;0+100;0+200;RR;beton;7
966;4303 - JL. KARYAWAN;383,00097081800;0+300;0+383;RR;beton;7
967;4304 - JL. SUMBER MAS;323,47411211600;0+000;0+100;RR;beton;7
968;4304 - JL. SUMBER MAS;323,47411211600;0+100;0+200;RR;beton;7
969;4304 - JL. SUMBER MAS;323,47411211600;0+300;0+323;RR;beton;7
970;4305 - JL. SENDANG BEJI;326,79403212500;0+000;0+100;RR;beton;7
971;4305 - JL. SENDANG BEJI;326,79403212500;0+100;0+200;RR;beton;7
972;4305 - JL. SENDANG BEJI;326,79403212500;0+300;0+326;RR;beton;7
973;4306 - JL. BRANJANGAN I/B;258,10697930000;0+000;0+100;RR;beton;7
974;4306 - JL. BRANJANGAN I/B;258,10697930000;0+200;0+258;RR;beton;7
975;4307 - JL. BRANJANGAN I;326,90905547000;0+000;0+100;RR;beton;7
976;4307 - JL. BRANJANGAN I;326,90905547000;0+100;0+200;RR;beton;7
977;4307 - JL. BRANJANGAN I;326,90905547000;0+300;0+326;RR;beton;7
978;4308 - JL. SETYA RUKUN;499,86503043400;0+000;0+100;RR;beton;7
979;4308 - JL. SETYA RUKUN;499,86503043400;0+100;0+200;RR;beton;7
980;4308 - JL. SETYA RUKUN;499,86503043400;0+200;0+300;RR;beton;7
981;4308 - JL. SETYA RUKUN;499,86503043400;0+400;0+499;RR;beton;7
982;4309 - JL. SERBA GUNA;187,76493032000;0+000;0+100;RR;beton;7
983;4310 - JL. EKA BHAKTI;736,05812977500;0+000;0+100;RR;beton;7
984;4310 - JL. EKA BHAKTI;736,05812977500;0+100;0+200;RR;beton;7
985;4310 - JL. EKA BHAKTI;736,05812977500;0+200;0+300;RR;beton;7
986;4310 - JL. EKA BHAKTI;736,05812977500;0+300;0+400;RR;beton;7
987;4310 - JL. EKA BHAKTI;736,05812977500;0+400;0+500;RR;beton;7
988;4310 - JL. EKA BHAKTI;736,05812977500;0+500;0+600;RR;beton;7
989;4310 - JL. EKA BHAKTI;736,05812977500;0+700;0+736;RR;beton;7
990;4311 - JL. SWAKARYA;317,36517683600;0+000;0+100;RR;beton;7
991;4311 - JL. SWAKARYA;317,36517683600;0+100;0+200;RR;beton;7
992;4311 - JL. SWAKARYA;317,36517683600;0+300;0+317;RR;beton;7
993;4312 - JL. SWANARDIPA;194,83354163100;0+000;0+100;RR;beton;7
994;4313 - JL. SWASEMBADA;263,43414567200;0+000;0+100;RR;beton;7
995;4313 - JL. SWASEMBADA;263,43414567200;0+200;0+263;RR;beton;7
996;4314 - JL. KANAL TIMUR;1094,12449977000;0+000;0+100;RR;beton;7
997;4314 - JL. KANAL TIMUR;1094,12449977000;0+100;0+200;RR;beton;7
998;4314 - JL. KANAL TIMUR;1094,12449977000;0+200;0+300;RR;beton;7
999;4314 - JL. KANAL TIMUR;1094,12449977000;0+300;0+400;RR;beton;7
1000;4314 - JL. KANAL TIMUR;1094,12449977000;0+400;0+500;RR;beton;7
1001;4314 - JL. KANAL TIMUR;1094,12449977000;0+500;0+600;RR;beton;7
1002;4314 - JL. KANAL TIMUR;1094,12449977000;0+600;0+700;RR;beton;7
1003;4314 - JL. KANAL TIMUR;1094,12449977000;0+700;0+800;RR;beton;7
1004;4314 - JL. KANAL TIMUR;1094,12449977000;0+800;0+900;RR;beton;7
1005;4314 - JL. KANAL TIMUR;1094,12449977000;1+000;1+094;RR;beton;7
1006;4315 - JL. SETYA DARMA;667,64032957900;0+000;0+100;RR;beton;7
1007;4315 - JL. SETYA DARMA;667,64032957900;0+100;0+200;RR;beton;7
1008;4315 - JL. SETYA DARMA;667,64032957900;0+200;0+300;RR;beton;7
1009;4315 - JL. SETYA DARMA;667,64032957900;0+300;0+400;RR;beton;7
1010;4315 - JL. SETYA DARMA;667,64032957900;0+400;0+500;RR;beton;7
1011;4315 - JL. SETYA DARMA;667,64032957900;0+600;0+667;RR;beton;7
1012;4064 - JL. CAKRANINGRAT;1026,70045281000;0+000;0+100;RR;beton;7
1013;4064 - JL. CAKRANINGRAT;1026,70045281000;0+100;0+200;RR;beton;7
1014;4064 - JL. CAKRANINGRAT;1026,70045281000;0+200;0+300;RR;beton;7
1015;4064 - JL. CAKRANINGRAT;1026,70045281000;0+300;0+400;RR;beton;7
1016;4064 - JL. CAKRANINGRAT;1026,70045281000;0+400;0+500;RR;beton;7
1017;4064 - JL. CAKRANINGRAT;1026,70045281000;0+500;0+600;RR;beton;7
1018;4064 - JL. CAKRANINGRAT;1026,70045281000;0+600;0+700;RR;beton;7
1019;4064 - JL. CAKRANINGRAT;1026,70045281000;0+700;0+800;RR;beton;7
1020;4064 - JL. CAKRANINGRAT;1026,70045281000;0+800;0+900;RR;beton;7
1021;4064 - JL. CAKRANINGRAT;1026,70045281000;0+900;1+000;RR;beton;7
1022;4064 - JL. CAKRANINGRAT;1026,70045281000;1+000;1+026;RR;beton;7
1023;4070 - JL. WIBOWO;414,18724081800;0+300;0+400;RR;beton;7
1024;4070 - JL. WIBOWO;414,18724081800;0+000;0+100;RR;beton;7
1025;4070 - JL. WIBOWO;414,18724081800;0+100;0+200;RR;beton;7
1026;4070 - JL. WIBOWO;414,18724081800;0+200;0+300;RR;beton;7
1027;4070 - JL. WIBOWO;414,18724081800;0+400;0+414;RR;beton;7
1028;4093 - JL. CEMPAKA I;62,05164132760;0+000;0+062;RR;beton;7
1029;4066 - JL. MERPATI (BALEREJO);576,29479937600;0+000;0+100;RR;beton;7
1030;4066 - JL. MERPATI (BALEREJO);576,29479937600;0+100;0+200;RR;beton;7
1031;4066 - JL. MERPATI (BALEREJO);576,29479937600;0+200;0+300;RR;beton;7
1032;4066 - JL. MERPATI (BALEREJO);576,29479937600;0+300;0+400;RR;beton;7
1033;4066 - JL. MERPATI (BALEREJO);576,29479937600;0+400;0+500;RR;beton;7
1034;4066 - JL. MERPATI (BALEREJO);576,29479937600;0+500;0+576;RR;beton;7
